Split,Accuracy,TrainEvents,TestEvents
1,0.9230769230769231,7,3
2,0.9230769230769231,7,3
3,0.9230769230769231,7,3
4,0.9230769230769231,7,3
5,0.9230769230769231,7,3
