Event,Detector,WindowType,SampleType
151008-v1,L1,ON,REAL_ON
151008-v1,L1,OFF1,REAL_OFF
151008-v1,L1,OFF2,REAL_OFF
151008-v1,L1,NULL_PHASE,NULL_PHASE
151008-v1,L1,NULL_PHASE,NULL_PHASE
151008-v1,L1,NULL_PHASE,NULL_PHASE
151008-v1,L1,NULL_PHASE,NULL_PHASE
151008-v1,L1,NULL_PHASE,NULL_PHASE
151008-v1,L1,NULL_SHUFFLE,NULL_SHUFFLE
151008-v1,L1,NULL_SHUFFLE,NULL_SHUFFLE
151008-v1,L1,NULL_SHUFFLE,NULL_SHUFFLE
151008-v1,L1,NULL_SHUFFLE,NULL_SHUFFLE
151008-v1,L1,NULL_SHUFFLE,NULL_SHUFFLE
151012.2-v1,H1,ON,REAL_ON
151012.2-v1,H1,OFF1,REAL_OFF
151012.2-v1,H1,OFF2,REAL_OFF
151012.2-v1,H1,NULL_PHASE,NULL_PHASE
151012.2-v1,H1,NULL_PHASE,NULL_PHASE
151012.2-v1,H1,NULL_PHASE,NULL_PHASE
151012.2-v1,H1,NULL_PHASE,NULL_PHASE
151012.2-v1,H1,NULL_PHASE,NULL_PHASE
151012.2-v1,H1,NULL_SHUFFLE,NULL_SHUFFLE
151012.2-v1,H1,NULL_SHUFFLE,NULL_SHUFFLE
151012.2-v1,H1,NULL_SHUFFLE,NULL_SHUFFLE
151012.2-v1,H1,NULL_SHUFFLE,NULL_SHUFFLE
151012.2-v1,H1,NULL_SHUFFLE,NULL_SHUFFLE
151012.2-v1,L1,ON,REAL_ON
151012.2-v1,L1,OFF1,REAL_OFF
151012.2-v1,L1,OFF2,REAL_OFF
151012.2-v1,L1,NULL_PHASE,NULL_PHASE
151012.2-v1,L1,NULL_PHASE,NULL_PHASE
151012.2-v1,L1,NULL_PHASE,NULL_PHASE
151012.2-v1,L1,NULL_PHASE,NULL_PHASE
151012.2-v1,L1,NULL_PHASE,NULL_PHASE
151012.2-v1,L1,NULL_SHUFFLE,NULL_SHUFFLE
151012.2-v1,L1,NULL_SHUFFLE,NULL_SHUFFLE
151012.2-v1,L1,NULL_SHUFFLE,NULL_SHUFFLE
151012.2-v1,L1,NULL_SHUFFLE,NULL_SHUFFLE
151012.2-v1,L1,NULL_SHUFFLE,NULL_SHUFFLE
151116-v1,H1,ON,REAL_ON
151116-v1,H1,OFF1,REAL_OFF
151116-v1,H1,OFF2,REAL_OFF
151116-v1,H1,NULL_PHASE,NULL_PHASE
151116-v1,H1,NULL_PHASE,NULL_PHASE
151116-v1,H1,NULL_PHASE,NULL_PHASE
151116-v1,H1,NULL_PHASE,NULL_PHASE
151116-v1,H1,NULL_PHASE,NULL_PHASE
151116-v1,H1,NULL_SHUFFLE,NULL_SHUFFLE
151116-v1,H1,NULL_SHUFFLE,NULL_SHUFFLE
151116-v1,H1,NULL_SHUFFLE,NULL_SHUFFLE
151116-v1,H1,NULL_SHUFFLE,NULL_SHUFFLE
151116-v1,H1,NULL_SHUFFLE,NULL_SHUFFLE
151116-v1,L1,ON,REAL_ON
151116-v1,L1,OFF1,REAL_OFF
151116-v1,L1,OFF2,REAL_OFF
151116-v1,L1,NULL_PHASE,NULL_PHASE
151116-v1,L1,NULL_PHASE,NULL_PHASE
151116-v1,L1,NULL_PHASE,NULL_PHASE
151116-v1,L1,NULL_PHASE,NULL_PHASE
151116-v1,L1,NULL_PHASE,NULL_PHASE
151116-v1,L1,NULL_SHUFFLE,NULL_SHUFFLE
151116-v1,L1,NULL_SHUFFLE,NULL_SHUFFLE
151116-v1,L1,NULL_SHUFFLE,NULL_SHUFFLE
151116-v1,L1,NULL_SHUFFLE,NULL_SHUFFLE
151116-v1,L1,NULL_SHUFFLE,NULL_SHUFFLE
161202-v1,H1,ON,REAL_ON
161202-v1,H1,OFF1,REAL_OFF
161202-v1,H1,OFF2,REAL_OFF
161202-v1,H1,NULL_PHASE,NULL_PHASE
161202-v1,H1,NULL_PHASE,NULL_PHASE
161202-v1,H1,NULL_PHASE,NULL_PHASE
161202-v1,H1,NULL_PHASE,NULL_PHASE
161202-v1,H1,NULL_PHASE,NULL_PHASE
161202-v1,H1,NULL_SHUFFLE,NULL_SHUFFLE
161202-v1,H1,NULL_SHUFFLE,NULL_SHUFFLE
161202-v1,H1,NULL_SHUFFLE,NULL_SHUFFLE
161202-v1,H1,NULL_SHUFFLE,NULL_SHUFFLE
161202-v1,H1,NULL_SHUFFLE,NULL_SHUFFLE
161202-v1,L1,ON,REAL_ON
161202-v1,L1,OFF1,REAL_OFF
161202-v1,L1,OFF2,REAL_OFF
161202-v1,L1,NULL_PHASE,NULL_PHASE
161202-v1,L1,NULL_PHASE,NULL_PHASE
161202-v1,L1,NULL_PHASE,NULL_PHASE
161202-v1,L1,NULL_PHASE,NULL_PHASE
161202-v1,L1,NULL_PHASE,NULL_PHASE
161202-v1,L1,NULL_SHUFFLE,NULL_SHUFFLE
161202-v1,L1,NULL_SHUFFLE,NULL_SHUFFLE
161202-v1,L1,NULL_SHUFFLE,NULL_SHUFFLE
161202-v1,L1,NULL_SHUFFLE,NULL_SHUFFLE
161202-v1,L1,NULL_SHUFFLE,NULL_SHUFFLE
161217-v1,H1,ON,REAL_ON
161217-v1,H1,OFF1,REAL_OFF
161217-v1,H1,OFF2,REAL_OFF
161217-v1,H1,NULL_PHASE,NULL_PHASE
161217-v1,H1,NULL_PHASE,NULL_PHASE
161217-v1,H1,NULL_PHASE,NULL_PHASE
161217-v1,H1,NULL_PHASE,NULL_PHASE
161217-v1,H1,NULL_PHASE,NULL_PHASE
161217-v1,H1,NULL_SHUFFLE,NULL_SHUFFLE
161217-v1,H1,NULL_SHUFFLE,NULL_SHUFFLE
161217-v1,H1,NULL_SHUFFLE,NULL_SHUFFLE
161217-v1,H1,NULL_SHUFFLE,NULL_SHUFFLE
161217-v1,H1,NULL_SHUFFLE,NULL_SHUFFLE
161217-v1,L1,ON,REAL_ON
161217-v1,L1,OFF1,REAL_OFF
161217-v1,L1,OFF2,REAL_OFF
161217-v1,L1,NULL_PHASE,NULL_PHASE
161217-v1,L1,NULL_PHASE,NULL_PHASE
161217-v1,L1,NULL_PHASE,NULL_PHASE
161217-v1,L1,NULL_PHASE,NULL_PHASE
161217-v1,L1,NULL_PHASE,NULL_PHASE
161217-v1,L1,NULL_SHUFFLE,NULL_SHUFFLE
161217-v1,L1,NULL_SHUFFLE,NULL_SHUFFLE
161217-v1,L1,NULL_SHUFFLE,NULL_SHUFFLE
161217-v1,L1,NULL_SHUFFLE,NULL_SHUFFLE
161217-v1,L1,NULL_SHUFFLE,NULL_SHUFFLE
170208-v1,H1,ON,REAL_ON
170208-v1,H1,OFF1,REAL_OFF
170208-v1,H1,OFF2,REAL_OFF
170208-v1,H1,NULL_PHASE,NULL_PHASE
170208-v1,H1,NULL_PHASE,NULL_PHASE
170208-v1,H1,NULL_PHASE,NULL_PHASE
170208-v1,H1,NULL_PHASE,NULL_PHASE
170208-v1,H1,NULL_PHASE,NULL_PHASE
170208-v1,H1,NULL_SHUFFLE,NULL_SHUFFLE
170208-v1,H1,NULL_SHUFFLE,NULL_SHUFFLE
170208-v1,H1,NULL_SHUFFLE,NULL_SHUFFLE
170208-v1,H1,NULL_SHUFFLE,NULL_SHUFFLE
170208-v1,H1,NULL_SHUFFLE,NULL_SHUFFLE
170208-v1,L1,ON,REAL_ON
170208-v1,L1,OFF1,REAL_OFF
170208-v1,L1,OFF2,REAL_OFF
170208-v1,L1,NULL_PHASE,NULL_PHASE
170208-v1,L1,NULL_PHASE,NULL_PHASE
170208-v1,L1,NULL_PHASE,NULL_PHASE
170208-v1,L1,NULL_PHASE,NULL_PHASE
170208-v1,L1,NULL_PHASE,NULL_PHASE
170208-v1,L1,NULL_SHUFFLE,NULL_SHUFFLE
170208-v1,L1,NULL_SHUFFLE,NULL_SHUFFLE
170208-v1,L1,NULL_SHUFFLE,NULL_SHUFFLE
170208-v1,L1,NULL_SHUFFLE,NULL_SHUFFLE
170208-v1,L1,NULL_SHUFFLE,NULL_SHUFFLE
170219-v1,H1,ON,REAL_ON
170219-v1,H1,OFF1,REAL_OFF
170219-v1,H1,OFF2,REAL_OFF
170219-v1,H1,NULL_PHASE,NULL_PHASE
170219-v1,H1,NULL_PHASE,NULL_PHASE
170219-v1,H1,NULL_PHASE,NULL_PHASE
170219-v1,H1,NULL_PHASE,NULL_PHASE
170219-v1,H1,NULL_PHASE,NULL_PHASE
170219-v1,H1,NULL_SHUFFLE,NULL_SHUFFLE
170219-v1,H1,NULL_SHUFFLE,NULL_SHUFFLE
170219-v1,H1,NULL_SHUFFLE,NULL_SHUFFLE
170219-v1,H1,NULL_SHUFFLE,NULL_SHUFFLE
170219-v1,H1,NULL_SHUFFLE,NULL_SHUFFLE
170219-v1,L1,ON,REAL_ON
170219-v1,L1,OFF1,REAL_OFF
170219-v1,L1,OFF2,REAL_OFF
170219-v1,L1,NULL_PHASE,NULL_PHASE
170219-v1,L1,NULL_PHASE,NULL_PHASE
170219-v1,L1,NULL_PHASE,NULL_PHASE
170219-v1,L1,NULL_PHASE,NULL_PHASE
170219-v1,L1,NULL_PHASE,NULL_PHASE
170219-v1,L1,NULL_SHUFFLE,NULL_SHUFFLE
170219-v1,L1,NULL_SHUFFLE,NULL_SHUFFLE
170219-v1,L1,NULL_SHUFFLE,NULL_SHUFFLE
170219-v1,L1,NULL_SHUFFLE,NULL_SHUFFLE
170219-v1,L1,NULL_SHUFFLE,NULL_SHUFFLE
170405-v1,H1,ON,REAL_ON
170405-v1,H1,OFF1,REAL_OFF
170405-v1,H1,OFF2,REAL_OFF
170405-v1,H1,NULL_PHASE,NULL_PHASE
170405-v1,H1,NULL_PHASE,NULL_PHASE
170405-v1,H1,NULL_PHASE,NULL_PHASE
170405-v1,H1,NULL_PHASE,NULL_PHASE
170405-v1,H1,NULL_PHASE,NULL_PHASE
170405-v1,H1,NULL_SHUFFLE,NULL_SHUFFLE
170405-v1,H1,NULL_SHUFFLE,NULL_SHUFFLE
170405-v1,H1,NULL_SHUFFLE,NULL_SHUFFLE
170405-v1,H1,NULL_SHUFFLE,NULL_SHUFFLE
170405-v1,H1,NULL_SHUFFLE,NULL_SHUFFLE
170412-v1,H1,ON,REAL_ON
170412-v1,H1,OFF1,REAL_OFF
170412-v1,H1,OFF2,REAL_OFF
170412-v1,H1,NULL_PHASE,NULL_PHASE
170412-v1,H1,NULL_PHASE,NULL_PHASE
170412-v1,H1,NULL_PHASE,NULL_PHASE
170412-v1,H1,NULL_PHASE,NULL_PHASE
170412-v1,H1,NULL_PHASE,NULL_PHASE
170412-v1,H1,NULL_SHUFFLE,NULL_SHUFFLE
170412-v1,H1,NULL_SHUFFLE,NULL_SHUFFLE
170412-v1,H1,NULL_SHUFFLE,NULL_SHUFFLE
170412-v1,H1,NULL_SHUFFLE,NULL_SHUFFLE
170412-v1,H1,NULL_SHUFFLE,NULL_SHUFFLE
170412-v1,L1,ON,REAL_ON
170412-v1,L1,OFF1,REAL_OFF
170412-v1,L1,OFF2,REAL_OFF
170412-v1,L1,NULL_PHASE,NULL_PHASE
170412-v1,L1,NULL_PHASE,NULL_PHASE
170412-v1,L1,NULL_PHASE,NULL_PHASE
170412-v1,L1,NULL_PHASE,NULL_PHASE
170412-v1,L1,NULL_PHASE,NULL_PHASE
170412-v1,L1,NULL_SHUFFLE,NULL_SHUFFLE
170412-v1,L1,NULL_SHUFFLE,NULL_SHUFFLE
170412-v1,L1,NULL_SHUFFLE,NULL_SHUFFLE
170412-v1,L1,NULL_SHUFFLE,NULL_SHUFFLE
170412-v1,L1,NULL_SHUFFLE,NULL_SHUFFLE
170423-v1,L1,ON,REAL_ON
170423-v1,L1,OFF1,REAL_OFF
170423-v1,L1,OFF2,REAL_OFF
170423-v1,L1,NULL_PHASE,NULL_PHASE
170423-v1,L1,NULL_PHASE,NULL_PHASE
170423-v1,L1,NULL_PHASE,NULL_PHASE
170423-v1,L1,NULL_PHASE,NULL_PHASE
170423-v1,L1,NULL_PHASE,NULL_PHASE
170423-v1,L1,NULL_SHUFFLE,NULL_SHUFFLE
170423-v1,L1,NULL_SHUFFLE,NULL_SHUFFLE
170423-v1,L1,NULL_SHUFFLE,NULL_SHUFFLE
170423-v1,L1,NULL_SHUFFLE,NULL_SHUFFLE
170423-v1,L1,NULL_SHUFFLE,NULL_SHUFFLE
170616-v1,H1,ON,REAL_ON
170616-v1,H1,OFF1,REAL_OFF
170616-v1,H1,OFF2,REAL_OFF
170616-v1,H1,NULL_PHASE,NULL_PHASE
170616-v1,H1,NULL_PHASE,NULL_PHASE
170616-v1,H1,NULL_PHASE,NULL_PHASE
170616-v1,H1,NULL_PHASE,NULL_PHASE
170616-v1,H1,NULL_PHASE,NULL_PHASE
170616-v1,H1,NULL_SHUFFLE,NULL_SHUFFLE
170616-v1,H1,NULL_SHUFFLE,NULL_SHUFFLE
170616-v1,H1,NULL_SHUFFLE,NULL_SHUFFLE
170616-v1,H1,NULL_SHUFFLE,NULL_SHUFFLE
170616-v1,H1,NULL_SHUFFLE,NULL_SHUFFLE
170616-v1,L1,ON,REAL_ON
170616-v1,L1,OFF1,REAL_OFF
170616-v1,L1,OFF2,REAL_OFF
170616-v1,L1,NULL_PHASE,NULL_PHASE
170616-v1,L1,NULL_PHASE,NULL_PHASE
170616-v1,L1,NULL_PHASE,NULL_PHASE
170616-v1,L1,NULL_PHASE,NULL_PHASE
170616-v1,L1,NULL_PHASE,NULL_PHASE
170616-v1,L1,NULL_SHUFFLE,NULL_SHUFFLE
170616-v1,L1,NULL_SHUFFLE,NULL_SHUFFLE
170616-v1,L1,NULL_SHUFFLE,NULL_SHUFFLE
170616-v1,L1,NULL_SHUFFLE,NULL_SHUFFLE
170616-v1,L1,NULL_SHUFFLE,NULL_SHUFFLE
170630-v1,H1,ON,REAL_ON
170630-v1,H1,OFF1,REAL_OFF
170630-v1,H1,OFF2,REAL_OFF
170630-v1,H1,NULL_PHASE,NULL_PHASE
170630-v1,H1,NULL_PHASE,NULL_PHASE
170630-v1,H1,NULL_PHASE,NULL_PHASE
170630-v1,H1,NULL_PHASE,NULL_PHASE
170630-v1,H1,NULL_PHASE,NULL_PHASE
170630-v1,H1,NULL_SHUFFLE,NULL_SHUFFLE
170630-v1,H1,NULL_SHUFFLE,NULL_SHUFFLE
170630-v1,H1,NULL_SHUFFLE,NULL_SHUFFLE
170630-v1,H1,NULL_SHUFFLE,NULL_SHUFFLE
170630-v1,H1,NULL_SHUFFLE,NULL_SHUFFLE
170630-v1,L1,ON,REAL_ON
170630-v1,L1,OFF1,REAL_OFF
170630-v1,L1,OFF2,REAL_OFF
170630-v1,L1,NULL_PHASE,NULL_PHASE
170630-v1,L1,NULL_PHASE,NULL_PHASE
170630-v1,L1,NULL_PHASE,NULL_PHASE
170630-v1,L1,NULL_PHASE,NULL_PHASE
170630-v1,L1,NULL_PHASE,NULL_PHASE
170630-v1,L1,NULL_SHUFFLE,NULL_SHUFFLE
170630-v1,L1,NULL_SHUFFLE,NULL_SHUFFLE
170630-v1,L1,NULL_SHUFFLE,NULL_SHUFFLE
170630-v1,L1,NULL_SHUFFLE,NULL_SHUFFLE
170630-v1,L1,NULL_SHUFFLE,NULL_SHUFFLE
170705-v1,H1,ON,REAL_ON
170705-v1,H1,OFF1,REAL_OFF
170705-v1,H1,OFF2,REAL_OFF
170705-v1,H1,NULL_PHASE,NULL_PHASE
170705-v1,H1,NULL_PHASE,NULL_PHASE
170705-v1,H1,NULL_PHASE,NULL_PHASE
170705-v1,H1,NULL_PHASE,NULL_PHASE
170705-v1,H1,NULL_PHASE,NULL_PHASE
170705-v1,H1,NULL_SHUFFLE,NULL_SHUFFLE
170705-v1,H1,NULL_SHUFFLE,NULL_SHUFFLE
170705-v1,H1,NULL_SHUFFLE,NULL_SHUFFLE
170705-v1,H1,NULL_SHUFFLE,NULL_SHUFFLE
170705-v1,H1,NULL_SHUFFLE,NULL_SHUFFLE
170705-v1,L1,ON,REAL_ON
170705-v1,L1,OFF1,REAL_OFF
170705-v1,L1,OFF2,REAL_OFF
170705-v1,L1,NULL_PHASE,NULL_PHASE
170705-v1,L1,NULL_PHASE,NULL_PHASE
170705-v1,L1,NULL_PHASE,NULL_PHASE
170705-v1,L1,NULL_PHASE,NULL_PHASE
170705-v1,L1,NULL_PHASE,NULL_PHASE
170705-v1,L1,NULL_SHUFFLE,NULL_SHUFFLE
170705-v1,L1,NULL_SHUFFLE,NULL_SHUFFLE
170705-v1,L1,NULL_SHUFFLE,NULL_SHUFFLE
170705-v1,L1,NULL_SHUFFLE,NULL_SHUFFLE
170705-v1,L1,NULL_SHUFFLE,NULL_SHUFFLE
170720-v1,H1,ON,REAL_ON
170720-v1,H1,OFF1,REAL_OFF
170720-v1,H1,OFF2,REAL_OFF
170720-v1,H1,NULL_PHASE,NULL_PHASE
170720-v1,H1,NULL_PHASE,NULL_PHASE
170720-v1,H1,NULL_PHASE,NULL_PHASE
170720-v1,H1,NULL_PHASE,NULL_PHASE
170720-v1,H1,NULL_PHASE,NULL_PHASE
170720-v1,H1,NULL_SHUFFLE,NULL_SHUFFLE
170720-v1,H1,NULL_SHUFFLE,NULL_SHUFFLE
170720-v1,H1,NULL_SHUFFLE,NULL_SHUFFLE
170720-v1,H1,NULL_SHUFFLE,NULL_SHUFFLE
170720-v1,H1,NULL_SHUFFLE,NULL_SHUFFLE
170720-v1,L1,ON,REAL_ON
170720-v1,L1,OFF1,REAL_OFF
170720-v1,L1,OFF2,REAL_OFF
170720-v1,L1,NULL_PHASE,NULL_PHASE
170720-v1,L1,NULL_PHASE,NULL_PHASE
170720-v1,L1,NULL_PHASE,NULL_PHASE
170720-v1,L1,NULL_PHASE,NULL_PHASE
170720-v1,L1,NULL_PHASE,NULL_PHASE
170720-v1,L1,NULL_SHUFFLE,NULL_SHUFFLE
170720-v1,L1,NULL_SHUFFLE,NULL_SHUFFLE
170720-v1,L1,NULL_SHUFFLE,NULL_SHUFFLE
170720-v1,L1,NULL_SHUFFLE,NULL_SHUFFLE
170720-v1,L1,NULL_SHUFFLE,NULL_SHUFFLE
190924_232654-v1,L1,ON,REAL_ON
190924_232654-v1,L1,OFF1,REAL_OFF
190924_232654-v1,L1,OFF2,REAL_OFF
190924_232654-v1,L1,NULL_PHASE,NULL_PHASE
190924_232654-v1,L1,NULL_PHASE,NULL_PHASE
190924_232654-v1,L1,NULL_PHASE,NULL_PHASE
190924_232654-v1,L1,NULL_PHASE,NULL_PHASE
190924_232654-v1,L1,NULL_PHASE,NULL_PHASE
190924_232654-v1,L1,NULL_SHUFFLE,NULL_SHUFFLE
190924_232654-v1,L1,NULL_SHUFFLE,NULL_SHUFFLE
190924_232654-v1,L1,NULL_SHUFFLE,NULL_SHUFFLE
190924_232654-v1,L1,NULL_SHUFFLE,NULL_SHUFFLE
190924_232654-v1,L1,NULL_SHUFFLE,NULL_SHUFFLE
191118_212859-v1,L1,ON,REAL_ON
191118_212859-v1,L1,OFF1,REAL_OFF
191118_212859-v1,L1,OFF2,REAL_OFF
191118_212859-v1,L1,NULL_PHASE,NULL_PHASE
191118_212859-v1,L1,NULL_PHASE,NULL_PHASE
191118_212859-v1,L1,NULL_PHASE,NULL_PHASE
191118_212859-v1,L1,NULL_PHASE,NULL_PHASE
191118_212859-v1,L1,NULL_PHASE,NULL_PHASE
191118_212859-v1,L1,NULL_SHUFFLE,NULL_SHUFFLE
191118_212859-v1,L1,NULL_SHUFFLE,NULL_SHUFFLE
191118_212859-v1,L1,NULL_SHUFFLE,NULL_SHUFFLE
191118_212859-v1,L1,NULL_SHUFFLE,NULL_SHUFFLE
191118_212859-v1,L1,NULL_SHUFFLE,NULL_SHUFFLE
191223_014159-v1,H1,ON,REAL_ON
191223_014159-v1,H1,OFF1,REAL_OFF
191223_014159-v1,H1,OFF2,REAL_OFF
191223_014159-v1,H1,NULL_PHASE,NULL_PHASE
191223_014159-v1,H1,NULL_PHASE,NULL_PHASE
191223_014159-v1,H1,NULL_PHASE,NULL_PHASE
191223_014159-v1,H1,NULL_PHASE,NULL_PHASE
191223_014159-v1,H1,NULL_PHASE,NULL_PHASE
191223_014159-v1,H1,NULL_SHUFFLE,NULL_SHUFFLE
191223_014159-v1,H1,NULL_SHUFFLE,NULL_SHUFFLE
191223_014159-v1,H1,NULL_SHUFFLE,NULL_SHUFFLE
191223_014159-v1,H1,NULL_SHUFFLE,NULL_SHUFFLE
191223_014159-v1,H1,NULL_SHUFFLE,NULL_SHUFFLE
191223_014159-v1,L1,ON,REAL_ON
191223_014159-v1,L1,OFF1,REAL_OFF
191223_014159-v1,L1,OFF2,REAL_OFF
191223_014159-v1,L1,NULL_PHASE,NULL_PHASE
191223_014159-v1,L1,NULL_PHASE,NULL_PHASE
191223_014159-v1,L1,NULL_PHASE,NULL_PHASE
191223_014159-v1,L1,NULL_PHASE,NULL_PHASE
191223_014159-v1,L1,NULL_PHASE,NULL_PHASE
191223_014159-v1,L1,NULL_SHUFFLE,NULL_SHUFFLE
191223_014159-v1,L1,NULL_SHUFFLE,NULL_SHUFFLE
191223_014159-v1,L1,NULL_SHUFFLE,NULL_SHUFFLE
191223_014159-v1,L1,NULL_SHUFFLE,NULL_SHUFFLE
191223_014159-v1,L1,NULL_SHUFFLE,NULL_SHUFFLE
191225_215715-v1,L1,ON,REAL_ON
191225_215715-v1,L1,OFF1,REAL_OFF
191225_215715-v1,L1,OFF2,REAL_OFF
191225_215715-v1,L1,NULL_PHASE,NULL_PHASE
191225_215715-v1,L1,NULL_PHASE,NULL_PHASE
191225_215715-v1,L1,NULL_PHASE,NULL_PHASE
191225_215715-v1,L1,NULL_PHASE,NULL_PHASE
191225_215715-v1,L1,NULL_PHASE,NULL_PHASE
191225_215715-v1,L1,NULL_SHUFFLE,NULL_SHUFFLE
191225_215715-v1,L1,NULL_SHUFFLE,NULL_SHUFFLE
191225_215715-v1,L1,NULL_SHUFFLE,NULL_SHUFFLE
191225_215715-v1,L1,NULL_SHUFFLE,NULL_SHUFFLE
191225_215715-v1,L1,NULL_SHUFFLE,NULL_SHUFFLE
200114_020818-v1,H1,ON,REAL_ON
200114_020818-v1,H1,OFF1,REAL_OFF
200114_020818-v1,H1,OFF2,REAL_OFF
200114_020818-v1,H1,NULL_PHASE,NULL_PHASE
200114_020818-v1,H1,NULL_PHASE,NULL_PHASE
200114_020818-v1,H1,NULL_PHASE,NULL_PHASE
200114_020818-v1,H1,NULL_PHASE,NULL_PHASE
200114_020818-v1,H1,NULL_PHASE,NULL_PHASE
200114_020818-v1,H1,NULL_SHUFFLE,NULL_SHUFFLE
200114_020818-v1,H1,NULL_SHUFFLE,NULL_SHUFFLE
200114_020818-v1,H1,NULL_SHUFFLE,NULL_SHUFFLE
200114_020818-v1,H1,NULL_SHUFFLE,NULL_SHUFFLE
200114_020818-v1,H1,NULL_SHUFFLE,NULL_SHUFFLE
200114_020818-v1,L1,ON,REAL_ON
200114_020818-v1,L1,OFF1,REAL_OFF
200114_020818-v1,L1,OFF2,REAL_OFF
200114_020818-v1,L1,NULL_PHASE,NULL_PHASE
200114_020818-v1,L1,NULL_PHASE,NULL_PHASE
200114_020818-v1,L1,NULL_PHASE,NULL_PHASE
200114_020818-v1,L1,NULL_PHASE,NULL_PHASE
200114_020818-v1,L1,NULL_PHASE,NULL_PHASE
200114_020818-v1,L1,NULL_SHUFFLE,NULL_SHUFFLE
200114_020818-v1,L1,NULL_SHUFFLE,NULL_SHUFFLE
200114_020818-v1,L1,NULL_SHUFFLE,NULL_SHUFFLE
200114_020818-v1,L1,NULL_SHUFFLE,NULL_SHUFFLE
200114_020818-v1,L1,NULL_SHUFFLE,NULL_SHUFFLE
200121_031748-v1,H1,ON,REAL_ON
200121_031748-v1,H1,OFF1,REAL_OFF
200121_031748-v1,H1,OFF2,REAL_OFF
200121_031748-v1,H1,NULL_PHASE,NULL_PHASE
200121_031748-v1,H1,NULL_PHASE,NULL_PHASE
200121_031748-v1,H1,NULL_PHASE,NULL_PHASE
200121_031748-v1,H1,NULL_PHASE,NULL_PHASE
200121_031748-v1,H1,NULL_PHASE,NULL_PHASE
200121_031748-v1,H1,NULL_SHUFFLE,NULL_SHUFFLE
200121_031748-v1,H1,NULL_SHUFFLE,NULL_SHUFFLE
200121_031748-v1,H1,NULL_SHUFFLE,NULL_SHUFFLE
200121_031748-v1,H1,NULL_SHUFFLE,NULL_SHUFFLE
200121_031748-v1,H1,NULL_SHUFFLE,NULL_SHUFFLE
200201_203549-v1,H1,ON,REAL_ON
200201_203549-v1,H1,OFF1,REAL_OFF
200201_203549-v1,H1,OFF2,REAL_OFF
200201_203549-v1,H1,NULL_PHASE,NULL_PHASE
200201_203549-v1,H1,NULL_PHASE,NULL_PHASE
200201_203549-v1,H1,NULL_PHASE,NULL_PHASE
200201_203549-v1,H1,NULL_PHASE,NULL_PHASE
200201_203549-v1,H1,NULL_PHASE,NULL_PHASE
200201_203549-v1,H1,NULL_SHUFFLE,NULL_SHUFFLE
200201_203549-v1,H1,NULL_SHUFFLE,NULL_SHUFFLE
200201_203549-v1,H1,NULL_SHUFFLE,NULL_SHUFFLE
200201_203549-v1,H1,NULL_SHUFFLE,NULL_SHUFFLE
200201_203549-v1,H1,NULL_SHUFFLE,NULL_SHUFFLE
200201_203549-v1,L1,ON,REAL_ON
200201_203549-v1,L1,OFF1,REAL_OFF
200201_203549-v1,L1,OFF2,REAL_OFF
200201_203549-v1,L1,NULL_PHASE,NULL_PHASE
200201_203549-v1,L1,NULL_PHASE,NULL_PHASE
200201_203549-v1,L1,NULL_PHASE,NULL_PHASE
200201_203549-v1,L1,NULL_PHASE,NULL_PHASE
200201_203549-v1,L1,NULL_PHASE,NULL_PHASE
200201_203549-v1,L1,NULL_SHUFFLE,NULL_SHUFFLE
200201_203549-v1,L1,NULL_SHUFFLE,NULL_SHUFFLE
200201_203549-v1,L1,NULL_SHUFFLE,NULL_SHUFFLE
200201_203549-v1,L1,NULL_SHUFFLE,NULL_SHUFFLE
200201_203549-v1,L1,NULL_SHUFFLE,NULL_SHUFFLE
200214_224526-v1,H1,ON,REAL_ON
200214_224526-v1,H1,OFF1,REAL_OFF
200214_224526-v1,H1,OFF2,REAL_OFF
200214_224526-v1,H1,NULL_PHASE,NULL_PHASE
200214_224526-v1,H1,NULL_PHASE,NULL_PHASE
200214_224526-v1,H1,NULL_PHASE,NULL_PHASE
200214_224526-v1,H1,NULL_PHASE,NULL_PHASE
200214_224526-v1,H1,NULL_PHASE,NULL_PHASE
200214_224526-v1,H1,NULL_SHUFFLE,NULL_SHUFFLE
200214_224526-v1,H1,NULL_SHUFFLE,NULL_SHUFFLE
200214_224526-v1,H1,NULL_SHUFFLE,NULL_SHUFFLE
200214_224526-v1,H1,NULL_SHUFFLE,NULL_SHUFFLE
200214_224526-v1,H1,NULL_SHUFFLE,NULL_SHUFFLE
200214_224526-v1,L1,ON,REAL_ON
200214_224526-v1,L1,OFF1,REAL_OFF
200214_224526-v1,L1,OFF2,REAL_OFF
200214_224526-v1,L1,NULL_PHASE,NULL_PHASE
200214_224526-v1,L1,NULL_PHASE,NULL_PHASE
200214_224526-v1,L1,NULL_PHASE,NULL_PHASE
200214_224526-v1,L1,NULL_PHASE,NULL_PHASE
200214_224526-v1,L1,NULL_PHASE,NULL_PHASE
200214_224526-v1,L1,NULL_SHUFFLE,NULL_SHUFFLE
200214_224526-v1,L1,NULL_SHUFFLE,NULL_SHUFFLE
200214_224526-v1,L1,NULL_SHUFFLE,NULL_SHUFFLE
200214_224526-v1,L1,NULL_SHUFFLE,NULL_SHUFFLE
200214_224526-v1,L1,NULL_SHUFFLE,NULL_SHUFFLE
200214_224526-v2,H1,ON,REAL_ON
200214_224526-v2,H1,OFF1,REAL_OFF
200214_224526-v2,H1,OFF2,REAL_OFF
200214_224526-v2,H1,NULL_PHASE,NULL_PHASE
200214_224526-v2,H1,NULL_PHASE,NULL_PHASE
200214_224526-v2,H1,NULL_PHASE,NULL_PHASE
200214_224526-v2,H1,NULL_PHASE,NULL_PHASE
200214_224526-v2,H1,NULL_PHASE,NULL_PHASE
200214_224526-v2,H1,NULL_SHUFFLE,NULL_SHUFFLE
200214_224526-v2,H1,NULL_SHUFFLE,NULL_SHUFFLE
200214_224526-v2,H1,NULL_SHUFFLE,NULL_SHUFFLE
200214_224526-v2,H1,NULL_SHUFFLE,NULL_SHUFFLE
200214_224526-v2,H1,NULL_SHUFFLE,NULL_SHUFFLE
200214_224526-v2,L1,ON,REAL_ON
200214_224526-v2,L1,OFF1,REAL_OFF
200214_224526-v2,L1,OFF2,REAL_OFF
200214_224526-v2,L1,NULL_PHASE,NULL_PHASE
200214_224526-v2,L1,NULL_PHASE,NULL_PHASE
200214_224526-v2,L1,NULL_PHASE,NULL_PHASE
200214_224526-v2,L1,NULL_PHASE,NULL_PHASE
200214_224526-v2,L1,NULL_PHASE,NULL_PHASE
200214_224526-v2,L1,NULL_SHUFFLE,NULL_SHUFFLE
200214_224526-v2,L1,NULL_SHUFFLE,NULL_SHUFFLE
200214_224526-v2,L1,NULL_SHUFFLE,NULL_SHUFFLE
200214_224526-v2,L1,NULL_SHUFFLE,NULL_SHUFFLE
200214_224526-v2,L1,NULL_SHUFFLE,NULL_SHUFFLE
200219_201407-v1,H1,ON,REAL_ON
200219_201407-v1,H1,OFF1,REAL_OFF
200219_201407-v1,H1,OFF2,REAL_OFF
200219_201407-v1,H1,NULL_PHASE,NULL_PHASE
200219_201407-v1,H1,NULL_PHASE,NULL_PHASE
200219_201407-v1,H1,NULL_PHASE,NULL_PHASE
200219_201407-v1,H1,NULL_PHASE,NULL_PHASE
200219_201407-v1,H1,NULL_PHASE,NULL_PHASE
200219_201407-v1,H1,NULL_SHUFFLE,NULL_SHUFFLE
200219_201407-v1,H1,NULL_SHUFFLE,NULL_SHUFFLE
200219_201407-v1,H1,NULL_SHUFFLE,NULL_SHUFFLE
200219_201407-v1,H1,NULL_SHUFFLE,NULL_SHUFFLE
200219_201407-v1,H1,NULL_SHUFFLE,NULL_SHUFFLE
200219_201407-v1,L1,ON,REAL_ON
200219_201407-v1,L1,OFF1,REAL_OFF
200219_201407-v1,L1,OFF2,REAL_OFF
200219_201407-v1,L1,NULL_PHASE,NULL_PHASE
200219_201407-v1,L1,NULL_PHASE,NULL_PHASE
200219_201407-v1,L1,NULL_PHASE,NULL_PHASE
200219_201407-v1,L1,NULL_PHASE,NULL_PHASE
200219_201407-v1,L1,NULL_PHASE,NULL_PHASE
200219_201407-v1,L1,NULL_SHUFFLE,NULL_SHUFFLE
200219_201407-v1,L1,NULL_SHUFFLE,NULL_SHUFFLE
200219_201407-v1,L1,NULL_SHUFFLE,NULL_SHUFFLE
200219_201407-v1,L1,NULL_SHUFFLE,NULL_SHUFFLE
200219_201407-v1,L1,NULL_SHUFFLE,NULL_SHUFFLE
200311_103121-v1,H1,ON,REAL_ON
200311_103121-v1,H1,OFF1,REAL_OFF
200311_103121-v1,H1,OFF2,REAL_OFF
200311_103121-v1,H1,NULL_PHASE,NULL_PHASE
200311_103121-v1,H1,NULL_PHASE,NULL_PHASE
200311_103121-v1,H1,NULL_PHASE,NULL_PHASE
200311_103121-v1,H1,NULL_PHASE,NULL_PHASE
200311_103121-v1,H1,NULL_PHASE,NULL_PHASE
200311_103121-v1,H1,NULL_SHUFFLE,NULL_SHUFFLE
200311_103121-v1,H1,NULL_SHUFFLE,NULL_SHUFFLE
200311_103121-v1,H1,NULL_SHUFFLE,NULL_SHUFFLE
200311_103121-v1,H1,NULL_SHUFFLE,NULL_SHUFFLE
200311_103121-v1,H1,NULL_SHUFFLE,NULL_SHUFFLE
200311_103121-v1,L1,ON,REAL_ON
200311_103121-v1,L1,OFF1,REAL_OFF
200311_103121-v1,L1,OFF2,REAL_OFF
200311_103121-v1,L1,NULL_PHASE,NULL_PHASE
200311_103121-v1,L1,NULL_PHASE,NULL_PHASE
200311_103121-v1,L1,NULL_PHASE,NULL_PHASE
200311_103121-v1,L1,NULL_PHASE,NULL_PHASE
200311_103121-v1,L1,NULL_PHASE,NULL_PHASE
200311_103121-v1,L1,NULL_SHUFFLE,NULL_SHUFFLE
200311_103121-v1,L1,NULL_SHUFFLE,NULL_SHUFFLE
200311_103121-v1,L1,NULL_SHUFFLE,NULL_SHUFFLE
200311_103121-v1,L1,NULL_SHUFFLE,NULL_SHUFFLE
200311_103121-v1,L1,NULL_SHUFFLE,NULL_SHUFFLE
GW150914-v1,H1,ON,REAL_ON
GW150914-v1,H1,OFF1,REAL_OFF
GW150914-v1,H1,OFF2,REAL_OFF
GW150914-v1,H1,NULL_PHASE,NULL_PHASE
GW150914-v1,H1,NULL_PHASE,NULL_PHASE
GW150914-v1,H1,NULL_PHASE,NULL_PHASE
GW150914-v1,H1,NULL_PHASE,NULL_PHASE
GW150914-v1,H1,NULL_PHASE,NULL_PHASE
GW150914-v1,H1,NULL_SHUFFLE,NULL_SHUFFLE
GW150914-v1,H1,NULL_SHUFFLE,NULL_SHUFFLE
GW150914-v1,H1,NULL_SHUFFLE,NULL_SHUFFLE
GW150914-v1,H1,NULL_SHUFFLE,NULL_SHUFFLE
GW150914-v1,H1,NULL_SHUFFLE,NULL_SHUFFLE
GW150914-v1,L1,ON,REAL_ON
GW150914-v1,L1,OFF1,REAL_OFF
GW150914-v1,L1,OFF2,REAL_OFF
GW150914-v1,L1,NULL_PHASE,NULL_PHASE
GW150914-v1,L1,NULL_PHASE,NULL_PHASE
GW150914-v1,L1,NULL_PHASE,NULL_PHASE
GW150914-v1,L1,NULL_PHASE,NULL_PHASE
GW150914-v1,L1,NULL_PHASE,NULL_PHASE
GW150914-v1,L1,NULL_SHUFFLE,NULL_SHUFFLE
GW150914-v1,L1,NULL_SHUFFLE,NULL_SHUFFLE
GW150914-v1,L1,NULL_SHUFFLE,NULL_SHUFFLE
GW150914-v1,L1,NULL_SHUFFLE,NULL_SHUFFLE
GW150914-v1,L1,NULL_SHUFFLE,NULL_SHUFFLE
GW150914-v2,H1,ON,REAL_ON
GW150914-v2,H1,OFF1,REAL_OFF
GW150914-v2,H1,OFF2,REAL_OFF
GW150914-v2,H1,NULL_PHASE,NULL_PHASE
GW150914-v2,H1,NULL_PHASE,NULL_PHASE
GW150914-v2,H1,NULL_PHASE,NULL_PHASE
GW150914-v2,H1,NULL_PHASE,NULL_PHASE
GW150914-v2,H1,NULL_PHASE,NULL_PHASE
GW150914-v2,H1,NULL_SHUFFLE,NULL_SHUFFLE
GW150914-v2,H1,NULL_SHUFFLE,NULL_SHUFFLE
GW150914-v2,H1,NULL_SHUFFLE,NULL_SHUFFLE
GW150914-v2,H1,NULL_SHUFFLE,NULL_SHUFFLE
GW150914-v2,H1,NULL_SHUFFLE,NULL_SHUFFLE
GW150914-v2,L1,ON,REAL_ON
GW150914-v2,L1,OFF1,REAL_OFF
GW150914-v2,L1,OFF2,REAL_OFF
GW150914-v2,L1,NULL_PHASE,NULL_PHASE
GW150914-v2,L1,NULL_PHASE,NULL_PHASE
GW150914-v2,L1,NULL_PHASE,NULL_PHASE
GW150914-v2,L1,NULL_PHASE,NULL_PHASE
GW150914-v2,L1,NULL_PHASE,NULL_PHASE
GW150914-v2,L1,NULL_SHUFFLE,NULL_SHUFFLE
GW150914-v2,L1,NULL_SHUFFLE,NULL_SHUFFLE
GW150914-v2,L1,NULL_SHUFFLE,NULL_SHUFFLE
GW150914-v2,L1,NULL_SHUFFLE,NULL_SHUFFLE
GW150914-v2,L1,NULL_SHUFFLE,NULL_SHUFFLE
GW150914-v3,H1,ON,REAL_ON
GW150914-v3,H1,OFF1,REAL_OFF
GW150914-v3,H1,OFF2,REAL_OFF
GW150914-v3,H1,NULL_PHASE,NULL_PHASE
GW150914-v3,H1,NULL_PHASE,NULL_PHASE
GW150914-v3,H1,NULL_PHASE,NULL_PHASE
GW150914-v3,H1,NULL_PHASE,NULL_PHASE
GW150914-v3,H1,NULL_PHASE,NULL_PHASE
GW150914-v3,H1,NULL_SHUFFLE,NULL_SHUFFLE
GW150914-v3,H1,NULL_SHUFFLE,NULL_SHUFFLE
GW150914-v3,H1,NULL_SHUFFLE,NULL_SHUFFLE
GW150914-v3,H1,NULL_SHUFFLE,NULL_SHUFFLE
GW150914-v3,H1,NULL_SHUFFLE,NULL_SHUFFLE
GW150914-v3,L1,ON,REAL_ON
GW150914-v3,L1,OFF1,REAL_OFF
GW150914-v3,L1,OFF2,REAL_OFF
GW150914-v3,L1,NULL_PHASE,NULL_PHASE
GW150914-v3,L1,NULL_PHASE,NULL_PHASE
GW150914-v3,L1,NULL_PHASE,NULL_PHASE
GW150914-v3,L1,NULL_PHASE,NULL_PHASE
GW150914-v3,L1,NULL_PHASE,NULL_PHASE
GW150914-v3,L1,NULL_SHUFFLE,NULL_SHUFFLE
GW150914-v3,L1,NULL_SHUFFLE,NULL_SHUFFLE
GW150914-v3,L1,NULL_SHUFFLE,NULL_SHUFFLE
GW150914-v3,L1,NULL_SHUFFLE,NULL_SHUFFLE
GW150914-v3,L1,NULL_SHUFFLE,NULL_SHUFFLE
GW151012-v1,H1,ON,REAL_ON
GW151012-v1,H1,OFF1,REAL_OFF
GW151012-v1,H1,OFF2,REAL_OFF
GW151012-v1,H1,NULL_PHASE,NULL_PHASE
GW151012-v1,H1,NULL_PHASE,NULL_PHASE
GW151012-v1,H1,NULL_PHASE,NULL_PHASE
GW151012-v1,H1,NULL_PHASE,NULL_PHASE
GW151012-v1,H1,NULL_PHASE,NULL_PHASE
GW151012-v1,H1,NULL_SHUFFLE,NULL_SHUFFLE
GW151012-v1,H1,NULL_SHUFFLE,NULL_SHUFFLE
GW151012-v1,H1,NULL_SHUFFLE,NULL_SHUFFLE
GW151012-v1,H1,NULL_SHUFFLE,NULL_SHUFFLE
GW151012-v1,H1,NULL_SHUFFLE,NULL_SHUFFLE
GW151012-v1,L1,ON,REAL_ON
GW151012-v1,L1,OFF1,REAL_OFF
GW151012-v1,L1,OFF2,REAL_OFF
GW151012-v1,L1,NULL_PHASE,NULL_PHASE
GW151012-v1,L1,NULL_PHASE,NULL_PHASE
GW151012-v1,L1,NULL_PHASE,NULL_PHASE
GW151012-v1,L1,NULL_PHASE,NULL_PHASE
GW151012-v1,L1,NULL_PHASE,NULL_PHASE
GW151012-v1,L1,NULL_SHUFFLE,NULL_SHUFFLE
GW151012-v1,L1,NULL_SHUFFLE,NULL_SHUFFLE
GW151012-v1,L1,NULL_SHUFFLE,NULL_SHUFFLE
GW151012-v1,L1,NULL_SHUFFLE,NULL_SHUFFLE
GW151012-v1,L1,NULL_SHUFFLE,NULL_SHUFFLE
GW151012-v2,H1,ON,REAL_ON
GW151012-v2,H1,OFF1,REAL_OFF
GW151012-v2,H1,OFF2,REAL_OFF
GW151012-v2,H1,NULL_PHASE,NULL_PHASE
GW151012-v2,H1,NULL_PHASE,NULL_PHASE
GW151012-v2,H1,NULL_PHASE,NULL_PHASE
GW151012-v2,H1,NULL_PHASE,NULL_PHASE
GW151012-v2,H1,NULL_PHASE,NULL_PHASE
GW151012-v2,H1,NULL_SHUFFLE,NULL_SHUFFLE
GW151012-v2,H1,NULL_SHUFFLE,NULL_SHUFFLE
GW151012-v2,H1,NULL_SHUFFLE,NULL_SHUFFLE
GW151012-v2,H1,NULL_SHUFFLE,NULL_SHUFFLE
GW151012-v2,H1,NULL_SHUFFLE,NULL_SHUFFLE
GW151012-v2,L1,ON,REAL_ON
GW151012-v2,L1,OFF1,REAL_OFF
GW151012-v2,L1,OFF2,REAL_OFF
GW151012-v2,L1,NULL_PHASE,NULL_PHASE
GW151012-v2,L1,NULL_PHASE,NULL_PHASE
GW151012-v2,L1,NULL_PHASE,NULL_PHASE
GW151012-v2,L1,NULL_PHASE,NULL_PHASE
GW151012-v2,L1,NULL_PHASE,NULL_PHASE
GW151012-v2,L1,NULL_SHUFFLE,NULL_SHUFFLE
GW151012-v2,L1,NULL_SHUFFLE,NULL_SHUFFLE
GW151012-v2,L1,NULL_SHUFFLE,NULL_SHUFFLE
GW151012-v2,L1,NULL_SHUFFLE,NULL_SHUFFLE
GW151012-v2,L1,NULL_SHUFFLE,NULL_SHUFFLE
GW151012-v3,H1,ON,REAL_ON
GW151012-v3,H1,OFF1,REAL_OFF
GW151012-v3,H1,OFF2,REAL_OFF
GW151012-v3,H1,NULL_PHASE,NULL_PHASE
GW151012-v3,H1,NULL_PHASE,NULL_PHASE
GW151012-v3,H1,NULL_PHASE,NULL_PHASE
GW151012-v3,H1,NULL_PHASE,NULL_PHASE
GW151012-v3,H1,NULL_PHASE,NULL_PHASE
GW151012-v3,H1,NULL_SHUFFLE,NULL_SHUFFLE
GW151012-v3,H1,NULL_SHUFFLE,NULL_SHUFFLE
GW151012-v3,H1,NULL_SHUFFLE,NULL_SHUFFLE
GW151012-v3,H1,NULL_SHUFFLE,NULL_SHUFFLE
GW151012-v3,H1,NULL_SHUFFLE,NULL_SHUFFLE
GW151012-v3,L1,ON,REAL_ON
GW151012-v3,L1,OFF1,REAL_OFF
GW151012-v3,L1,OFF2,REAL_OFF
GW151012-v3,L1,NULL_PHASE,NULL_PHASE
GW151012-v3,L1,NULL_PHASE,NULL_PHASE
GW151012-v3,L1,NULL_PHASE,NULL_PHASE
GW151012-v3,L1,NULL_PHASE,NULL_PHASE
GW151012-v3,L1,NULL_PHASE,NULL_PHASE
GW151012-v3,L1,NULL_SHUFFLE,NULL_SHUFFLE
GW151012-v3,L1,NULL_SHUFFLE,NULL_SHUFFLE
GW151012-v3,L1,NULL_SHUFFLE,NULL_SHUFFLE
GW151012-v3,L1,NULL_SHUFFLE,NULL_SHUFFLE
GW151012-v3,L1,NULL_SHUFFLE,NULL_SHUFFLE
GW151226-v1,H1,ON,REAL_ON
GW151226-v1,H1,OFF1,REAL_OFF
GW151226-v1,H1,OFF2,REAL_OFF
GW151226-v1,H1,NULL_PHASE,NULL_PHASE
GW151226-v1,H1,NULL_PHASE,NULL_PHASE
GW151226-v1,H1,NULL_PHASE,NULL_PHASE
GW151226-v1,H1,NULL_PHASE,NULL_PHASE
GW151226-v1,H1,NULL_PHASE,NULL_PHASE
GW151226-v1,H1,NULL_SHUFFLE,NULL_SHUFFLE
GW151226-v1,H1,NULL_SHUFFLE,NULL_SHUFFLE
GW151226-v1,H1,NULL_SHUFFLE,NULL_SHUFFLE
GW151226-v1,H1,NULL_SHUFFLE,NULL_SHUFFLE
GW151226-v1,H1,NULL_SHUFFLE,NULL_SHUFFLE
GW151226-v1,L1,ON,REAL_ON
GW151226-v1,L1,OFF1,REAL_OFF
GW151226-v1,L1,OFF2,REAL_OFF
GW151226-v1,L1,NULL_PHASE,NULL_PHASE
GW151226-v1,L1,NULL_PHASE,NULL_PHASE
GW151226-v1,L1,NULL_PHASE,NULL_PHASE
GW151226-v1,L1,NULL_PHASE,NULL_PHASE
GW151226-v1,L1,NULL_PHASE,NULL_PHASE
GW151226-v1,L1,NULL_SHUFFLE,NULL_SHUFFLE
GW151226-v1,L1,NULL_SHUFFLE,NULL_SHUFFLE
GW151226-v1,L1,NULL_SHUFFLE,NULL_SHUFFLE
GW151226-v1,L1,NULL_SHUFFLE,NULL_SHUFFLE
GW151226-v1,L1,NULL_SHUFFLE,NULL_SHUFFLE
GW151226-v2,H1,ON,REAL_ON
GW151226-v2,H1,OFF1,REAL_OFF
GW151226-v2,H1,OFF2,REAL_OFF
GW151226-v2,H1,NULL_PHASE,NULL_PHASE
GW151226-v2,H1,NULL_PHASE,NULL_PHASE
GW151226-v2,H1,NULL_PHASE,NULL_PHASE
GW151226-v2,H1,NULL_PHASE,NULL_PHASE
GW151226-v2,H1,NULL_PHASE,NULL_PHASE
GW151226-v2,H1,NULL_SHUFFLE,NULL_SHUFFLE
GW151226-v2,H1,NULL_SHUFFLE,NULL_SHUFFLE
GW151226-v2,H1,NULL_SHUFFLE,NULL_SHUFFLE
GW151226-v2,H1,NULL_SHUFFLE,NULL_SHUFFLE
GW151226-v2,H1,NULL_SHUFFLE,NULL_SHUFFLE
GW151226-v2,L1,ON,REAL_ON
GW151226-v2,L1,OFF1,REAL_OFF
GW151226-v2,L1,OFF2,REAL_OFF
GW151226-v2,L1,NULL_PHASE,NULL_PHASE
GW151226-v2,L1,NULL_PHASE,NULL_PHASE
GW151226-v2,L1,NULL_PHASE,NULL_PHASE
GW151226-v2,L1,NULL_PHASE,NULL_PHASE
GW151226-v2,L1,NULL_PHASE,NULL_PHASE
GW151226-v2,L1,NULL_SHUFFLE,NULL_SHUFFLE
GW151226-v2,L1,NULL_SHUFFLE,NULL_SHUFFLE
GW151226-v2,L1,NULL_SHUFFLE,NULL_SHUFFLE
GW151226-v2,L1,NULL_SHUFFLE,NULL_SHUFFLE
GW151226-v2,L1,NULL_SHUFFLE,NULL_SHUFFLE
GW170104-v1,H1,ON,REAL_ON
GW170104-v1,H1,OFF1,REAL_OFF
GW170104-v1,H1,OFF2,REAL_OFF
GW170104-v1,H1,NULL_PHASE,NULL_PHASE
GW170104-v1,H1,NULL_PHASE,NULL_PHASE
GW170104-v1,H1,NULL_PHASE,NULL_PHASE
GW170104-v1,H1,NULL_PHASE,NULL_PHASE
GW170104-v1,H1,NULL_PHASE,NULL_PHASE
GW170104-v1,H1,NULL_SHUFFLE,NULL_SHUFFLE
GW170104-v1,H1,NULL_SHUFFLE,NULL_SHUFFLE
GW170104-v1,H1,NULL_SHUFFLE,NULL_SHUFFLE
GW170104-v1,H1,NULL_SHUFFLE,NULL_SHUFFLE
GW170104-v1,H1,NULL_SHUFFLE,NULL_SHUFFLE
GW170104-v1,L1,ON,REAL_ON
GW170104-v1,L1,OFF1,REAL_OFF
GW170104-v1,L1,OFF2,REAL_OFF
GW170104-v1,L1,NULL_PHASE,NULL_PHASE
GW170104-v1,L1,NULL_PHASE,NULL_PHASE
GW170104-v1,L1,NULL_PHASE,NULL_PHASE
GW170104-v1,L1,NULL_PHASE,NULL_PHASE
GW170104-v1,L1,NULL_PHASE,NULL_PHASE
GW170104-v1,L1,NULL_SHUFFLE,NULL_SHUFFLE
GW170104-v1,L1,NULL_SHUFFLE,NULL_SHUFFLE
GW170104-v1,L1,NULL_SHUFFLE,NULL_SHUFFLE
GW170104-v1,L1,NULL_SHUFFLE,NULL_SHUFFLE
GW170104-v1,L1,NULL_SHUFFLE,NULL_SHUFFLE
GW170104-v2,H1,ON,REAL_ON
GW170104-v2,H1,OFF1,REAL_OFF
GW170104-v2,H1,OFF2,REAL_OFF
GW170104-v2,H1,NULL_PHASE,NULL_PHASE
GW170104-v2,H1,NULL_PHASE,NULL_PHASE
GW170104-v2,H1,NULL_PHASE,NULL_PHASE
GW170104-v2,H1,NULL_PHASE,NULL_PHASE
GW170104-v2,H1,NULL_PHASE,NULL_PHASE
GW170104-v2,H1,NULL_SHUFFLE,NULL_SHUFFLE
GW170104-v2,H1,NULL_SHUFFLE,NULL_SHUFFLE
GW170104-v2,H1,NULL_SHUFFLE,NULL_SHUFFLE
GW170104-v2,H1,NULL_SHUFFLE,NULL_SHUFFLE
GW170104-v2,H1,NULL_SHUFFLE,NULL_SHUFFLE
GW170104-v2,L1,ON,REAL_ON
GW170104-v2,L1,OFF1,REAL_OFF
GW170104-v2,L1,OFF2,REAL_OFF
GW170104-v2,L1,NULL_PHASE,NULL_PHASE
GW170104-v2,L1,NULL_PHASE,NULL_PHASE
GW170104-v2,L1,NULL_PHASE,NULL_PHASE
GW170104-v2,L1,NULL_PHASE,NULL_PHASE
GW170104-v2,L1,NULL_PHASE,NULL_PHASE
GW170104-v2,L1,NULL_SHUFFLE,NULL_SHUFFLE
GW170104-v2,L1,NULL_SHUFFLE,NULL_SHUFFLE
GW170104-v2,L1,NULL_SHUFFLE,NULL_SHUFFLE
GW170104-v2,L1,NULL_SHUFFLE,NULL_SHUFFLE
GW170104-v2,L1,NULL_SHUFFLE,NULL_SHUFFLE
GW170608-v1,H1,ON,REAL_ON
GW170608-v1,H1,OFF1,REAL_OFF
GW170608-v1,H1,OFF2,REAL_OFF
GW170608-v1,H1,NULL_PHASE,NULL_PHASE
GW170608-v1,H1,NULL_PHASE,NULL_PHASE
GW170608-v1,H1,NULL_PHASE,NULL_PHASE
GW170608-v1,H1,NULL_PHASE,NULL_PHASE
GW170608-v1,H1,NULL_PHASE,NULL_PHASE
GW170608-v1,H1,NULL_SHUFFLE,NULL_SHUFFLE
GW170608-v1,H1,NULL_SHUFFLE,NULL_SHUFFLE
GW170608-v1,H1,NULL_SHUFFLE,NULL_SHUFFLE
GW170608-v1,H1,NULL_SHUFFLE,NULL_SHUFFLE
GW170608-v1,H1,NULL_SHUFFLE,NULL_SHUFFLE
GW170608-v1,L1,ON,REAL_ON
GW170608-v1,L1,OFF1,REAL_OFF
GW170608-v1,L1,OFF2,REAL_OFF
GW170608-v1,L1,NULL_PHASE,NULL_PHASE
GW170608-v1,L1,NULL_PHASE,NULL_PHASE
GW170608-v1,L1,NULL_PHASE,NULL_PHASE
GW170608-v1,L1,NULL_PHASE,NULL_PHASE
GW170608-v1,L1,NULL_PHASE,NULL_PHASE
GW170608-v1,L1,NULL_SHUFFLE,NULL_SHUFFLE
GW170608-v1,L1,NULL_SHUFFLE,NULL_SHUFFLE
GW170608-v1,L1,NULL_SHUFFLE,NULL_SHUFFLE
GW170608-v1,L1,NULL_SHUFFLE,NULL_SHUFFLE
GW170608-v1,L1,NULL_SHUFFLE,NULL_SHUFFLE
GW170608-v2,H1,ON,REAL_ON
GW170608-v2,H1,OFF1,REAL_OFF
GW170608-v2,H1,OFF2,REAL_OFF
GW170608-v2,H1,NULL_PHASE,NULL_PHASE
GW170608-v2,H1,NULL_PHASE,NULL_PHASE
GW170608-v2,H1,NULL_PHASE,NULL_PHASE
GW170608-v2,H1,NULL_PHASE,NULL_PHASE
GW170608-v2,H1,NULL_PHASE,NULL_PHASE
GW170608-v2,H1,NULL_SHUFFLE,NULL_SHUFFLE
GW170608-v2,H1,NULL_SHUFFLE,NULL_SHUFFLE
GW170608-v2,H1,NULL_SHUFFLE,NULL_SHUFFLE
GW170608-v2,H1,NULL_SHUFFLE,NULL_SHUFFLE
GW170608-v2,H1,NULL_SHUFFLE,NULL_SHUFFLE
GW170608-v2,L1,ON,REAL_ON
GW170608-v2,L1,OFF1,REAL_OFF
GW170608-v2,L1,OFF2,REAL_OFF
GW170608-v2,L1,NULL_PHASE,NULL_PHASE
GW170608-v2,L1,NULL_PHASE,NULL_PHASE
GW170608-v2,L1,NULL_PHASE,NULL_PHASE
GW170608-v2,L1,NULL_PHASE,NULL_PHASE
GW170608-v2,L1,NULL_PHASE,NULL_PHASE
GW170608-v2,L1,NULL_SHUFFLE,NULL_SHUFFLE
GW170608-v2,L1,NULL_SHUFFLE,NULL_SHUFFLE
GW170608-v2,L1,NULL_SHUFFLE,NULL_SHUFFLE
GW170608-v2,L1,NULL_SHUFFLE,NULL_SHUFFLE
GW170608-v2,L1,NULL_SHUFFLE,NULL_SHUFFLE
GW170608-v3,H1,ON,REAL_ON
GW170608-v3,H1,OFF1,REAL_OFF
GW170608-v3,H1,OFF2,REAL_OFF
GW170608-v3,H1,NULL_PHASE,NULL_PHASE
GW170608-v3,H1,NULL_PHASE,NULL_PHASE
GW170608-v3,H1,NULL_PHASE,NULL_PHASE
GW170608-v3,H1,NULL_PHASE,NULL_PHASE
GW170608-v3,H1,NULL_PHASE,NULL_PHASE
GW170608-v3,H1,NULL_SHUFFLE,NULL_SHUFFLE
GW170608-v3,H1,NULL_SHUFFLE,NULL_SHUFFLE
GW170608-v3,H1,NULL_SHUFFLE,NULL_SHUFFLE
GW170608-v3,H1,NULL_SHUFFLE,NULL_SHUFFLE
GW170608-v3,H1,NULL_SHUFFLE,NULL_SHUFFLE
GW170608-v3,L1,ON,REAL_ON
GW170608-v3,L1,OFF1,REAL_OFF
GW170608-v3,L1,OFF2,REAL_OFF
GW170608-v3,L1,NULL_PHASE,NULL_PHASE
GW170608-v3,L1,NULL_PHASE,NULL_PHASE
GW170608-v3,L1,NULL_PHASE,NULL_PHASE
GW170608-v3,L1,NULL_PHASE,NULL_PHASE
GW170608-v3,L1,NULL_PHASE,NULL_PHASE
GW170608-v3,L1,NULL_SHUFFLE,NULL_SHUFFLE
GW170608-v3,L1,NULL_SHUFFLE,NULL_SHUFFLE
GW170608-v3,L1,NULL_SHUFFLE,NULL_SHUFFLE
GW170608-v3,L1,NULL_SHUFFLE,NULL_SHUFFLE
GW170608-v3,L1,NULL_SHUFFLE,NULL_SHUFFLE
GW170729-v1,H1,ON,REAL_ON
GW170729-v1,H1,OFF1,REAL_OFF
GW170729-v1,H1,OFF2,REAL_OFF
GW170729-v1,H1,NULL_PHASE,NULL_PHASE
GW170729-v1,H1,NULL_PHASE,NULL_PHASE
GW170729-v1,H1,NULL_PHASE,NULL_PHASE
GW170729-v1,H1,NULL_PHASE,NULL_PHASE
GW170729-v1,H1,NULL_PHASE,NULL_PHASE
GW170729-v1,H1,NULL_SHUFFLE,NULL_SHUFFLE
GW170729-v1,H1,NULL_SHUFFLE,NULL_SHUFFLE
GW170729-v1,H1,NULL_SHUFFLE,NULL_SHUFFLE
GW170729-v1,H1,NULL_SHUFFLE,NULL_SHUFFLE
GW170729-v1,H1,NULL_SHUFFLE,NULL_SHUFFLE
GW170729-v1,L1,ON,REAL_ON
GW170729-v1,L1,OFF1,REAL_OFF
GW170729-v1,L1,OFF2,REAL_OFF
GW170729-v1,L1,NULL_PHASE,NULL_PHASE
GW170729-v1,L1,NULL_PHASE,NULL_PHASE
GW170729-v1,L1,NULL_PHASE,NULL_PHASE
GW170729-v1,L1,NULL_PHASE,NULL_PHASE
GW170729-v1,L1,NULL_PHASE,NULL_PHASE
GW170729-v1,L1,NULL_SHUFFLE,NULL_SHUFFLE
GW170729-v1,L1,NULL_SHUFFLE,NULL_SHUFFLE
GW170729-v1,L1,NULL_SHUFFLE,NULL_SHUFFLE
GW170729-v1,L1,NULL_SHUFFLE,NULL_SHUFFLE
GW170729-v1,L1,NULL_SHUFFLE,NULL_SHUFFLE
GW170809-v1,H1,ON,REAL_ON
GW170809-v1,H1,OFF1,REAL_OFF
GW170809-v1,H1,OFF2,REAL_OFF
GW170809-v1,H1,NULL_PHASE,NULL_PHASE
GW170809-v1,H1,NULL_PHASE,NULL_PHASE
GW170809-v1,H1,NULL_PHASE,NULL_PHASE
GW170809-v1,H1,NULL_PHASE,NULL_PHASE
GW170809-v1,H1,NULL_PHASE,NULL_PHASE
GW170809-v1,H1,NULL_SHUFFLE,NULL_SHUFFLE
GW170809-v1,H1,NULL_SHUFFLE,NULL_SHUFFLE
GW170809-v1,H1,NULL_SHUFFLE,NULL_SHUFFLE
GW170809-v1,H1,NULL_SHUFFLE,NULL_SHUFFLE
GW170809-v1,H1,NULL_SHUFFLE,NULL_SHUFFLE
GW170809-v1,L1,ON,REAL_ON
GW170809-v1,L1,OFF1,REAL_OFF
GW170809-v1,L1,OFF2,REAL_OFF
GW170809-v1,L1,NULL_PHASE,NULL_PHASE
GW170809-v1,L1,NULL_PHASE,NULL_PHASE
GW170809-v1,L1,NULL_PHASE,NULL_PHASE
GW170809-v1,L1,NULL_PHASE,NULL_PHASE
GW170809-v1,L1,NULL_PHASE,NULL_PHASE
GW170809-v1,L1,NULL_SHUFFLE,NULL_SHUFFLE
GW170809-v1,L1,NULL_SHUFFLE,NULL_SHUFFLE
GW170809-v1,L1,NULL_SHUFFLE,NULL_SHUFFLE
GW170809-v1,L1,NULL_SHUFFLE,NULL_SHUFFLE
GW170809-v1,L1,NULL_SHUFFLE,NULL_SHUFFLE
GW170814-v1,H1,ON,REAL_ON
GW170814-v1,H1,OFF1,REAL_OFF
GW170814-v1,H1,OFF2,REAL_OFF
GW170814-v1,H1,NULL_PHASE,NULL_PHASE
GW170814-v1,H1,NULL_PHASE,NULL_PHASE
GW170814-v1,H1,NULL_PHASE,NULL_PHASE
GW170814-v1,H1,NULL_PHASE,NULL_PHASE
GW170814-v1,H1,NULL_PHASE,NULL_PHASE
GW170814-v1,H1,NULL_SHUFFLE,NULL_SHUFFLE
GW170814-v1,H1,NULL_SHUFFLE,NULL_SHUFFLE
GW170814-v1,H1,NULL_SHUFFLE,NULL_SHUFFLE
GW170814-v1,H1,NULL_SHUFFLE,NULL_SHUFFLE
GW170814-v1,H1,NULL_SHUFFLE,NULL_SHUFFLE
GW170814-v1,L1,ON,REAL_ON
GW170814-v1,L1,OFF1,REAL_OFF
GW170814-v1,L1,OFF2,REAL_OFF
GW170814-v1,L1,NULL_PHASE,NULL_PHASE
GW170814-v1,L1,NULL_PHASE,NULL_PHASE
GW170814-v1,L1,NULL_PHASE,NULL_PHASE
GW170814-v1,L1,NULL_PHASE,NULL_PHASE
GW170814-v1,L1,NULL_PHASE,NULL_PHASE
GW170814-v1,L1,NULL_SHUFFLE,NULL_SHUFFLE
GW170814-v1,L1,NULL_SHUFFLE,NULL_SHUFFLE
GW170814-v1,L1,NULL_SHUFFLE,NULL_SHUFFLE
GW170814-v1,L1,NULL_SHUFFLE,NULL_SHUFFLE
GW170814-v1,L1,NULL_SHUFFLE,NULL_SHUFFLE
GW170814-v2,H1,ON,REAL_ON
GW170814-v2,H1,OFF1,REAL_OFF
GW170814-v2,H1,OFF2,REAL_OFF
GW170814-v2,H1,NULL_PHASE,NULL_PHASE
GW170814-v2,H1,NULL_PHASE,NULL_PHASE
GW170814-v2,H1,NULL_PHASE,NULL_PHASE
GW170814-v2,H1,NULL_PHASE,NULL_PHASE
GW170814-v2,H1,NULL_PHASE,NULL_PHASE
GW170814-v2,H1,NULL_SHUFFLE,NULL_SHUFFLE
GW170814-v2,H1,NULL_SHUFFLE,NULL_SHUFFLE
GW170814-v2,H1,NULL_SHUFFLE,NULL_SHUFFLE
GW170814-v2,H1,NULL_SHUFFLE,NULL_SHUFFLE
GW170814-v2,H1,NULL_SHUFFLE,NULL_SHUFFLE
GW170814-v2,L1,ON,REAL_ON
GW170814-v2,L1,OFF1,REAL_OFF
GW170814-v2,L1,OFF2,REAL_OFF
GW170814-v2,L1,NULL_PHASE,NULL_PHASE
GW170814-v2,L1,NULL_PHASE,NULL_PHASE
GW170814-v2,L1,NULL_PHASE,NULL_PHASE
GW170814-v2,L1,NULL_PHASE,NULL_PHASE
GW170814-v2,L1,NULL_PHASE,NULL_PHASE
GW170814-v2,L1,NULL_SHUFFLE,NULL_SHUFFLE
GW170814-v2,L1,NULL_SHUFFLE,NULL_SHUFFLE
GW170814-v2,L1,NULL_SHUFFLE,NULL_SHUFFLE
GW170814-v2,L1,NULL_SHUFFLE,NULL_SHUFFLE
GW170814-v2,L1,NULL_SHUFFLE,NULL_SHUFFLE
GW170814-v3,H1,ON,REAL_ON
GW170814-v3,H1,OFF1,REAL_OFF
GW170814-v3,H1,OFF2,REAL_OFF
GW170814-v3,H1,NULL_PHASE,NULL_PHASE
GW170814-v3,H1,NULL_PHASE,NULL_PHASE
GW170814-v3,H1,NULL_PHASE,NULL_PHASE
GW170814-v3,H1,NULL_PHASE,NULL_PHASE
GW170814-v3,H1,NULL_PHASE,NULL_PHASE
GW170814-v3,H1,NULL_SHUFFLE,NULL_SHUFFLE
GW170814-v3,H1,NULL_SHUFFLE,NULL_SHUFFLE
GW170814-v3,H1,NULL_SHUFFLE,NULL_SHUFFLE
GW170814-v3,H1,NULL_SHUFFLE,NULL_SHUFFLE
GW170814-v3,H1,NULL_SHUFFLE,NULL_SHUFFLE
GW170814-v3,L1,ON,REAL_ON
GW170814-v3,L1,OFF1,REAL_OFF
GW170814-v3,L1,OFF2,REAL_OFF
GW170814-v3,L1,NULL_PHASE,NULL_PHASE
GW170814-v3,L1,NULL_PHASE,NULL_PHASE
GW170814-v3,L1,NULL_PHASE,NULL_PHASE
GW170814-v3,L1,NULL_PHASE,NULL_PHASE
GW170814-v3,L1,NULL_PHASE,NULL_PHASE
GW170814-v3,L1,NULL_SHUFFLE,NULL_SHUFFLE
GW170814-v3,L1,NULL_SHUFFLE,NULL_SHUFFLE
GW170814-v3,L1,NULL_SHUFFLE,NULL_SHUFFLE
GW170814-v3,L1,NULL_SHUFFLE,NULL_SHUFFLE
GW170814-v3,L1,NULL_SHUFFLE,NULL_SHUFFLE
GW170817-v1,H1,ON,REAL_ON
GW170817-v1,H1,OFF1,REAL_OFF
GW170817-v1,H1,OFF2,REAL_OFF
GW170817-v1,H1,NULL_PHASE,NULL_PHASE
GW170817-v1,H1,NULL_PHASE,NULL_PHASE
GW170817-v1,H1,NULL_PHASE,NULL_PHASE
GW170817-v1,H1,NULL_PHASE,NULL_PHASE
GW170817-v1,H1,NULL_PHASE,NULL_PHASE
GW170817-v1,H1,NULL_SHUFFLE,NULL_SHUFFLE
GW170817-v1,H1,NULL_SHUFFLE,NULL_SHUFFLE
GW170817-v1,H1,NULL_SHUFFLE,NULL_SHUFFLE
GW170817-v1,H1,NULL_SHUFFLE,NULL_SHUFFLE
GW170817-v1,H1,NULL_SHUFFLE,NULL_SHUFFLE
GW170817-v1,L1,ON,REAL_ON
GW170817-v1,L1,OFF1,REAL_OFF
GW170817-v1,L1,OFF2,REAL_OFF
GW170817-v1,L1,NULL_PHASE,NULL_PHASE
GW170817-v1,L1,NULL_PHASE,NULL_PHASE
GW170817-v1,L1,NULL_PHASE,NULL_PHASE
GW170817-v1,L1,NULL_PHASE,NULL_PHASE
GW170817-v1,L1,NULL_PHASE,NULL_PHASE
GW170817-v1,L1,NULL_SHUFFLE,NULL_SHUFFLE
GW170817-v1,L1,NULL_SHUFFLE,NULL_SHUFFLE
GW170817-v1,L1,NULL_SHUFFLE,NULL_SHUFFLE
GW170817-v1,L1,NULL_SHUFFLE,NULL_SHUFFLE
GW170817-v1,L1,NULL_SHUFFLE,NULL_SHUFFLE
GW170817-v2,H1,ON,REAL_ON
GW170817-v2,H1,OFF1,REAL_OFF
GW170817-v2,H1,OFF2,REAL_OFF
GW170817-v2,H1,NULL_PHASE,NULL_PHASE
GW170817-v2,H1,NULL_PHASE,NULL_PHASE
GW170817-v2,H1,NULL_PHASE,NULL_PHASE
GW170817-v2,H1,NULL_PHASE,NULL_PHASE
GW170817-v2,H1,NULL_PHASE,NULL_PHASE
GW170817-v2,H1,NULL_SHUFFLE,NULL_SHUFFLE
GW170817-v2,H1,NULL_SHUFFLE,NULL_SHUFFLE
GW170817-v2,H1,NULL_SHUFFLE,NULL_SHUFFLE
GW170817-v2,H1,NULL_SHUFFLE,NULL_SHUFFLE
GW170817-v2,H1,NULL_SHUFFLE,NULL_SHUFFLE
GW170817-v2,L1,ON,REAL_ON
GW170817-v2,L1,OFF1,REAL_OFF
GW170817-v2,L1,OFF2,REAL_OFF
GW170817-v2,L1,NULL_PHASE,NULL_PHASE
GW170817-v2,L1,NULL_PHASE,NULL_PHASE
GW170817-v2,L1,NULL_PHASE,NULL_PHASE
GW170817-v2,L1,NULL_PHASE,NULL_PHASE
GW170817-v2,L1,NULL_PHASE,NULL_PHASE
GW170817-v2,L1,NULL_SHUFFLE,NULL_SHUFFLE
GW170817-v2,L1,NULL_SHUFFLE,NULL_SHUFFLE
GW170817-v2,L1,NULL_SHUFFLE,NULL_SHUFFLE
GW170817-v2,L1,NULL_SHUFFLE,NULL_SHUFFLE
GW170817-v2,L1,NULL_SHUFFLE,NULL_SHUFFLE
GW170817-v3,H1,ON,REAL_ON
GW170817-v3,H1,OFF1,REAL_OFF
GW170817-v3,H1,OFF2,REAL_OFF
GW170817-v3,H1,NULL_PHASE,NULL_PHASE
GW170817-v3,H1,NULL_PHASE,NULL_PHASE
GW170817-v3,H1,NULL_PHASE,NULL_PHASE
GW170817-v3,H1,NULL_PHASE,NULL_PHASE
GW170817-v3,H1,NULL_PHASE,NULL_PHASE
GW170817-v3,H1,NULL_SHUFFLE,NULL_SHUFFLE
GW170817-v3,H1,NULL_SHUFFLE,NULL_SHUFFLE
GW170817-v3,H1,NULL_SHUFFLE,NULL_SHUFFLE
GW170817-v3,H1,NULL_SHUFFLE,NULL_SHUFFLE
GW170817-v3,H1,NULL_SHUFFLE,NULL_SHUFFLE
GW170817-v3,L1,ON,REAL_ON
GW170817-v3,L1,OFF1,REAL_OFF
GW170817-v3,L1,OFF2,REAL_OFF
GW170817-v3,L1,NULL_PHASE,NULL_PHASE
GW170817-v3,L1,NULL_PHASE,NULL_PHASE
GW170817-v3,L1,NULL_PHASE,NULL_PHASE
GW170817-v3,L1,NULL_PHASE,NULL_PHASE
GW170817-v3,L1,NULL_PHASE,NULL_PHASE
GW170817-v3,L1,NULL_SHUFFLE,NULL_SHUFFLE
GW170817-v3,L1,NULL_SHUFFLE,NULL_SHUFFLE
GW170817-v3,L1,NULL_SHUFFLE,NULL_SHUFFLE
GW170817-v3,L1,NULL_SHUFFLE,NULL_SHUFFLE
GW170817-v3,L1,NULL_SHUFFLE,NULL_SHUFFLE
GW170818-v1,H1,ON,REAL_ON
GW170818-v1,H1,OFF1,REAL_OFF
GW170818-v1,H1,OFF2,REAL_OFF
GW170818-v1,H1,NULL_PHASE,NULL_PHASE
GW170818-v1,H1,NULL_PHASE,NULL_PHASE
GW170818-v1,H1,NULL_PHASE,NULL_PHASE
GW170818-v1,H1,NULL_PHASE,NULL_PHASE
GW170818-v1,H1,NULL_PHASE,NULL_PHASE
GW170818-v1,H1,NULL_SHUFFLE,NULL_SHUFFLE
GW170818-v1,H1,NULL_SHUFFLE,NULL_SHUFFLE
GW170818-v1,H1,NULL_SHUFFLE,NULL_SHUFFLE
GW170818-v1,H1,NULL_SHUFFLE,NULL_SHUFFLE
GW170818-v1,H1,NULL_SHUFFLE,NULL_SHUFFLE
GW170818-v1,L1,ON,REAL_ON
GW170818-v1,L1,OFF1,REAL_OFF
GW170818-v1,L1,OFF2,REAL_OFF
GW170818-v1,L1,NULL_PHASE,NULL_PHASE
GW170818-v1,L1,NULL_PHASE,NULL_PHASE
GW170818-v1,L1,NULL_PHASE,NULL_PHASE
GW170818-v1,L1,NULL_PHASE,NULL_PHASE
GW170818-v1,L1,NULL_PHASE,NULL_PHASE
GW170818-v1,L1,NULL_SHUFFLE,NULL_SHUFFLE
GW170818-v1,L1,NULL_SHUFFLE,NULL_SHUFFLE
GW170818-v1,L1,NULL_SHUFFLE,NULL_SHUFFLE
GW170818-v1,L1,NULL_SHUFFLE,NULL_SHUFFLE
GW170818-v1,L1,NULL_SHUFFLE,NULL_SHUFFLE
GW170823-v1,H1,ON,REAL_ON
GW170823-v1,H1,OFF1,REAL_OFF
GW170823-v1,H1,OFF2,REAL_OFF
GW170823-v1,H1,NULL_PHASE,NULL_PHASE
GW170823-v1,H1,NULL_PHASE,NULL_PHASE
GW170823-v1,H1,NULL_PHASE,NULL_PHASE
GW170823-v1,H1,NULL_PHASE,NULL_PHASE
GW170823-v1,H1,NULL_PHASE,NULL_PHASE
GW170823-v1,H1,NULL_SHUFFLE,NULL_SHUFFLE
GW170823-v1,H1,NULL_SHUFFLE,NULL_SHUFFLE
GW170823-v1,H1,NULL_SHUFFLE,NULL_SHUFFLE
GW170823-v1,H1,NULL_SHUFFLE,NULL_SHUFFLE
GW170823-v1,H1,NULL_SHUFFLE,NULL_SHUFFLE
GW170823-v1,L1,ON,REAL_ON
GW170823-v1,L1,OFF1,REAL_OFF
GW170823-v1,L1,OFF2,REAL_OFF
GW170823-v1,L1,NULL_PHASE,NULL_PHASE
GW170823-v1,L1,NULL_PHASE,NULL_PHASE
GW170823-v1,L1,NULL_PHASE,NULL_PHASE
GW170823-v1,L1,NULL_PHASE,NULL_PHASE
GW170823-v1,L1,NULL_PHASE,NULL_PHASE
GW170823-v1,L1,NULL_SHUFFLE,NULL_SHUFFLE
GW170823-v1,L1,NULL_SHUFFLE,NULL_SHUFFLE
GW170823-v1,L1,NULL_SHUFFLE,NULL_SHUFFLE
GW170823-v1,L1,NULL_SHUFFLE,NULL_SHUFFLE
GW170823-v1,L1,NULL_SHUFFLE,NULL_SHUFFLE
GW190403_051519-v1,H1,ON,REAL_ON
GW190403_051519-v1,H1,OFF1,REAL_OFF
GW190403_051519-v1,H1,OFF2,REAL_OFF
GW190403_051519-v1,H1,NULL_PHASE,NULL_PHASE
GW190403_051519-v1,H1,NULL_PHASE,NULL_PHASE
GW190403_051519-v1,H1,NULL_PHASE,NULL_PHASE
GW190403_051519-v1,H1,NULL_PHASE,NULL_PHASE
GW190403_051519-v1,H1,NULL_PHASE,NULL_PHASE
GW190403_051519-v1,H1,NULL_SHUFFLE,NULL_SHUFFLE
GW190403_051519-v1,H1,NULL_SHUFFLE,NULL_SHUFFLE
GW190403_051519-v1,H1,NULL_SHUFFLE,NULL_SHUFFLE
GW190403_051519-v1,H1,NULL_SHUFFLE,NULL_SHUFFLE
GW190403_051519-v1,H1,NULL_SHUFFLE,NULL_SHUFFLE
GW190403_051519-v1,L1,ON,REAL_ON
GW190403_051519-v1,L1,OFF1,REAL_OFF
GW190403_051519-v1,L1,OFF2,REAL_OFF
GW190403_051519-v1,L1,NULL_PHASE,NULL_PHASE
GW190403_051519-v1,L1,NULL_PHASE,NULL_PHASE
GW190403_051519-v1,L1,NULL_PHASE,NULL_PHASE
GW190403_051519-v1,L1,NULL_PHASE,NULL_PHASE
GW190403_051519-v1,L1,NULL_PHASE,NULL_PHASE
GW190403_051519-v1,L1,NULL_SHUFFLE,NULL_SHUFFLE
GW190403_051519-v1,L1,NULL_SHUFFLE,NULL_SHUFFLE
GW190403_051519-v1,L1,NULL_SHUFFLE,NULL_SHUFFLE
GW190403_051519-v1,L1,NULL_SHUFFLE,NULL_SHUFFLE
GW190403_051519-v1,L1,NULL_SHUFFLE,NULL_SHUFFLE
GW190408_181802-v1,H1,ON,REAL_ON
GW190408_181802-v1,H1,OFF1,REAL_OFF
GW190408_181802-v1,H1,OFF2,REAL_OFF
GW190408_181802-v1,H1,NULL_PHASE,NULL_PHASE
GW190408_181802-v1,H1,NULL_PHASE,NULL_PHASE
GW190408_181802-v1,H1,NULL_PHASE,NULL_PHASE
GW190408_181802-v1,H1,NULL_PHASE,NULL_PHASE
GW190408_181802-v1,H1,NULL_PHASE,NULL_PHASE
GW190408_181802-v1,H1,NULL_SHUFFLE,NULL_SHUFFLE
GW190408_181802-v1,H1,NULL_SHUFFLE,NULL_SHUFFLE
GW190408_181802-v1,H1,NULL_SHUFFLE,NULL_SHUFFLE
GW190408_181802-v1,H1,NULL_SHUFFLE,NULL_SHUFFLE
GW190408_181802-v1,H1,NULL_SHUFFLE,NULL_SHUFFLE
GW190408_181802-v1,L1,ON,REAL_ON
GW190408_181802-v1,L1,OFF1,REAL_OFF
GW190408_181802-v1,L1,OFF2,REAL_OFF
GW190408_181802-v1,L1,NULL_PHASE,NULL_PHASE
GW190408_181802-v1,L1,NULL_PHASE,NULL_PHASE
GW190408_181802-v1,L1,NULL_PHASE,NULL_PHASE
GW190408_181802-v1,L1,NULL_PHASE,NULL_PHASE
GW190408_181802-v1,L1,NULL_PHASE,NULL_PHASE
GW190408_181802-v1,L1,NULL_SHUFFLE,NULL_SHUFFLE
GW190408_181802-v1,L1,NULL_SHUFFLE,NULL_SHUFFLE
GW190408_181802-v1,L1,NULL_SHUFFLE,NULL_SHUFFLE
GW190408_181802-v1,L1,NULL_SHUFFLE,NULL_SHUFFLE
GW190408_181802-v1,L1,NULL_SHUFFLE,NULL_SHUFFLE
GW190408_181802-v2,H1,ON,REAL_ON
GW190408_181802-v2,H1,OFF1,REAL_OFF
GW190408_181802-v2,H1,OFF2,REAL_OFF
GW190408_181802-v2,H1,NULL_PHASE,NULL_PHASE
GW190408_181802-v2,H1,NULL_PHASE,NULL_PHASE
GW190408_181802-v2,H1,NULL_PHASE,NULL_PHASE
GW190408_181802-v2,H1,NULL_PHASE,NULL_PHASE
GW190408_181802-v2,H1,NULL_PHASE,NULL_PHASE
GW190408_181802-v2,H1,NULL_SHUFFLE,NULL_SHUFFLE
GW190408_181802-v2,H1,NULL_SHUFFLE,NULL_SHUFFLE
GW190408_181802-v2,H1,NULL_SHUFFLE,NULL_SHUFFLE
GW190408_181802-v2,H1,NULL_SHUFFLE,NULL_SHUFFLE
GW190408_181802-v2,H1,NULL_SHUFFLE,NULL_SHUFFLE
GW190408_181802-v2,L1,ON,REAL_ON
GW190408_181802-v2,L1,OFF1,REAL_OFF
GW190408_181802-v2,L1,OFF2,REAL_OFF
GW190408_181802-v2,L1,NULL_PHASE,NULL_PHASE
GW190408_181802-v2,L1,NULL_PHASE,NULL_PHASE
GW190408_181802-v2,L1,NULL_PHASE,NULL_PHASE
GW190408_181802-v2,L1,NULL_PHASE,NULL_PHASE
GW190408_181802-v2,L1,NULL_PHASE,NULL_PHASE
GW190408_181802-v2,L1,NULL_SHUFFLE,NULL_SHUFFLE
GW190408_181802-v2,L1,NULL_SHUFFLE,NULL_SHUFFLE
GW190408_181802-v2,L1,NULL_SHUFFLE,NULL_SHUFFLE
GW190408_181802-v2,L1,NULL_SHUFFLE,NULL_SHUFFLE
GW190408_181802-v2,L1,NULL_SHUFFLE,NULL_SHUFFLE
GW190412-v1,H1,ON,REAL_ON
GW190412-v1,H1,OFF1,REAL_OFF
GW190412-v1,H1,OFF2,REAL_OFF
GW190412-v1,H1,NULL_PHASE,NULL_PHASE
GW190412-v1,H1,NULL_PHASE,NULL_PHASE
GW190412-v1,H1,NULL_PHASE,NULL_PHASE
GW190412-v1,H1,NULL_PHASE,NULL_PHASE
GW190412-v1,H1,NULL_PHASE,NULL_PHASE
GW190412-v1,H1,NULL_SHUFFLE,NULL_SHUFFLE
GW190412-v1,H1,NULL_SHUFFLE,NULL_SHUFFLE
GW190412-v1,H1,NULL_SHUFFLE,NULL_SHUFFLE
GW190412-v1,H1,NULL_SHUFFLE,NULL_SHUFFLE
GW190412-v1,H1,NULL_SHUFFLE,NULL_SHUFFLE
GW190412-v1,L1,ON,REAL_ON
GW190412-v1,L1,OFF1,REAL_OFF
GW190412-v1,L1,OFF2,REAL_OFF
GW190412-v1,L1,NULL_PHASE,NULL_PHASE
GW190412-v1,L1,NULL_PHASE,NULL_PHASE
GW190412-v1,L1,NULL_PHASE,NULL_PHASE
GW190412-v1,L1,NULL_PHASE,NULL_PHASE
GW190412-v1,L1,NULL_PHASE,NULL_PHASE
GW190412-v1,L1,NULL_SHUFFLE,NULL_SHUFFLE
GW190412-v1,L1,NULL_SHUFFLE,NULL_SHUFFLE
GW190412-v1,L1,NULL_SHUFFLE,NULL_SHUFFLE
GW190412-v1,L1,NULL_SHUFFLE,NULL_SHUFFLE
GW190412-v1,L1,NULL_SHUFFLE,NULL_SHUFFLE
GW190412-v2,H1,ON,REAL_ON
GW190412-v2,H1,OFF1,REAL_OFF
GW190412-v2,H1,OFF2,REAL_OFF
GW190412-v2,H1,NULL_PHASE,NULL_PHASE
GW190412-v2,H1,NULL_PHASE,NULL_PHASE
GW190412-v2,H1,NULL_PHASE,NULL_PHASE
GW190412-v2,H1,NULL_PHASE,NULL_PHASE
GW190412-v2,H1,NULL_PHASE,NULL_PHASE
GW190412-v2,H1,NULL_SHUFFLE,NULL_SHUFFLE
GW190412-v2,H1,NULL_SHUFFLE,NULL_SHUFFLE
GW190412-v2,H1,NULL_SHUFFLE,NULL_SHUFFLE
GW190412-v2,H1,NULL_SHUFFLE,NULL_SHUFFLE
GW190412-v2,H1,NULL_SHUFFLE,NULL_SHUFFLE
GW190412-v2,L1,ON,REAL_ON
GW190412-v2,L1,OFF1,REAL_OFF
GW190412-v2,L1,OFF2,REAL_OFF
GW190412-v2,L1,NULL_PHASE,NULL_PHASE
GW190412-v2,L1,NULL_PHASE,NULL_PHASE
GW190412-v2,L1,NULL_PHASE,NULL_PHASE
GW190412-v2,L1,NULL_PHASE,NULL_PHASE
GW190412-v2,L1,NULL_PHASE,NULL_PHASE
GW190412-v2,L1,NULL_SHUFFLE,NULL_SHUFFLE
GW190412-v2,L1,NULL_SHUFFLE,NULL_SHUFFLE
GW190412-v2,L1,NULL_SHUFFLE,NULL_SHUFFLE
GW190412-v2,L1,NULL_SHUFFLE,NULL_SHUFFLE
GW190412-v2,L1,NULL_SHUFFLE,NULL_SHUFFLE
GW190412-v3,H1,ON,REAL_ON
GW190412-v3,H1,OFF1,REAL_OFF
GW190412-v3,H1,OFF2,REAL_OFF
GW190412-v3,H1,NULL_PHASE,NULL_PHASE
GW190412-v3,H1,NULL_PHASE,NULL_PHASE
GW190412-v3,H1,NULL_PHASE,NULL_PHASE
GW190412-v3,H1,NULL_PHASE,NULL_PHASE
GW190412-v3,H1,NULL_PHASE,NULL_PHASE
GW190412-v3,H1,NULL_SHUFFLE,NULL_SHUFFLE
GW190412-v3,H1,NULL_SHUFFLE,NULL_SHUFFLE
GW190412-v3,H1,NULL_SHUFFLE,NULL_SHUFFLE
GW190412-v3,H1,NULL_SHUFFLE,NULL_SHUFFLE
GW190412-v3,H1,NULL_SHUFFLE,NULL_SHUFFLE
GW190412-v3,L1,ON,REAL_ON
GW190412-v3,L1,OFF1,REAL_OFF
GW190412-v3,L1,OFF2,REAL_OFF
GW190412-v3,L1,NULL_PHASE,NULL_PHASE
GW190412-v3,L1,NULL_PHASE,NULL_PHASE
GW190412-v3,L1,NULL_PHASE,NULL_PHASE
GW190412-v3,L1,NULL_PHASE,NULL_PHASE
GW190412-v3,L1,NULL_PHASE,NULL_PHASE
GW190412-v3,L1,NULL_SHUFFLE,NULL_SHUFFLE
GW190412-v3,L1,NULL_SHUFFLE,NULL_SHUFFLE
GW190412-v3,L1,NULL_SHUFFLE,NULL_SHUFFLE
GW190412-v3,L1,NULL_SHUFFLE,NULL_SHUFFLE
GW190412-v3,L1,NULL_SHUFFLE,NULL_SHUFFLE
GW190412_053044-v4,H1,ON,REAL_ON
GW190412_053044-v4,H1,OFF1,REAL_OFF
GW190412_053044-v4,H1,OFF2,REAL_OFF
GW190412_053044-v4,H1,NULL_PHASE,NULL_PHASE
GW190412_053044-v4,H1,NULL_PHASE,NULL_PHASE
GW190412_053044-v4,H1,NULL_PHASE,NULL_PHASE
GW190412_053044-v4,H1,NULL_PHASE,NULL_PHASE
GW190412_053044-v4,H1,NULL_PHASE,NULL_PHASE
GW190412_053044-v4,H1,NULL_SHUFFLE,NULL_SHUFFLE
GW190412_053044-v4,H1,NULL_SHUFFLE,NULL_SHUFFLE
GW190412_053044-v4,H1,NULL_SHUFFLE,NULL_SHUFFLE
GW190412_053044-v4,H1,NULL_SHUFFLE,NULL_SHUFFLE
GW190412_053044-v4,H1,NULL_SHUFFLE,NULL_SHUFFLE
GW190412_053044-v4,L1,ON,REAL_ON
GW190412_053044-v4,L1,OFF1,REAL_OFF
GW190412_053044-v4,L1,OFF2,REAL_OFF
GW190412_053044-v4,L1,NULL_PHASE,NULL_PHASE
GW190412_053044-v4,L1,NULL_PHASE,NULL_PHASE
GW190412_053044-v4,L1,NULL_PHASE,NULL_PHASE
GW190412_053044-v4,L1,NULL_PHASE,NULL_PHASE
GW190412_053044-v4,L1,NULL_PHASE,NULL_PHASE
GW190412_053044-v4,L1,NULL_SHUFFLE,NULL_SHUFFLE
GW190412_053044-v4,L1,NULL_SHUFFLE,NULL_SHUFFLE
GW190412_053044-v4,L1,NULL_SHUFFLE,NULL_SHUFFLE
GW190412_053044-v4,L1,NULL_SHUFFLE,NULL_SHUFFLE
GW190412_053044-v4,L1,NULL_SHUFFLE,NULL_SHUFFLE
GW190413_052954-v1,H1,ON,REAL_ON
GW190413_052954-v1,H1,OFF1,REAL_OFF
GW190413_052954-v1,H1,OFF2,REAL_OFF
GW190413_052954-v1,H1,NULL_PHASE,NULL_PHASE
GW190413_052954-v1,H1,NULL_PHASE,NULL_PHASE
GW190413_052954-v1,H1,NULL_PHASE,NULL_PHASE
GW190413_052954-v1,H1,NULL_PHASE,NULL_PHASE
GW190413_052954-v1,H1,NULL_PHASE,NULL_PHASE
GW190413_052954-v1,H1,NULL_SHUFFLE,NULL_SHUFFLE
GW190413_052954-v1,H1,NULL_SHUFFLE,NULL_SHUFFLE
GW190413_052954-v1,H1,NULL_SHUFFLE,NULL_SHUFFLE
GW190413_052954-v1,H1,NULL_SHUFFLE,NULL_SHUFFLE
GW190413_052954-v1,H1,NULL_SHUFFLE,NULL_SHUFFLE
GW190413_052954-v1,L1,ON,REAL_ON
GW190413_052954-v1,L1,OFF1,REAL_OFF
GW190413_052954-v1,L1,OFF2,REAL_OFF
GW190413_052954-v1,L1,NULL_PHASE,NULL_PHASE
GW190413_052954-v1,L1,NULL_PHASE,NULL_PHASE
GW190413_052954-v1,L1,NULL_PHASE,NULL_PHASE
GW190413_052954-v1,L1,NULL_PHASE,NULL_PHASE
GW190413_052954-v1,L1,NULL_PHASE,NULL_PHASE
GW190413_052954-v1,L1,NULL_SHUFFLE,NULL_SHUFFLE
GW190413_052954-v1,L1,NULL_SHUFFLE,NULL_SHUFFLE
GW190413_052954-v1,L1,NULL_SHUFFLE,NULL_SHUFFLE
GW190413_052954-v1,L1,NULL_SHUFFLE,NULL_SHUFFLE
GW190413_052954-v1,L1,NULL_SHUFFLE,NULL_SHUFFLE
GW190413_052954-v2,H1,ON,REAL_ON
GW190413_052954-v2,H1,OFF1,REAL_OFF
GW190413_052954-v2,H1,OFF2,REAL_OFF
GW190413_052954-v2,H1,NULL_PHASE,NULL_PHASE
GW190413_052954-v2,H1,NULL_PHASE,NULL_PHASE
GW190413_052954-v2,H1,NULL_PHASE,NULL_PHASE
GW190413_052954-v2,H1,NULL_PHASE,NULL_PHASE
GW190413_052954-v2,H1,NULL_PHASE,NULL_PHASE
GW190413_052954-v2,H1,NULL_SHUFFLE,NULL_SHUFFLE
GW190413_052954-v2,H1,NULL_SHUFFLE,NULL_SHUFFLE
GW190413_052954-v2,H1,NULL_SHUFFLE,NULL_SHUFFLE
GW190413_052954-v2,H1,NULL_SHUFFLE,NULL_SHUFFLE
GW190413_052954-v2,H1,NULL_SHUFFLE,NULL_SHUFFLE
GW190413_052954-v2,L1,ON,REAL_ON
GW190413_052954-v2,L1,OFF1,REAL_OFF
GW190413_052954-v2,L1,OFF2,REAL_OFF
GW190413_052954-v2,L1,NULL_PHASE,NULL_PHASE
GW190413_052954-v2,L1,NULL_PHASE,NULL_PHASE
GW190413_052954-v2,L1,NULL_PHASE,NULL_PHASE
GW190413_052954-v2,L1,NULL_PHASE,NULL_PHASE
GW190413_052954-v2,L1,NULL_PHASE,NULL_PHASE
GW190413_052954-v2,L1,NULL_SHUFFLE,NULL_SHUFFLE
GW190413_052954-v2,L1,NULL_SHUFFLE,NULL_SHUFFLE
GW190413_052954-v2,L1,NULL_SHUFFLE,NULL_SHUFFLE
GW190413_052954-v2,L1,NULL_SHUFFLE,NULL_SHUFFLE
GW190413_052954-v2,L1,NULL_SHUFFLE,NULL_SHUFFLE
GW190413_134308-v1,H1,ON,REAL_ON
GW190413_134308-v1,H1,OFF1,REAL_OFF
GW190413_134308-v1,H1,OFF2,REAL_OFF
GW190413_134308-v1,H1,NULL_PHASE,NULL_PHASE
GW190413_134308-v1,H1,NULL_PHASE,NULL_PHASE
GW190413_134308-v1,H1,NULL_PHASE,NULL_PHASE
GW190413_134308-v1,H1,NULL_PHASE,NULL_PHASE
GW190413_134308-v1,H1,NULL_PHASE,NULL_PHASE
GW190413_134308-v1,H1,NULL_SHUFFLE,NULL_SHUFFLE
GW190413_134308-v1,H1,NULL_SHUFFLE,NULL_SHUFFLE
GW190413_134308-v1,H1,NULL_SHUFFLE,NULL_SHUFFLE
GW190413_134308-v1,H1,NULL_SHUFFLE,NULL_SHUFFLE
GW190413_134308-v1,H1,NULL_SHUFFLE,NULL_SHUFFLE
GW190413_134308-v1,L1,ON,REAL_ON
GW190413_134308-v1,L1,OFF1,REAL_OFF
GW190413_134308-v1,L1,OFF2,REAL_OFF
GW190413_134308-v1,L1,NULL_PHASE,NULL_PHASE
GW190413_134308-v1,L1,NULL_PHASE,NULL_PHASE
GW190413_134308-v1,L1,NULL_PHASE,NULL_PHASE
GW190413_134308-v1,L1,NULL_PHASE,NULL_PHASE
GW190413_134308-v1,L1,NULL_PHASE,NULL_PHASE
GW190413_134308-v1,L1,NULL_SHUFFLE,NULL_SHUFFLE
GW190413_134308-v1,L1,NULL_SHUFFLE,NULL_SHUFFLE
GW190413_134308-v1,L1,NULL_SHUFFLE,NULL_SHUFFLE
GW190413_134308-v1,L1,NULL_SHUFFLE,NULL_SHUFFLE
GW190413_134308-v1,L1,NULL_SHUFFLE,NULL_SHUFFLE
GW190413_134308-v2,H1,ON,REAL_ON
GW190413_134308-v2,H1,OFF1,REAL_OFF
GW190413_134308-v2,H1,OFF2,REAL_OFF
GW190413_134308-v2,H1,NULL_PHASE,NULL_PHASE
GW190413_134308-v2,H1,NULL_PHASE,NULL_PHASE
GW190413_134308-v2,H1,NULL_PHASE,NULL_PHASE
GW190413_134308-v2,H1,NULL_PHASE,NULL_PHASE
GW190413_134308-v2,H1,NULL_PHASE,NULL_PHASE
GW190413_134308-v2,H1,NULL_SHUFFLE,NULL_SHUFFLE
GW190413_134308-v2,H1,NULL_SHUFFLE,NULL_SHUFFLE
GW190413_134308-v2,H1,NULL_SHUFFLE,NULL_SHUFFLE
GW190413_134308-v2,H1,NULL_SHUFFLE,NULL_SHUFFLE
GW190413_134308-v2,H1,NULL_SHUFFLE,NULL_SHUFFLE
GW190413_134308-v2,L1,ON,REAL_ON
GW190413_134308-v2,L1,OFF1,REAL_OFF
GW190413_134308-v2,L1,OFF2,REAL_OFF
GW190413_134308-v2,L1,NULL_PHASE,NULL_PHASE
GW190413_134308-v2,L1,NULL_PHASE,NULL_PHASE
GW190413_134308-v2,L1,NULL_PHASE,NULL_PHASE
GW190413_134308-v2,L1,NULL_PHASE,NULL_PHASE
GW190413_134308-v2,L1,NULL_PHASE,NULL_PHASE
GW190413_134308-v2,L1,NULL_SHUFFLE,NULL_SHUFFLE
GW190413_134308-v2,L1,NULL_SHUFFLE,NULL_SHUFFLE
GW190413_134308-v2,L1,NULL_SHUFFLE,NULL_SHUFFLE
GW190413_134308-v2,L1,NULL_SHUFFLE,NULL_SHUFFLE
GW190413_134308-v2,L1,NULL_SHUFFLE,NULL_SHUFFLE
GW190421_213856-v1,H1,ON,REAL_ON
GW190421_213856-v1,H1,OFF1,REAL_OFF
GW190421_213856-v1,H1,OFF2,REAL_OFF
GW190421_213856-v1,H1,NULL_PHASE,NULL_PHASE
GW190421_213856-v1,H1,NULL_PHASE,NULL_PHASE
GW190421_213856-v1,H1,NULL_PHASE,NULL_PHASE
GW190421_213856-v1,H1,NULL_PHASE,NULL_PHASE
GW190421_213856-v1,H1,NULL_PHASE,NULL_PHASE
GW190421_213856-v1,H1,NULL_SHUFFLE,NULL_SHUFFLE
GW190421_213856-v1,H1,NULL_SHUFFLE,NULL_SHUFFLE
GW190421_213856-v1,H1,NULL_SHUFFLE,NULL_SHUFFLE
GW190421_213856-v1,H1,NULL_SHUFFLE,NULL_SHUFFLE
GW190421_213856-v1,H1,NULL_SHUFFLE,NULL_SHUFFLE
GW190421_213856-v1,L1,ON,REAL_ON
GW190421_213856-v1,L1,OFF1,REAL_OFF
GW190421_213856-v1,L1,OFF2,REAL_OFF
GW190421_213856-v1,L1,NULL_PHASE,NULL_PHASE
GW190421_213856-v1,L1,NULL_PHASE,NULL_PHASE
GW190421_213856-v1,L1,NULL_PHASE,NULL_PHASE
GW190421_213856-v1,L1,NULL_PHASE,NULL_PHASE
GW190421_213856-v1,L1,NULL_PHASE,NULL_PHASE
GW190421_213856-v1,L1,NULL_SHUFFLE,NULL_SHUFFLE
GW190421_213856-v1,L1,NULL_SHUFFLE,NULL_SHUFFLE
GW190421_213856-v1,L1,NULL_SHUFFLE,NULL_SHUFFLE
GW190421_213856-v1,L1,NULL_SHUFFLE,NULL_SHUFFLE
GW190421_213856-v1,L1,NULL_SHUFFLE,NULL_SHUFFLE
GW190421_213856-v2,H1,ON,REAL_ON
GW190421_213856-v2,H1,OFF1,REAL_OFF
GW190421_213856-v2,H1,OFF2,REAL_OFF
GW190421_213856-v2,H1,NULL_PHASE,NULL_PHASE
GW190421_213856-v2,H1,NULL_PHASE,NULL_PHASE
GW190421_213856-v2,H1,NULL_PHASE,NULL_PHASE
GW190421_213856-v2,H1,NULL_PHASE,NULL_PHASE
GW190421_213856-v2,H1,NULL_PHASE,NULL_PHASE
GW190421_213856-v2,H1,NULL_SHUFFLE,NULL_SHUFFLE
GW190421_213856-v2,H1,NULL_SHUFFLE,NULL_SHUFFLE
GW190421_213856-v2,H1,NULL_SHUFFLE,NULL_SHUFFLE
GW190421_213856-v2,H1,NULL_SHUFFLE,NULL_SHUFFLE
GW190421_213856-v2,H1,NULL_SHUFFLE,NULL_SHUFFLE
GW190421_213856-v2,L1,ON,REAL_ON
GW190421_213856-v2,L1,OFF1,REAL_OFF
GW190421_213856-v2,L1,OFF2,REAL_OFF
GW190421_213856-v2,L1,NULL_PHASE,NULL_PHASE
GW190421_213856-v2,L1,NULL_PHASE,NULL_PHASE
GW190421_213856-v2,L1,NULL_PHASE,NULL_PHASE
GW190421_213856-v2,L1,NULL_PHASE,NULL_PHASE
GW190421_213856-v2,L1,NULL_PHASE,NULL_PHASE
GW190421_213856-v2,L1,NULL_SHUFFLE,NULL_SHUFFLE
GW190421_213856-v2,L1,NULL_SHUFFLE,NULL_SHUFFLE
GW190421_213856-v2,L1,NULL_SHUFFLE,NULL_SHUFFLE
GW190421_213856-v2,L1,NULL_SHUFFLE,NULL_SHUFFLE
GW190421_213856-v2,L1,NULL_SHUFFLE,NULL_SHUFFLE
GW190424_180648-v1,L1,ON,REAL_ON
GW190424_180648-v1,L1,OFF1,REAL_OFF
GW190424_180648-v1,L1,OFF2,REAL_OFF
GW190424_180648-v1,L1,NULL_PHASE,NULL_PHASE
GW190424_180648-v1,L1,NULL_PHASE,NULL_PHASE
GW190424_180648-v1,L1,NULL_PHASE,NULL_PHASE
GW190424_180648-v1,L1,NULL_PHASE,NULL_PHASE
GW190424_180648-v1,L1,NULL_PHASE,NULL_PHASE
GW190424_180648-v1,L1,NULL_SHUFFLE,NULL_SHUFFLE
GW190424_180648-v1,L1,NULL_SHUFFLE,NULL_SHUFFLE
GW190424_180648-v1,L1,NULL_SHUFFLE,NULL_SHUFFLE
GW190424_180648-v1,L1,NULL_SHUFFLE,NULL_SHUFFLE
GW190424_180648-v1,L1,NULL_SHUFFLE,NULL_SHUFFLE
GW190424_180648-v2,L1,ON,REAL_ON
GW190424_180648-v2,L1,OFF1,REAL_OFF
GW190424_180648-v2,L1,OFF2,REAL_OFF
GW190424_180648-v2,L1,NULL_PHASE,NULL_PHASE
GW190424_180648-v2,L1,NULL_PHASE,NULL_PHASE
GW190424_180648-v2,L1,NULL_PHASE,NULL_PHASE
GW190424_180648-v2,L1,NULL_PHASE,NULL_PHASE
GW190424_180648-v2,L1,NULL_PHASE,NULL_PHASE
GW190424_180648-v2,L1,NULL_SHUFFLE,NULL_SHUFFLE
GW190424_180648-v2,L1,NULL_SHUFFLE,NULL_SHUFFLE
GW190424_180648-v2,L1,NULL_SHUFFLE,NULL_SHUFFLE
GW190424_180648-v2,L1,NULL_SHUFFLE,NULL_SHUFFLE
GW190424_180648-v2,L1,NULL_SHUFFLE,NULL_SHUFFLE
GW190425-v1,L1,ON,REAL_ON
GW190425-v1,L1,OFF1,REAL_OFF
GW190425-v1,L1,OFF2,REAL_OFF
GW190425-v1,L1,NULL_PHASE,NULL_PHASE
GW190425-v1,L1,NULL_PHASE,NULL_PHASE
GW190425-v1,L1,NULL_PHASE,NULL_PHASE
GW190425-v1,L1,NULL_PHASE,NULL_PHASE
GW190425-v1,L1,NULL_PHASE,NULL_PHASE
GW190425-v1,L1,NULL_SHUFFLE,NULL_SHUFFLE
GW190425-v1,L1,NULL_SHUFFLE,NULL_SHUFFLE
GW190425-v1,L1,NULL_SHUFFLE,NULL_SHUFFLE
GW190425-v1,L1,NULL_SHUFFLE,NULL_SHUFFLE
GW190425-v1,L1,NULL_SHUFFLE,NULL_SHUFFLE
GW190425-v2,L1,ON,REAL_ON
GW190425-v2,L1,OFF1,REAL_OFF
GW190425-v2,L1,OFF2,REAL_OFF
GW190425-v2,L1,NULL_PHASE,NULL_PHASE
GW190425-v2,L1,NULL_PHASE,NULL_PHASE
GW190425-v2,L1,NULL_PHASE,NULL_PHASE
GW190425-v2,L1,NULL_PHASE,NULL_PHASE
GW190425-v2,L1,NULL_PHASE,NULL_PHASE
GW190425-v2,L1,NULL_SHUFFLE,NULL_SHUFFLE
GW190425-v2,L1,NULL_SHUFFLE,NULL_SHUFFLE
GW190425-v2,L1,NULL_SHUFFLE,NULL_SHUFFLE
GW190425-v2,L1,NULL_SHUFFLE,NULL_SHUFFLE
GW190425-v2,L1,NULL_SHUFFLE,NULL_SHUFFLE
GW190425_081805-v3,L1,ON,REAL_ON
GW190425_081805-v3,L1,OFF1,REAL_OFF
GW190425_081805-v3,L1,OFF2,REAL_OFF
GW190425_081805-v3,L1,NULL_PHASE,NULL_PHASE
GW190425_081805-v3,L1,NULL_PHASE,NULL_PHASE
GW190425_081805-v3,L1,NULL_PHASE,NULL_PHASE
GW190425_081805-v3,L1,NULL_PHASE,NULL_PHASE
GW190425_081805-v3,L1,NULL_PHASE,NULL_PHASE
GW190425_081805-v3,L1,NULL_SHUFFLE,NULL_SHUFFLE
GW190425_081805-v3,L1,NULL_SHUFFLE,NULL_SHUFFLE
GW190425_081805-v3,L1,NULL_SHUFFLE,NULL_SHUFFLE
GW190425_081805-v3,L1,NULL_SHUFFLE,NULL_SHUFFLE
GW190425_081805-v3,L1,NULL_SHUFFLE,NULL_SHUFFLE
GW190426_152155-v1,H1,ON,REAL_ON
GW190426_152155-v1,H1,OFF1,REAL_OFF
GW190426_152155-v1,H1,OFF2,REAL_OFF
GW190426_152155-v1,H1,NULL_PHASE,NULL_PHASE
GW190426_152155-v1,H1,NULL_PHASE,NULL_PHASE
GW190426_152155-v1,H1,NULL_PHASE,NULL_PHASE
GW190426_152155-v1,H1,NULL_PHASE,NULL_PHASE
GW190426_152155-v1,H1,NULL_PHASE,NULL_PHASE
GW190426_152155-v1,H1,NULL_SHUFFLE,NULL_SHUFFLE
GW190426_152155-v1,H1,NULL_SHUFFLE,NULL_SHUFFLE
GW190426_152155-v1,H1,NULL_SHUFFLE,NULL_SHUFFLE
GW190426_152155-v1,H1,NULL_SHUFFLE,NULL_SHUFFLE
GW190426_152155-v1,H1,NULL_SHUFFLE,NULL_SHUFFLE
GW190426_152155-v1,L1,ON,REAL_ON
GW190426_152155-v1,L1,OFF1,REAL_OFF
GW190426_152155-v1,L1,OFF2,REAL_OFF
GW190426_152155-v1,L1,NULL_PHASE,NULL_PHASE
GW190426_152155-v1,L1,NULL_PHASE,NULL_PHASE
GW190426_152155-v1,L1,NULL_PHASE,NULL_PHASE
GW190426_152155-v1,L1,NULL_PHASE,NULL_PHASE
GW190426_152155-v1,L1,NULL_PHASE,NULL_PHASE
GW190426_152155-v1,L1,NULL_SHUFFLE,NULL_SHUFFLE
GW190426_152155-v1,L1,NULL_SHUFFLE,NULL_SHUFFLE
GW190426_152155-v1,L1,NULL_SHUFFLE,NULL_SHUFFLE
GW190426_152155-v1,L1,NULL_SHUFFLE,NULL_SHUFFLE
GW190426_152155-v1,L1,NULL_SHUFFLE,NULL_SHUFFLE
GW190426_152155-v2,H1,ON,REAL_ON
GW190426_152155-v2,H1,OFF1,REAL_OFF
GW190426_152155-v2,H1,OFF2,REAL_OFF
GW190426_152155-v2,H1,NULL_PHASE,NULL_PHASE
GW190426_152155-v2,H1,NULL_PHASE,NULL_PHASE
GW190426_152155-v2,H1,NULL_PHASE,NULL_PHASE
GW190426_152155-v2,H1,NULL_PHASE,NULL_PHASE
GW190426_152155-v2,H1,NULL_PHASE,NULL_PHASE
GW190426_152155-v2,H1,NULL_SHUFFLE,NULL_SHUFFLE
GW190426_152155-v2,H1,NULL_SHUFFLE,NULL_SHUFFLE
GW190426_152155-v2,H1,NULL_SHUFFLE,NULL_SHUFFLE
GW190426_152155-v2,H1,NULL_SHUFFLE,NULL_SHUFFLE
GW190426_152155-v2,H1,NULL_SHUFFLE,NULL_SHUFFLE
GW190426_152155-v2,L1,ON,REAL_ON
GW190426_152155-v2,L1,OFF1,REAL_OFF
GW190426_152155-v2,L1,OFF2,REAL_OFF
GW190426_152155-v2,L1,NULL_PHASE,NULL_PHASE
GW190426_152155-v2,L1,NULL_PHASE,NULL_PHASE
GW190426_152155-v2,L1,NULL_PHASE,NULL_PHASE
GW190426_152155-v2,L1,NULL_PHASE,NULL_PHASE
GW190426_152155-v2,L1,NULL_PHASE,NULL_PHASE
GW190426_152155-v2,L1,NULL_SHUFFLE,NULL_SHUFFLE
GW190426_152155-v2,L1,NULL_SHUFFLE,NULL_SHUFFLE
GW190426_152155-v2,L1,NULL_SHUFFLE,NULL_SHUFFLE
GW190426_152155-v2,L1,NULL_SHUFFLE,NULL_SHUFFLE
GW190426_152155-v2,L1,NULL_SHUFFLE,NULL_SHUFFLE
GW190426_190642-v1,H1,ON,REAL_ON
GW190426_190642-v1,H1,OFF1,REAL_OFF
GW190426_190642-v1,H1,OFF2,REAL_OFF
GW190426_190642-v1,H1,NULL_PHASE,NULL_PHASE
GW190426_190642-v1,H1,NULL_PHASE,NULL_PHASE
GW190426_190642-v1,H1,NULL_PHASE,NULL_PHASE
GW190426_190642-v1,H1,NULL_PHASE,NULL_PHASE
GW190426_190642-v1,H1,NULL_PHASE,NULL_PHASE
GW190426_190642-v1,H1,NULL_SHUFFLE,NULL_SHUFFLE
GW190426_190642-v1,H1,NULL_SHUFFLE,NULL_SHUFFLE
GW190426_190642-v1,H1,NULL_SHUFFLE,NULL_SHUFFLE
GW190426_190642-v1,H1,NULL_SHUFFLE,NULL_SHUFFLE
GW190426_190642-v1,H1,NULL_SHUFFLE,NULL_SHUFFLE
GW190426_190642-v1,L1,ON,REAL_ON
GW190426_190642-v1,L1,OFF1,REAL_OFF
GW190426_190642-v1,L1,OFF2,REAL_OFF
GW190426_190642-v1,L1,NULL_PHASE,NULL_PHASE
GW190426_190642-v1,L1,NULL_PHASE,NULL_PHASE
GW190426_190642-v1,L1,NULL_PHASE,NULL_PHASE
GW190426_190642-v1,L1,NULL_PHASE,NULL_PHASE
GW190426_190642-v1,L1,NULL_PHASE,NULL_PHASE
GW190426_190642-v1,L1,NULL_SHUFFLE,NULL_SHUFFLE
GW190426_190642-v1,L1,NULL_SHUFFLE,NULL_SHUFFLE
GW190426_190642-v1,L1,NULL_SHUFFLE,NULL_SHUFFLE
GW190426_190642-v1,L1,NULL_SHUFFLE,NULL_SHUFFLE
GW190426_190642-v1,L1,NULL_SHUFFLE,NULL_SHUFFLE
GW190503_185404-v1,H1,ON,REAL_ON
GW190503_185404-v1,H1,OFF1,REAL_OFF
GW190503_185404-v1,H1,OFF2,REAL_OFF
GW190503_185404-v1,H1,NULL_PHASE,NULL_PHASE
GW190503_185404-v1,H1,NULL_PHASE,NULL_PHASE
GW190503_185404-v1,H1,NULL_PHASE,NULL_PHASE
GW190503_185404-v1,H1,NULL_PHASE,NULL_PHASE
GW190503_185404-v1,H1,NULL_PHASE,NULL_PHASE
GW190503_185404-v1,H1,NULL_SHUFFLE,NULL_SHUFFLE
GW190503_185404-v1,H1,NULL_SHUFFLE,NULL_SHUFFLE
GW190503_185404-v1,H1,NULL_SHUFFLE,NULL_SHUFFLE
GW190503_185404-v1,H1,NULL_SHUFFLE,NULL_SHUFFLE
GW190503_185404-v1,H1,NULL_SHUFFLE,NULL_SHUFFLE
GW190503_185404-v1,L1,ON,REAL_ON
GW190503_185404-v1,L1,OFF1,REAL_OFF
GW190503_185404-v1,L1,OFF2,REAL_OFF
GW190503_185404-v1,L1,NULL_PHASE,NULL_PHASE
GW190503_185404-v1,L1,NULL_PHASE,NULL_PHASE
GW190503_185404-v1,L1,NULL_PHASE,NULL_PHASE
GW190503_185404-v1,L1,NULL_PHASE,NULL_PHASE
GW190503_185404-v1,L1,NULL_PHASE,NULL_PHASE
GW190503_185404-v1,L1,NULL_SHUFFLE,NULL_SHUFFLE
GW190503_185404-v1,L1,NULL_SHUFFLE,NULL_SHUFFLE
GW190503_185404-v1,L1,NULL_SHUFFLE,NULL_SHUFFLE
GW190503_185404-v1,L1,NULL_SHUFFLE,NULL_SHUFFLE
GW190503_185404-v1,L1,NULL_SHUFFLE,NULL_SHUFFLE
GW190503_185404-v2,H1,ON,REAL_ON
GW190503_185404-v2,H1,OFF1,REAL_OFF
GW190503_185404-v2,H1,OFF2,REAL_OFF
GW190503_185404-v2,H1,NULL_PHASE,NULL_PHASE
GW190503_185404-v2,H1,NULL_PHASE,NULL_PHASE
GW190503_185404-v2,H1,NULL_PHASE,NULL_PHASE
GW190503_185404-v2,H1,NULL_PHASE,NULL_PHASE
GW190503_185404-v2,H1,NULL_PHASE,NULL_PHASE
GW190503_185404-v2,H1,NULL_SHUFFLE,NULL_SHUFFLE
GW190503_185404-v2,H1,NULL_SHUFFLE,NULL_SHUFFLE
GW190503_185404-v2,H1,NULL_SHUFFLE,NULL_SHUFFLE
GW190503_185404-v2,H1,NULL_SHUFFLE,NULL_SHUFFLE
GW190503_185404-v2,H1,NULL_SHUFFLE,NULL_SHUFFLE
GW190503_185404-v2,L1,ON,REAL_ON
GW190503_185404-v2,L1,OFF1,REAL_OFF
GW190503_185404-v2,L1,OFF2,REAL_OFF
GW190503_185404-v2,L1,NULL_PHASE,NULL_PHASE
GW190503_185404-v2,L1,NULL_PHASE,NULL_PHASE
GW190503_185404-v2,L1,NULL_PHASE,NULL_PHASE
GW190503_185404-v2,L1,NULL_PHASE,NULL_PHASE
GW190503_185404-v2,L1,NULL_PHASE,NULL_PHASE
GW190503_185404-v2,L1,NULL_SHUFFLE,NULL_SHUFFLE
GW190503_185404-v2,L1,NULL_SHUFFLE,NULL_SHUFFLE
GW190503_185404-v2,L1,NULL_SHUFFLE,NULL_SHUFFLE
GW190503_185404-v2,L1,NULL_SHUFFLE,NULL_SHUFFLE
GW190503_185404-v2,L1,NULL_SHUFFLE,NULL_SHUFFLE
GW190512_180714-v1,H1,ON,REAL_ON
GW190512_180714-v1,H1,OFF1,REAL_OFF
GW190512_180714-v1,H1,OFF2,REAL_OFF
GW190512_180714-v1,H1,NULL_PHASE,NULL_PHASE
GW190512_180714-v1,H1,NULL_PHASE,NULL_PHASE
GW190512_180714-v1,H1,NULL_PHASE,NULL_PHASE
GW190512_180714-v1,H1,NULL_PHASE,NULL_PHASE
GW190512_180714-v1,H1,NULL_PHASE,NULL_PHASE
GW190512_180714-v1,H1,NULL_SHUFFLE,NULL_SHUFFLE
GW190512_180714-v1,H1,NULL_SHUFFLE,NULL_SHUFFLE
GW190512_180714-v1,H1,NULL_SHUFFLE,NULL_SHUFFLE
GW190512_180714-v1,H1,NULL_SHUFFLE,NULL_SHUFFLE
GW190512_180714-v1,H1,NULL_SHUFFLE,NULL_SHUFFLE
GW190512_180714-v1,L1,ON,REAL_ON
GW190512_180714-v1,L1,OFF1,REAL_OFF
GW190512_180714-v1,L1,OFF2,REAL_OFF
GW190512_180714-v1,L1,NULL_PHASE,NULL_PHASE
GW190512_180714-v1,L1,NULL_PHASE,NULL_PHASE
GW190512_180714-v1,L1,NULL_PHASE,NULL_PHASE
GW190512_180714-v1,L1,NULL_PHASE,NULL_PHASE
GW190512_180714-v1,L1,NULL_PHASE,NULL_PHASE
GW190512_180714-v1,L1,NULL_SHUFFLE,NULL_SHUFFLE
GW190512_180714-v1,L1,NULL_SHUFFLE,NULL_SHUFFLE
GW190512_180714-v1,L1,NULL_SHUFFLE,NULL_SHUFFLE
GW190512_180714-v1,L1,NULL_SHUFFLE,NULL_SHUFFLE
GW190512_180714-v1,L1,NULL_SHUFFLE,NULL_SHUFFLE
GW190512_180714-v2,H1,ON,REAL_ON
GW190512_180714-v2,H1,OFF1,REAL_OFF
GW190512_180714-v2,H1,OFF2,REAL_OFF
GW190512_180714-v2,H1,NULL_PHASE,NULL_PHASE
GW190512_180714-v2,H1,NULL_PHASE,NULL_PHASE
GW190512_180714-v2,H1,NULL_PHASE,NULL_PHASE
GW190512_180714-v2,H1,NULL_PHASE,NULL_PHASE
GW190512_180714-v2,H1,NULL_PHASE,NULL_PHASE
GW190512_180714-v2,H1,NULL_SHUFFLE,NULL_SHUFFLE
GW190512_180714-v2,H1,NULL_SHUFFLE,NULL_SHUFFLE
GW190512_180714-v2,H1,NULL_SHUFFLE,NULL_SHUFFLE
GW190512_180714-v2,H1,NULL_SHUFFLE,NULL_SHUFFLE
GW190512_180714-v2,H1,NULL_SHUFFLE,NULL_SHUFFLE
GW190512_180714-v2,L1,ON,REAL_ON
GW190512_180714-v2,L1,OFF1,REAL_OFF
GW190512_180714-v2,L1,OFF2,REAL_OFF
GW190512_180714-v2,L1,NULL_PHASE,NULL_PHASE
GW190512_180714-v2,L1,NULL_PHASE,NULL_PHASE
GW190512_180714-v2,L1,NULL_PHASE,NULL_PHASE
GW190512_180714-v2,L1,NULL_PHASE,NULL_PHASE
GW190512_180714-v2,L1,NULL_PHASE,NULL_PHASE
GW190512_180714-v2,L1,NULL_SHUFFLE,NULL_SHUFFLE
GW190512_180714-v2,L1,NULL_SHUFFLE,NULL_SHUFFLE
GW190512_180714-v2,L1,NULL_SHUFFLE,NULL_SHUFFLE
GW190512_180714-v2,L1,NULL_SHUFFLE,NULL_SHUFFLE
GW190512_180714-v2,L1,NULL_SHUFFLE,NULL_SHUFFLE
GW190513_205428-v1,H1,ON,REAL_ON
GW190513_205428-v1,H1,OFF1,REAL_OFF
GW190513_205428-v1,H1,OFF2,REAL_OFF
GW190513_205428-v1,H1,NULL_PHASE,NULL_PHASE
GW190513_205428-v1,H1,NULL_PHASE,NULL_PHASE
GW190513_205428-v1,H1,NULL_PHASE,NULL_PHASE
GW190513_205428-v1,H1,NULL_PHASE,NULL_PHASE
GW190513_205428-v1,H1,NULL_PHASE,NULL_PHASE
GW190513_205428-v1,H1,NULL_SHUFFLE,NULL_SHUFFLE
GW190513_205428-v1,H1,NULL_SHUFFLE,NULL_SHUFFLE
GW190513_205428-v1,H1,NULL_SHUFFLE,NULL_SHUFFLE
GW190513_205428-v1,H1,NULL_SHUFFLE,NULL_SHUFFLE
GW190513_205428-v1,H1,NULL_SHUFFLE,NULL_SHUFFLE
GW190513_205428-v1,L1,ON,REAL_ON
GW190513_205428-v1,L1,OFF1,REAL_OFF
GW190513_205428-v1,L1,OFF2,REAL_OFF
GW190513_205428-v1,L1,NULL_PHASE,NULL_PHASE
GW190513_205428-v1,L1,NULL_PHASE,NULL_PHASE
GW190513_205428-v1,L1,NULL_PHASE,NULL_PHASE
GW190513_205428-v1,L1,NULL_PHASE,NULL_PHASE
GW190513_205428-v1,L1,NULL_PHASE,NULL_PHASE
GW190513_205428-v1,L1,NULL_SHUFFLE,NULL_SHUFFLE
GW190513_205428-v1,L1,NULL_SHUFFLE,NULL_SHUFFLE
GW190513_205428-v1,L1,NULL_SHUFFLE,NULL_SHUFFLE
GW190513_205428-v1,L1,NULL_SHUFFLE,NULL_SHUFFLE
GW190513_205428-v1,L1,NULL_SHUFFLE,NULL_SHUFFLE
GW190513_205428-v2,H1,ON,REAL_ON
GW190513_205428-v2,H1,OFF1,REAL_OFF
GW190513_205428-v2,H1,OFF2,REAL_OFF
GW190513_205428-v2,H1,NULL_PHASE,NULL_PHASE
GW190513_205428-v2,H1,NULL_PHASE,NULL_PHASE
GW190513_205428-v2,H1,NULL_PHASE,NULL_PHASE
GW190513_205428-v2,H1,NULL_PHASE,NULL_PHASE
GW190513_205428-v2,H1,NULL_PHASE,NULL_PHASE
GW190513_205428-v2,H1,NULL_SHUFFLE,NULL_SHUFFLE
GW190513_205428-v2,H1,NULL_SHUFFLE,NULL_SHUFFLE
GW190513_205428-v2,H1,NULL_SHUFFLE,NULL_SHUFFLE
GW190513_205428-v2,H1,NULL_SHUFFLE,NULL_SHUFFLE
GW190513_205428-v2,H1,NULL_SHUFFLE,NULL_SHUFFLE
GW190513_205428-v2,L1,ON,REAL_ON
GW190513_205428-v2,L1,OFF1,REAL_OFF
GW190513_205428-v2,L1,OFF2,REAL_OFF
GW190513_205428-v2,L1,NULL_PHASE,NULL_PHASE
GW190513_205428-v2,L1,NULL_PHASE,NULL_PHASE
GW190513_205428-v2,L1,NULL_PHASE,NULL_PHASE
GW190513_205428-v2,L1,NULL_PHASE,NULL_PHASE
GW190513_205428-v2,L1,NULL_PHASE,NULL_PHASE
GW190513_205428-v2,L1,NULL_SHUFFLE,NULL_SHUFFLE
GW190513_205428-v2,L1,NULL_SHUFFLE,NULL_SHUFFLE
GW190513_205428-v2,L1,NULL_SHUFFLE,NULL_SHUFFLE
GW190513_205428-v2,L1,NULL_SHUFFLE,NULL_SHUFFLE
GW190513_205428-v2,L1,NULL_SHUFFLE,NULL_SHUFFLE
GW190514_065416-v1,H1,ON,REAL_ON
GW190514_065416-v1,H1,OFF1,REAL_OFF
GW190514_065416-v1,H1,OFF2,REAL_OFF
GW190514_065416-v1,H1,NULL_PHASE,NULL_PHASE
GW190514_065416-v1,H1,NULL_PHASE,NULL_PHASE
GW190514_065416-v1,H1,NULL_PHASE,NULL_PHASE
GW190514_065416-v1,H1,NULL_PHASE,NULL_PHASE
GW190514_065416-v1,H1,NULL_PHASE,NULL_PHASE
GW190514_065416-v1,H1,NULL_SHUFFLE,NULL_SHUFFLE
GW190514_065416-v1,H1,NULL_SHUFFLE,NULL_SHUFFLE
GW190514_065416-v1,H1,NULL_SHUFFLE,NULL_SHUFFLE
GW190514_065416-v1,H1,NULL_SHUFFLE,NULL_SHUFFLE
GW190514_065416-v1,H1,NULL_SHUFFLE,NULL_SHUFFLE
GW190514_065416-v2,L1,ON,REAL_ON
GW190514_065416-v2,L1,OFF1,REAL_OFF
GW190514_065416-v2,L1,OFF2,REAL_OFF
GW190514_065416-v2,L1,NULL_PHASE,NULL_PHASE
GW190514_065416-v2,L1,NULL_PHASE,NULL_PHASE
GW190514_065416-v2,L1,NULL_PHASE,NULL_PHASE
GW190514_065416-v2,L1,NULL_PHASE,NULL_PHASE
GW190514_065416-v2,L1,NULL_PHASE,NULL_PHASE
GW190514_065416-v2,L1,NULL_SHUFFLE,NULL_SHUFFLE
GW190514_065416-v2,L1,NULL_SHUFFLE,NULL_SHUFFLE
GW190514_065416-v2,L1,NULL_SHUFFLE,NULL_SHUFFLE
GW190514_065416-v2,L1,NULL_SHUFFLE,NULL_SHUFFLE
GW190514_065416-v2,L1,NULL_SHUFFLE,NULL_SHUFFLE
GW190517_055101-v1,H1,ON,REAL_ON
GW190517_055101-v1,H1,OFF1,REAL_OFF
GW190517_055101-v1,H1,OFF2,REAL_OFF
GW190517_055101-v1,H1,NULL_PHASE,NULL_PHASE
GW190517_055101-v1,H1,NULL_PHASE,NULL_PHASE
GW190517_055101-v1,H1,NULL_PHASE,NULL_PHASE
GW190517_055101-v1,H1,NULL_PHASE,NULL_PHASE
GW190517_055101-v1,H1,NULL_PHASE,NULL_PHASE
GW190517_055101-v1,H1,NULL_SHUFFLE,NULL_SHUFFLE
GW190517_055101-v1,H1,NULL_SHUFFLE,NULL_SHUFFLE
GW190517_055101-v1,H1,NULL_SHUFFLE,NULL_SHUFFLE
GW190517_055101-v1,H1,NULL_SHUFFLE,NULL_SHUFFLE
GW190517_055101-v1,H1,NULL_SHUFFLE,NULL_SHUFFLE
GW190517_055101-v1,L1,ON,REAL_ON
GW190517_055101-v1,L1,OFF1,REAL_OFF
GW190517_055101-v1,L1,OFF2,REAL_OFF
GW190517_055101-v1,L1,NULL_PHASE,NULL_PHASE
GW190517_055101-v1,L1,NULL_PHASE,NULL_PHASE
GW190517_055101-v1,L1,NULL_PHASE,NULL_PHASE
GW190517_055101-v1,L1,NULL_PHASE,NULL_PHASE
GW190517_055101-v1,L1,NULL_PHASE,NULL_PHASE
GW190517_055101-v1,L1,NULL_SHUFFLE,NULL_SHUFFLE
GW190517_055101-v1,L1,NULL_SHUFFLE,NULL_SHUFFLE
GW190517_055101-v1,L1,NULL_SHUFFLE,NULL_SHUFFLE
GW190517_055101-v1,L1,NULL_SHUFFLE,NULL_SHUFFLE
GW190517_055101-v1,L1,NULL_SHUFFLE,NULL_SHUFFLE
GW190517_055101-v2,H1,ON,REAL_ON
GW190517_055101-v2,H1,OFF1,REAL_OFF
GW190517_055101-v2,H1,OFF2,REAL_OFF
GW190517_055101-v2,H1,NULL_PHASE,NULL_PHASE
GW190517_055101-v2,H1,NULL_PHASE,NULL_PHASE
GW190517_055101-v2,H1,NULL_PHASE,NULL_PHASE
GW190517_055101-v2,H1,NULL_PHASE,NULL_PHASE
GW190517_055101-v2,H1,NULL_PHASE,NULL_PHASE
GW190517_055101-v2,H1,NULL_SHUFFLE,NULL_SHUFFLE
GW190517_055101-v2,H1,NULL_SHUFFLE,NULL_SHUFFLE
GW190517_055101-v2,H1,NULL_SHUFFLE,NULL_SHUFFLE
GW190517_055101-v2,H1,NULL_SHUFFLE,NULL_SHUFFLE
GW190517_055101-v2,H1,NULL_SHUFFLE,NULL_SHUFFLE
GW190517_055101-v2,L1,ON,REAL_ON
GW190517_055101-v2,L1,OFF1,REAL_OFF
GW190517_055101-v2,L1,OFF2,REAL_OFF
GW190517_055101-v2,L1,NULL_PHASE,NULL_PHASE
GW190517_055101-v2,L1,NULL_PHASE,NULL_PHASE
GW190517_055101-v2,L1,NULL_PHASE,NULL_PHASE
GW190517_055101-v2,L1,NULL_PHASE,NULL_PHASE
GW190517_055101-v2,L1,NULL_PHASE,NULL_PHASE
GW190517_055101-v2,L1,NULL_SHUFFLE,NULL_SHUFFLE
GW190517_055101-v2,L1,NULL_SHUFFLE,NULL_SHUFFLE
GW190517_055101-v2,L1,NULL_SHUFFLE,NULL_SHUFFLE
GW190517_055101-v2,L1,NULL_SHUFFLE,NULL_SHUFFLE
GW190517_055101-v2,L1,NULL_SHUFFLE,NULL_SHUFFLE
GW190519_153544-v1,H1,ON,REAL_ON
GW190519_153544-v1,H1,OFF1,REAL_OFF
GW190519_153544-v1,H1,OFF2,REAL_OFF
GW190519_153544-v1,H1,NULL_PHASE,NULL_PHASE
GW190519_153544-v1,H1,NULL_PHASE,NULL_PHASE
GW190519_153544-v1,H1,NULL_PHASE,NULL_PHASE
GW190519_153544-v1,H1,NULL_PHASE,NULL_PHASE
GW190519_153544-v1,H1,NULL_PHASE,NULL_PHASE
GW190519_153544-v1,H1,NULL_SHUFFLE,NULL_SHUFFLE
GW190519_153544-v1,H1,NULL_SHUFFLE,NULL_SHUFFLE
GW190519_153544-v1,H1,NULL_SHUFFLE,NULL_SHUFFLE
GW190519_153544-v1,H1,NULL_SHUFFLE,NULL_SHUFFLE
GW190519_153544-v1,H1,NULL_SHUFFLE,NULL_SHUFFLE
GW190519_153544-v1,L1,ON,REAL_ON
GW190519_153544-v1,L1,OFF1,REAL_OFF
GW190519_153544-v1,L1,OFF2,REAL_OFF
GW190519_153544-v1,L1,NULL_PHASE,NULL_PHASE
GW190519_153544-v1,L1,NULL_PHASE,NULL_PHASE
GW190519_153544-v1,L1,NULL_PHASE,NULL_PHASE
GW190519_153544-v1,L1,NULL_PHASE,NULL_PHASE
GW190519_153544-v1,L1,NULL_PHASE,NULL_PHASE
GW190519_153544-v1,L1,NULL_SHUFFLE,NULL_SHUFFLE
GW190519_153544-v1,L1,NULL_SHUFFLE,NULL_SHUFFLE
GW190519_153544-v1,L1,NULL_SHUFFLE,NULL_SHUFFLE
GW190519_153544-v1,L1,NULL_SHUFFLE,NULL_SHUFFLE
GW190519_153544-v1,L1,NULL_SHUFFLE,NULL_SHUFFLE
GW190519_153544-v2,H1,ON,REAL_ON
GW190519_153544-v2,H1,OFF1,REAL_OFF
GW190519_153544-v2,H1,OFF2,REAL_OFF
GW190519_153544-v2,H1,NULL_PHASE,NULL_PHASE
GW190519_153544-v2,H1,NULL_PHASE,NULL_PHASE
GW190519_153544-v2,H1,NULL_PHASE,NULL_PHASE
GW190519_153544-v2,H1,NULL_PHASE,NULL_PHASE
GW190519_153544-v2,H1,NULL_PHASE,NULL_PHASE
GW190519_153544-v2,H1,NULL_SHUFFLE,NULL_SHUFFLE
GW190519_153544-v2,H1,NULL_SHUFFLE,NULL_SHUFFLE
GW190519_153544-v2,H1,NULL_SHUFFLE,NULL_SHUFFLE
GW190519_153544-v2,H1,NULL_SHUFFLE,NULL_SHUFFLE
GW190519_153544-v2,H1,NULL_SHUFFLE,NULL_SHUFFLE
GW190519_153544-v2,L1,ON,REAL_ON
GW190519_153544-v2,L1,OFF1,REAL_OFF
GW190519_153544-v2,L1,OFF2,REAL_OFF
GW190519_153544-v2,L1,NULL_PHASE,NULL_PHASE
GW190519_153544-v2,L1,NULL_PHASE,NULL_PHASE
GW190519_153544-v2,L1,NULL_PHASE,NULL_PHASE
GW190519_153544-v2,L1,NULL_PHASE,NULL_PHASE
GW190519_153544-v2,L1,NULL_PHASE,NULL_PHASE
GW190519_153544-v2,L1,NULL_SHUFFLE,NULL_SHUFFLE
GW190519_153544-v2,L1,NULL_SHUFFLE,NULL_SHUFFLE
GW190519_153544-v2,L1,NULL_SHUFFLE,NULL_SHUFFLE
GW190519_153544-v2,L1,NULL_SHUFFLE,NULL_SHUFFLE
GW190519_153544-v2,L1,NULL_SHUFFLE,NULL_SHUFFLE
GW190521-v1,H1,ON,REAL_ON
GW190521-v1,H1,OFF1,REAL_OFF
GW190521-v1,H1,OFF2,REAL_OFF
GW190521-v1,H1,NULL_PHASE,NULL_PHASE
GW190521-v1,H1,NULL_PHASE,NULL_PHASE
GW190521-v1,H1,NULL_PHASE,NULL_PHASE
GW190521-v1,H1,NULL_PHASE,NULL_PHASE
GW190521-v1,H1,NULL_PHASE,NULL_PHASE
GW190521-v1,H1,NULL_SHUFFLE,NULL_SHUFFLE
GW190521-v1,H1,NULL_SHUFFLE,NULL_SHUFFLE
GW190521-v1,H1,NULL_SHUFFLE,NULL_SHUFFLE
GW190521-v1,H1,NULL_SHUFFLE,NULL_SHUFFLE
GW190521-v1,H1,NULL_SHUFFLE,NULL_SHUFFLE
GW190521-v1,L1,ON,REAL_ON
GW190521-v1,L1,OFF1,REAL_OFF
GW190521-v1,L1,OFF2,REAL_OFF
GW190521-v1,L1,NULL_PHASE,NULL_PHASE
GW190521-v1,L1,NULL_PHASE,NULL_PHASE
GW190521-v1,L1,NULL_PHASE,NULL_PHASE
GW190521-v1,L1,NULL_PHASE,NULL_PHASE
GW190521-v1,L1,NULL_PHASE,NULL_PHASE
GW190521-v1,L1,NULL_SHUFFLE,NULL_SHUFFLE
GW190521-v1,L1,NULL_SHUFFLE,NULL_SHUFFLE
GW190521-v1,L1,NULL_SHUFFLE,NULL_SHUFFLE
GW190521-v1,L1,NULL_SHUFFLE,NULL_SHUFFLE
GW190521-v1,L1,NULL_SHUFFLE,NULL_SHUFFLE
GW190521-v2,H1,ON,REAL_ON
GW190521-v2,H1,OFF1,REAL_OFF
GW190521-v2,H1,OFF2,REAL_OFF
GW190521-v2,H1,NULL_PHASE,NULL_PHASE
GW190521-v2,H1,NULL_PHASE,NULL_PHASE
GW190521-v2,H1,NULL_PHASE,NULL_PHASE
GW190521-v2,H1,NULL_PHASE,NULL_PHASE
GW190521-v2,H1,NULL_PHASE,NULL_PHASE
GW190521-v2,H1,NULL_SHUFFLE,NULL_SHUFFLE
GW190521-v2,H1,NULL_SHUFFLE,NULL_SHUFFLE
GW190521-v2,H1,NULL_SHUFFLE,NULL_SHUFFLE
GW190521-v2,H1,NULL_SHUFFLE,NULL_SHUFFLE
GW190521-v2,H1,NULL_SHUFFLE,NULL_SHUFFLE
GW190521-v2,L1,ON,REAL_ON
GW190521-v2,L1,OFF1,REAL_OFF
GW190521-v2,L1,OFF2,REAL_OFF
GW190521-v2,L1,NULL_PHASE,NULL_PHASE
GW190521-v2,L1,NULL_PHASE,NULL_PHASE
GW190521-v2,L1,NULL_PHASE,NULL_PHASE
GW190521-v2,L1,NULL_PHASE,NULL_PHASE
GW190521-v2,L1,NULL_PHASE,NULL_PHASE
GW190521-v2,L1,NULL_SHUFFLE,NULL_SHUFFLE
GW190521-v2,L1,NULL_SHUFFLE,NULL_SHUFFLE
GW190521-v2,L1,NULL_SHUFFLE,NULL_SHUFFLE
GW190521-v2,L1,NULL_SHUFFLE,NULL_SHUFFLE
GW190521-v2,L1,NULL_SHUFFLE,NULL_SHUFFLE
GW190521-v3,H1,ON,REAL_ON
GW190521-v3,H1,OFF1,REAL_OFF
GW190521-v3,H1,OFF2,REAL_OFF
GW190521-v3,H1,NULL_PHASE,NULL_PHASE
GW190521-v3,H1,NULL_PHASE,NULL_PHASE
GW190521-v3,H1,NULL_PHASE,NULL_PHASE
GW190521-v3,H1,NULL_PHASE,NULL_PHASE
GW190521-v3,H1,NULL_PHASE,NULL_PHASE
GW190521-v3,H1,NULL_SHUFFLE,NULL_SHUFFLE
GW190521-v3,H1,NULL_SHUFFLE,NULL_SHUFFLE
GW190521-v3,H1,NULL_SHUFFLE,NULL_SHUFFLE
GW190521-v3,H1,NULL_SHUFFLE,NULL_SHUFFLE
GW190521-v3,H1,NULL_SHUFFLE,NULL_SHUFFLE
GW190521-v3,L1,ON,REAL_ON
GW190521-v3,L1,OFF1,REAL_OFF
GW190521-v3,L1,OFF2,REAL_OFF
GW190521-v3,L1,NULL_PHASE,NULL_PHASE
GW190521-v3,L1,NULL_PHASE,NULL_PHASE
GW190521-v3,L1,NULL_PHASE,NULL_PHASE
GW190521-v3,L1,NULL_PHASE,NULL_PHASE
GW190521-v3,L1,NULL_PHASE,NULL_PHASE
GW190521-v3,L1,NULL_SHUFFLE,NULL_SHUFFLE
GW190521-v3,L1,NULL_SHUFFLE,NULL_SHUFFLE
GW190521-v3,L1,NULL_SHUFFLE,NULL_SHUFFLE
GW190521-v3,L1,NULL_SHUFFLE,NULL_SHUFFLE
GW190521-v3,L1,NULL_SHUFFLE,NULL_SHUFFLE
GW190521_030229-v4,H1,ON,REAL_ON
GW190521_030229-v4,H1,OFF1,REAL_OFF
GW190521_030229-v4,H1,OFF2,REAL_OFF
GW190521_030229-v4,H1,NULL_PHASE,NULL_PHASE
GW190521_030229-v4,H1,NULL_PHASE,NULL_PHASE
GW190521_030229-v4,H1,NULL_PHASE,NULL_PHASE
GW190521_030229-v4,H1,NULL_PHASE,NULL_PHASE
GW190521_030229-v4,H1,NULL_PHASE,NULL_PHASE
GW190521_030229-v4,H1,NULL_SHUFFLE,NULL_SHUFFLE
GW190521_030229-v4,H1,NULL_SHUFFLE,NULL_SHUFFLE
GW190521_030229-v4,H1,NULL_SHUFFLE,NULL_SHUFFLE
GW190521_030229-v4,H1,NULL_SHUFFLE,NULL_SHUFFLE
GW190521_030229-v4,H1,NULL_SHUFFLE,NULL_SHUFFLE
GW190521_030229-v4,L1,ON,REAL_ON
GW190521_030229-v4,L1,OFF1,REAL_OFF
GW190521_030229-v4,L1,OFF2,REAL_OFF
GW190521_030229-v4,L1,NULL_PHASE,NULL_PHASE
GW190521_030229-v4,L1,NULL_PHASE,NULL_PHASE
GW190521_030229-v4,L1,NULL_PHASE,NULL_PHASE
GW190521_030229-v4,L1,NULL_PHASE,NULL_PHASE
GW190521_030229-v4,L1,NULL_PHASE,NULL_PHASE
GW190521_030229-v4,L1,NULL_SHUFFLE,NULL_SHUFFLE
GW190521_030229-v4,L1,NULL_SHUFFLE,NULL_SHUFFLE
GW190521_030229-v4,L1,NULL_SHUFFLE,NULL_SHUFFLE
GW190521_030229-v4,L1,NULL_SHUFFLE,NULL_SHUFFLE
GW190521_030229-v4,L1,NULL_SHUFFLE,NULL_SHUFFLE
GW190521_074359-v2,H1,ON,REAL_ON
GW190521_074359-v2,H1,OFF1,REAL_OFF
GW190521_074359-v2,H1,OFF2,REAL_OFF
GW190521_074359-v2,H1,NULL_PHASE,NULL_PHASE
GW190521_074359-v2,H1,NULL_PHASE,NULL_PHASE
GW190521_074359-v2,H1,NULL_PHASE,NULL_PHASE
GW190521_074359-v2,H1,NULL_PHASE,NULL_PHASE
GW190521_074359-v2,H1,NULL_PHASE,NULL_PHASE
GW190521_074359-v2,H1,NULL_SHUFFLE,NULL_SHUFFLE
GW190521_074359-v2,H1,NULL_SHUFFLE,NULL_SHUFFLE
GW190521_074359-v2,H1,NULL_SHUFFLE,NULL_SHUFFLE
GW190521_074359-v2,H1,NULL_SHUFFLE,NULL_SHUFFLE
GW190521_074359-v2,H1,NULL_SHUFFLE,NULL_SHUFFLE
GW190521_074359-v2,L1,ON,REAL_ON
GW190521_074359-v2,L1,OFF1,REAL_OFF
GW190521_074359-v2,L1,OFF2,REAL_OFF
GW190521_074359-v2,L1,NULL_PHASE,NULL_PHASE
GW190521_074359-v2,L1,NULL_PHASE,NULL_PHASE
GW190521_074359-v2,L1,NULL_PHASE,NULL_PHASE
GW190521_074359-v2,L1,NULL_PHASE,NULL_PHASE
GW190521_074359-v2,L1,NULL_PHASE,NULL_PHASE
GW190521_074359-v2,L1,NULL_SHUFFLE,NULL_SHUFFLE
GW190521_074359-v2,L1,NULL_SHUFFLE,NULL_SHUFFLE
GW190521_074359-v2,L1,NULL_SHUFFLE,NULL_SHUFFLE
GW190521_074359-v2,L1,NULL_SHUFFLE,NULL_SHUFFLE
GW190521_074359-v2,L1,NULL_SHUFFLE,NULL_SHUFFLE
GW190527_092055-v1,H1,ON,REAL_ON
GW190527_092055-v1,H1,OFF1,REAL_OFF
GW190527_092055-v1,H1,OFF2,REAL_OFF
GW190527_092055-v1,H1,NULL_PHASE,NULL_PHASE
GW190527_092055-v1,H1,NULL_PHASE,NULL_PHASE
GW190527_092055-v1,H1,NULL_PHASE,NULL_PHASE
GW190527_092055-v1,H1,NULL_PHASE,NULL_PHASE
GW190527_092055-v1,H1,NULL_PHASE,NULL_PHASE
GW190527_092055-v1,H1,NULL_SHUFFLE,NULL_SHUFFLE
GW190527_092055-v1,H1,NULL_SHUFFLE,NULL_SHUFFLE
GW190527_092055-v1,H1,NULL_SHUFFLE,NULL_SHUFFLE
GW190527_092055-v1,H1,NULL_SHUFFLE,NULL_SHUFFLE
GW190527_092055-v1,H1,NULL_SHUFFLE,NULL_SHUFFLE
GW190527_092055-v1,L1,ON,REAL_ON
GW190527_092055-v1,L1,OFF1,REAL_OFF
GW190527_092055-v1,L1,OFF2,REAL_OFF
GW190527_092055-v1,L1,NULL_PHASE,NULL_PHASE
GW190527_092055-v1,L1,NULL_PHASE,NULL_PHASE
GW190527_092055-v1,L1,NULL_PHASE,NULL_PHASE
GW190527_092055-v1,L1,NULL_PHASE,NULL_PHASE
GW190527_092055-v1,L1,NULL_PHASE,NULL_PHASE
GW190527_092055-v1,L1,NULL_SHUFFLE,NULL_SHUFFLE
GW190527_092055-v1,L1,NULL_SHUFFLE,NULL_SHUFFLE
GW190527_092055-v1,L1,NULL_SHUFFLE,NULL_SHUFFLE
GW190527_092055-v1,L1,NULL_SHUFFLE,NULL_SHUFFLE
GW190527_092055-v1,L1,NULL_SHUFFLE,NULL_SHUFFLE
GW190527_092055-v2,H1,ON,REAL_ON
GW190527_092055-v2,H1,OFF1,REAL_OFF
GW190527_092055-v2,H1,OFF2,REAL_OFF
GW190527_092055-v2,H1,NULL_PHASE,NULL_PHASE
GW190527_092055-v2,H1,NULL_PHASE,NULL_PHASE
GW190527_092055-v2,H1,NULL_PHASE,NULL_PHASE
GW190527_092055-v2,H1,NULL_PHASE,NULL_PHASE
GW190527_092055-v2,H1,NULL_PHASE,NULL_PHASE
GW190527_092055-v2,H1,NULL_SHUFFLE,NULL_SHUFFLE
GW190527_092055-v2,H1,NULL_SHUFFLE,NULL_SHUFFLE
GW190527_092055-v2,H1,NULL_SHUFFLE,NULL_SHUFFLE
GW190527_092055-v2,H1,NULL_SHUFFLE,NULL_SHUFFLE
GW190527_092055-v2,H1,NULL_SHUFFLE,NULL_SHUFFLE
GW190527_092055-v2,L1,ON,REAL_ON
GW190527_092055-v2,L1,OFF1,REAL_OFF
GW190527_092055-v2,L1,OFF2,REAL_OFF
GW190527_092055-v2,L1,NULL_PHASE,NULL_PHASE
GW190527_092055-v2,L1,NULL_PHASE,NULL_PHASE
GW190527_092055-v2,L1,NULL_PHASE,NULL_PHASE
GW190527_092055-v2,L1,NULL_PHASE,NULL_PHASE
GW190527_092055-v2,L1,NULL_PHASE,NULL_PHASE
GW190527_092055-v2,L1,NULL_SHUFFLE,NULL_SHUFFLE
GW190527_092055-v2,L1,NULL_SHUFFLE,NULL_SHUFFLE
GW190527_092055-v2,L1,NULL_SHUFFLE,NULL_SHUFFLE
GW190527_092055-v2,L1,NULL_SHUFFLE,NULL_SHUFFLE
GW190527_092055-v2,L1,NULL_SHUFFLE,NULL_SHUFFLE
GW190531_023648-v1,H1,ON,REAL_ON
GW190531_023648-v1,H1,OFF1,REAL_OFF
GW190531_023648-v1,H1,OFF2,REAL_OFF
GW190531_023648-v1,H1,NULL_PHASE,NULL_PHASE
GW190531_023648-v1,H1,NULL_PHASE,NULL_PHASE
GW190531_023648-v1,H1,NULL_PHASE,NULL_PHASE
GW190531_023648-v1,H1,NULL_PHASE,NULL_PHASE
GW190531_023648-v1,H1,NULL_PHASE,NULL_PHASE
GW190531_023648-v1,H1,NULL_SHUFFLE,NULL_SHUFFLE
GW190531_023648-v1,H1,NULL_SHUFFLE,NULL_SHUFFLE
GW190531_023648-v1,H1,NULL_SHUFFLE,NULL_SHUFFLE
GW190531_023648-v1,H1,NULL_SHUFFLE,NULL_SHUFFLE
GW190531_023648-v1,H1,NULL_SHUFFLE,NULL_SHUFFLE
GW190531_023648-v1,L1,ON,REAL_ON
GW190531_023648-v1,L1,OFF1,REAL_OFF
GW190531_023648-v1,L1,OFF2,REAL_OFF
GW190531_023648-v1,L1,NULL_PHASE,NULL_PHASE
GW190531_023648-v1,L1,NULL_PHASE,NULL_PHASE
GW190531_023648-v1,L1,NULL_PHASE,NULL_PHASE
GW190531_023648-v1,L1,NULL_PHASE,NULL_PHASE
GW190531_023648-v1,L1,NULL_PHASE,NULL_PHASE
GW190531_023648-v1,L1,NULL_SHUFFLE,NULL_SHUFFLE
GW190531_023648-v1,L1,NULL_SHUFFLE,NULL_SHUFFLE
GW190531_023648-v1,L1,NULL_SHUFFLE,NULL_SHUFFLE
GW190531_023648-v1,L1,NULL_SHUFFLE,NULL_SHUFFLE
GW190531_023648-v1,L1,NULL_SHUFFLE,NULL_SHUFFLE
GW190602_175927-v1,H1,ON,REAL_ON
GW190602_175927-v1,H1,OFF1,REAL_OFF
GW190602_175927-v1,H1,OFF2,REAL_OFF
GW190602_175927-v1,H1,NULL_PHASE,NULL_PHASE
GW190602_175927-v1,H1,NULL_PHASE,NULL_PHASE
GW190602_175927-v1,H1,NULL_PHASE,NULL_PHASE
GW190602_175927-v1,H1,NULL_PHASE,NULL_PHASE
GW190602_175927-v1,H1,NULL_PHASE,NULL_PHASE
GW190602_175927-v1,H1,NULL_SHUFFLE,NULL_SHUFFLE
GW190602_175927-v1,H1,NULL_SHUFFLE,NULL_SHUFFLE
GW190602_175927-v1,H1,NULL_SHUFFLE,NULL_SHUFFLE
GW190602_175927-v1,H1,NULL_SHUFFLE,NULL_SHUFFLE
GW190602_175927-v1,H1,NULL_SHUFFLE,NULL_SHUFFLE
GW190602_175927-v1,L1,ON,REAL_ON
GW190602_175927-v1,L1,OFF1,REAL_OFF
GW190602_175927-v1,L1,OFF2,REAL_OFF
GW190602_175927-v1,L1,NULL_PHASE,NULL_PHASE
GW190602_175927-v1,L1,NULL_PHASE,NULL_PHASE
GW190602_175927-v1,L1,NULL_PHASE,NULL_PHASE
GW190602_175927-v1,L1,NULL_PHASE,NULL_PHASE
GW190602_175927-v1,L1,NULL_PHASE,NULL_PHASE
GW190602_175927-v1,L1,NULL_SHUFFLE,NULL_SHUFFLE
GW190602_175927-v1,L1,NULL_SHUFFLE,NULL_SHUFFLE
GW190602_175927-v1,L1,NULL_SHUFFLE,NULL_SHUFFLE
GW190602_175927-v1,L1,NULL_SHUFFLE,NULL_SHUFFLE
GW190602_175927-v1,L1,NULL_SHUFFLE,NULL_SHUFFLE
GW190602_175927-v2,H1,ON,REAL_ON
GW190602_175927-v2,H1,OFF1,REAL_OFF
GW190602_175927-v2,H1,OFF2,REAL_OFF
GW190602_175927-v2,H1,NULL_PHASE,NULL_PHASE
GW190602_175927-v2,H1,NULL_PHASE,NULL_PHASE
GW190602_175927-v2,H1,NULL_PHASE,NULL_PHASE
GW190602_175927-v2,H1,NULL_PHASE,NULL_PHASE
GW190602_175927-v2,H1,NULL_PHASE,NULL_PHASE
GW190602_175927-v2,H1,NULL_SHUFFLE,NULL_SHUFFLE
GW190602_175927-v2,H1,NULL_SHUFFLE,NULL_SHUFFLE
GW190602_175927-v2,H1,NULL_SHUFFLE,NULL_SHUFFLE
GW190602_175927-v2,H1,NULL_SHUFFLE,NULL_SHUFFLE
GW190602_175927-v2,H1,NULL_SHUFFLE,NULL_SHUFFLE
GW190602_175927-v2,L1,ON,REAL_ON
GW190602_175927-v2,L1,OFF1,REAL_OFF
GW190602_175927-v2,L1,OFF2,REAL_OFF
GW190602_175927-v2,L1,NULL_PHASE,NULL_PHASE
GW190602_175927-v2,L1,NULL_PHASE,NULL_PHASE
GW190602_175927-v2,L1,NULL_PHASE,NULL_PHASE
GW190602_175927-v2,L1,NULL_PHASE,NULL_PHASE
GW190602_175927-v2,L1,NULL_PHASE,NULL_PHASE
GW190602_175927-v2,L1,NULL_SHUFFLE,NULL_SHUFFLE
GW190602_175927-v2,L1,NULL_SHUFFLE,NULL_SHUFFLE
GW190602_175927-v2,L1,NULL_SHUFFLE,NULL_SHUFFLE
GW190602_175927-v2,L1,NULL_SHUFFLE,NULL_SHUFFLE
GW190602_175927-v2,L1,NULL_SHUFFLE,NULL_SHUFFLE
GW190620_030421-v1,L1,ON,REAL_ON
GW190620_030421-v1,L1,OFF1,REAL_OFF
GW190620_030421-v1,L1,OFF2,REAL_OFF
GW190620_030421-v1,L1,NULL_PHASE,NULL_PHASE
GW190620_030421-v1,L1,NULL_PHASE,NULL_PHASE
GW190620_030421-v1,L1,NULL_PHASE,NULL_PHASE
GW190620_030421-v1,L1,NULL_PHASE,NULL_PHASE
GW190620_030421-v1,L1,NULL_PHASE,NULL_PHASE
GW190620_030421-v1,L1,NULL_SHUFFLE,NULL_SHUFFLE
GW190620_030421-v1,L1,NULL_SHUFFLE,NULL_SHUFFLE
GW190620_030421-v1,L1,NULL_SHUFFLE,NULL_SHUFFLE
GW190620_030421-v1,L1,NULL_SHUFFLE,NULL_SHUFFLE
GW190620_030421-v1,L1,NULL_SHUFFLE,NULL_SHUFFLE
GW190620_030421-v2,L1,ON,REAL_ON
GW190620_030421-v2,L1,OFF1,REAL_OFF
GW190620_030421-v2,L1,OFF2,REAL_OFF
GW190620_030421-v2,L1,NULL_PHASE,NULL_PHASE
GW190620_030421-v2,L1,NULL_PHASE,NULL_PHASE
GW190620_030421-v2,L1,NULL_PHASE,NULL_PHASE
GW190620_030421-v2,L1,NULL_PHASE,NULL_PHASE
GW190620_030421-v2,L1,NULL_PHASE,NULL_PHASE
GW190620_030421-v2,L1,NULL_SHUFFLE,NULL_SHUFFLE
GW190620_030421-v2,L1,NULL_SHUFFLE,NULL_SHUFFLE
GW190620_030421-v2,L1,NULL_SHUFFLE,NULL_SHUFFLE
GW190620_030421-v2,L1,NULL_SHUFFLE,NULL_SHUFFLE
GW190620_030421-v2,L1,NULL_SHUFFLE,NULL_SHUFFLE
GW190630_185205-v1,L1,ON,REAL_ON
GW190630_185205-v1,L1,OFF1,REAL_OFF
GW190630_185205-v1,L1,OFF2,REAL_OFF
GW190630_185205-v1,L1,NULL_PHASE,NULL_PHASE
GW190630_185205-v1,L1,NULL_PHASE,NULL_PHASE
GW190630_185205-v1,L1,NULL_PHASE,NULL_PHASE
GW190630_185205-v1,L1,NULL_PHASE,NULL_PHASE
GW190630_185205-v1,L1,NULL_PHASE,NULL_PHASE
GW190630_185205-v1,L1,NULL_SHUFFLE,NULL_SHUFFLE
GW190630_185205-v1,L1,NULL_SHUFFLE,NULL_SHUFFLE
GW190630_185205-v1,L1,NULL_SHUFFLE,NULL_SHUFFLE
GW190630_185205-v1,L1,NULL_SHUFFLE,NULL_SHUFFLE
GW190630_185205-v1,L1,NULL_SHUFFLE,NULL_SHUFFLE
GW190630_185205-v2,L1,ON,REAL_ON
GW190630_185205-v2,L1,OFF1,REAL_OFF
GW190630_185205-v2,L1,OFF2,REAL_OFF
GW190630_185205-v2,L1,NULL_PHASE,NULL_PHASE
GW190630_185205-v2,L1,NULL_PHASE,NULL_PHASE
GW190630_185205-v2,L1,NULL_PHASE,NULL_PHASE
GW190630_185205-v2,L1,NULL_PHASE,NULL_PHASE
GW190630_185205-v2,L1,NULL_PHASE,NULL_PHASE
GW190630_185205-v2,L1,NULL_SHUFFLE,NULL_SHUFFLE
GW190630_185205-v2,L1,NULL_SHUFFLE,NULL_SHUFFLE
GW190630_185205-v2,L1,NULL_SHUFFLE,NULL_SHUFFLE
GW190630_185205-v2,L1,NULL_SHUFFLE,NULL_SHUFFLE
GW190630_185205-v2,L1,NULL_SHUFFLE,NULL_SHUFFLE
GW190701_203306-v1,H1,ON,REAL_ON
GW190701_203306-v1,H1,OFF1,REAL_OFF
GW190701_203306-v1,H1,OFF2,REAL_OFF
GW190701_203306-v1,H1,NULL_PHASE,NULL_PHASE
GW190701_203306-v1,H1,NULL_PHASE,NULL_PHASE
GW190701_203306-v1,H1,NULL_PHASE,NULL_PHASE
GW190701_203306-v1,H1,NULL_PHASE,NULL_PHASE
GW190701_203306-v1,H1,NULL_PHASE,NULL_PHASE
GW190701_203306-v1,H1,NULL_SHUFFLE,NULL_SHUFFLE
GW190701_203306-v1,H1,NULL_SHUFFLE,NULL_SHUFFLE
GW190701_203306-v1,H1,NULL_SHUFFLE,NULL_SHUFFLE
GW190701_203306-v1,H1,NULL_SHUFFLE,NULL_SHUFFLE
GW190701_203306-v1,H1,NULL_SHUFFLE,NULL_SHUFFLE
GW190701_203306-v1,L1,ON,REAL_ON
GW190701_203306-v1,L1,OFF1,REAL_OFF
GW190701_203306-v1,L1,OFF2,REAL_OFF
GW190701_203306-v1,L1,NULL_PHASE,NULL_PHASE
GW190701_203306-v1,L1,NULL_PHASE,NULL_PHASE
GW190701_203306-v1,L1,NULL_PHASE,NULL_PHASE
GW190701_203306-v1,L1,NULL_PHASE,NULL_PHASE
GW190701_203306-v1,L1,NULL_PHASE,NULL_PHASE
GW190701_203306-v1,L1,NULL_SHUFFLE,NULL_SHUFFLE
GW190701_203306-v1,L1,NULL_SHUFFLE,NULL_SHUFFLE
GW190701_203306-v1,L1,NULL_SHUFFLE,NULL_SHUFFLE
GW190701_203306-v1,L1,NULL_SHUFFLE,NULL_SHUFFLE
GW190701_203306-v1,L1,NULL_SHUFFLE,NULL_SHUFFLE
GW190701_203306-v2,H1,ON,REAL_ON
GW190701_203306-v2,H1,OFF1,REAL_OFF
GW190701_203306-v2,H1,OFF2,REAL_OFF
GW190701_203306-v2,H1,NULL_PHASE,NULL_PHASE
GW190701_203306-v2,H1,NULL_PHASE,NULL_PHASE
GW190701_203306-v2,H1,NULL_PHASE,NULL_PHASE
GW190701_203306-v2,H1,NULL_PHASE,NULL_PHASE
GW190701_203306-v2,H1,NULL_PHASE,NULL_PHASE
GW190701_203306-v2,H1,NULL_SHUFFLE,NULL_SHUFFLE
GW190701_203306-v2,H1,NULL_SHUFFLE,NULL_SHUFFLE
GW190701_203306-v2,H1,NULL_SHUFFLE,NULL_SHUFFLE
GW190701_203306-v2,H1,NULL_SHUFFLE,NULL_SHUFFLE
GW190701_203306-v2,H1,NULL_SHUFFLE,NULL_SHUFFLE
GW190701_203306-v2,L1,ON,REAL_ON
GW190701_203306-v2,L1,OFF1,REAL_OFF
GW190701_203306-v2,L1,OFF2,REAL_OFF
GW190701_203306-v2,L1,NULL_PHASE,NULL_PHASE
GW190701_203306-v2,L1,NULL_PHASE,NULL_PHASE
GW190701_203306-v2,L1,NULL_PHASE,NULL_PHASE
GW190701_203306-v2,L1,NULL_PHASE,NULL_PHASE
GW190701_203306-v2,L1,NULL_PHASE,NULL_PHASE
GW190701_203306-v2,L1,NULL_SHUFFLE,NULL_SHUFFLE
GW190701_203306-v2,L1,NULL_SHUFFLE,NULL_SHUFFLE
GW190701_203306-v2,L1,NULL_SHUFFLE,NULL_SHUFFLE
GW190701_203306-v2,L1,NULL_SHUFFLE,NULL_SHUFFLE
GW190701_203306-v2,L1,NULL_SHUFFLE,NULL_SHUFFLE
GW190706_222641-v1,H1,ON,REAL_ON
GW190706_222641-v1,H1,OFF1,REAL_OFF
GW190706_222641-v1,H1,OFF2,REAL_OFF
GW190706_222641-v1,H1,NULL_PHASE,NULL_PHASE
GW190706_222641-v1,H1,NULL_PHASE,NULL_PHASE
GW190706_222641-v1,H1,NULL_PHASE,NULL_PHASE
GW190706_222641-v1,H1,NULL_PHASE,NULL_PHASE
GW190706_222641-v1,H1,NULL_PHASE,NULL_PHASE
GW190706_222641-v1,H1,NULL_SHUFFLE,NULL_SHUFFLE
GW190706_222641-v1,H1,NULL_SHUFFLE,NULL_SHUFFLE
GW190706_222641-v1,H1,NULL_SHUFFLE,NULL_SHUFFLE
GW190706_222641-v1,H1,NULL_SHUFFLE,NULL_SHUFFLE
GW190706_222641-v1,H1,NULL_SHUFFLE,NULL_SHUFFLE
GW190706_222641-v1,L1,ON,REAL_ON
GW190706_222641-v1,L1,OFF1,REAL_OFF
GW190706_222641-v1,L1,OFF2,REAL_OFF
GW190706_222641-v1,L1,NULL_PHASE,NULL_PHASE
GW190706_222641-v1,L1,NULL_PHASE,NULL_PHASE
GW190706_222641-v1,L1,NULL_PHASE,NULL_PHASE
GW190706_222641-v1,L1,NULL_PHASE,NULL_PHASE
GW190706_222641-v1,L1,NULL_PHASE,NULL_PHASE
GW190706_222641-v1,L1,NULL_SHUFFLE,NULL_SHUFFLE
GW190706_222641-v1,L1,NULL_SHUFFLE,NULL_SHUFFLE
GW190706_222641-v1,L1,NULL_SHUFFLE,NULL_SHUFFLE
GW190706_222641-v1,L1,NULL_SHUFFLE,NULL_SHUFFLE
GW190706_222641-v1,L1,NULL_SHUFFLE,NULL_SHUFFLE
GW190706_222641-v2,H1,ON,REAL_ON
GW190706_222641-v2,H1,OFF1,REAL_OFF
GW190706_222641-v2,H1,OFF2,REAL_OFF
GW190706_222641-v2,H1,NULL_PHASE,NULL_PHASE
GW190706_222641-v2,H1,NULL_PHASE,NULL_PHASE
GW190706_222641-v2,H1,NULL_PHASE,NULL_PHASE
GW190706_222641-v2,H1,NULL_PHASE,NULL_PHASE
GW190706_222641-v2,H1,NULL_PHASE,NULL_PHASE
GW190706_222641-v2,H1,NULL_SHUFFLE,NULL_SHUFFLE
GW190706_222641-v2,H1,NULL_SHUFFLE,NULL_SHUFFLE
GW190706_222641-v2,H1,NULL_SHUFFLE,NULL_SHUFFLE
GW190706_222641-v2,H1,NULL_SHUFFLE,NULL_SHUFFLE
GW190706_222641-v2,H1,NULL_SHUFFLE,NULL_SHUFFLE
GW190706_222641-v2,L1,ON,REAL_ON
GW190706_222641-v2,L1,OFF1,REAL_OFF
GW190706_222641-v2,L1,OFF2,REAL_OFF
GW190706_222641-v2,L1,NULL_PHASE,NULL_PHASE
GW190706_222641-v2,L1,NULL_PHASE,NULL_PHASE
GW190706_222641-v2,L1,NULL_PHASE,NULL_PHASE
GW190706_222641-v2,L1,NULL_PHASE,NULL_PHASE
GW190706_222641-v2,L1,NULL_PHASE,NULL_PHASE
GW190706_222641-v2,L1,NULL_SHUFFLE,NULL_SHUFFLE
GW190706_222641-v2,L1,NULL_SHUFFLE,NULL_SHUFFLE
GW190706_222641-v2,L1,NULL_SHUFFLE,NULL_SHUFFLE
GW190706_222641-v2,L1,NULL_SHUFFLE,NULL_SHUFFLE
GW190706_222641-v2,L1,NULL_SHUFFLE,NULL_SHUFFLE
GW190707_093326-v1,H1,ON,REAL_ON
GW190707_093326-v1,H1,OFF1,REAL_OFF
GW190707_093326-v1,H1,OFF2,REAL_OFF
GW190707_093326-v1,H1,NULL_PHASE,NULL_PHASE
GW190707_093326-v1,H1,NULL_PHASE,NULL_PHASE
GW190707_093326-v1,H1,NULL_PHASE,NULL_PHASE
GW190707_093326-v1,H1,NULL_PHASE,NULL_PHASE
GW190707_093326-v1,H1,NULL_PHASE,NULL_PHASE
GW190707_093326-v1,H1,NULL_SHUFFLE,NULL_SHUFFLE
GW190707_093326-v1,H1,NULL_SHUFFLE,NULL_SHUFFLE
GW190707_093326-v1,H1,NULL_SHUFFLE,NULL_SHUFFLE
GW190707_093326-v1,H1,NULL_SHUFFLE,NULL_SHUFFLE
GW190707_093326-v1,H1,NULL_SHUFFLE,NULL_SHUFFLE
GW190707_093326-v1,L1,ON,REAL_ON
GW190707_093326-v1,L1,OFF1,REAL_OFF
GW190707_093326-v1,L1,OFF2,REAL_OFF
GW190707_093326-v1,L1,NULL_PHASE,NULL_PHASE
GW190707_093326-v1,L1,NULL_PHASE,NULL_PHASE
GW190707_093326-v1,L1,NULL_PHASE,NULL_PHASE
GW190707_093326-v1,L1,NULL_PHASE,NULL_PHASE
GW190707_093326-v1,L1,NULL_PHASE,NULL_PHASE
GW190707_093326-v1,L1,NULL_SHUFFLE,NULL_SHUFFLE
GW190707_093326-v1,L1,NULL_SHUFFLE,NULL_SHUFFLE
GW190707_093326-v1,L1,NULL_SHUFFLE,NULL_SHUFFLE
GW190707_093326-v1,L1,NULL_SHUFFLE,NULL_SHUFFLE
GW190707_093326-v1,L1,NULL_SHUFFLE,NULL_SHUFFLE
GW190707_093326-v2,H1,ON,REAL_ON
GW190707_093326-v2,H1,OFF1,REAL_OFF
GW190707_093326-v2,H1,OFF2,REAL_OFF
GW190707_093326-v2,H1,NULL_PHASE,NULL_PHASE
GW190707_093326-v2,H1,NULL_PHASE,NULL_PHASE
GW190707_093326-v2,H1,NULL_PHASE,NULL_PHASE
GW190707_093326-v2,H1,NULL_PHASE,NULL_PHASE
GW190707_093326-v2,H1,NULL_PHASE,NULL_PHASE
GW190707_093326-v2,H1,NULL_SHUFFLE,NULL_SHUFFLE
GW190707_093326-v2,H1,NULL_SHUFFLE,NULL_SHUFFLE
GW190707_093326-v2,H1,NULL_SHUFFLE,NULL_SHUFFLE
GW190707_093326-v2,H1,NULL_SHUFFLE,NULL_SHUFFLE
GW190707_093326-v2,H1,NULL_SHUFFLE,NULL_SHUFFLE
GW190707_093326-v2,L1,ON,REAL_ON
GW190707_093326-v2,L1,OFF1,REAL_OFF
GW190707_093326-v2,L1,OFF2,REAL_OFF
GW190707_093326-v2,L1,NULL_PHASE,NULL_PHASE
GW190707_093326-v2,L1,NULL_PHASE,NULL_PHASE
GW190707_093326-v2,L1,NULL_PHASE,NULL_PHASE
GW190707_093326-v2,L1,NULL_PHASE,NULL_PHASE
GW190707_093326-v2,L1,NULL_PHASE,NULL_PHASE
GW190707_093326-v2,L1,NULL_SHUFFLE,NULL_SHUFFLE
GW190707_093326-v2,L1,NULL_SHUFFLE,NULL_SHUFFLE
GW190707_093326-v2,L1,NULL_SHUFFLE,NULL_SHUFFLE
GW190707_093326-v2,L1,NULL_SHUFFLE,NULL_SHUFFLE
GW190707_093326-v2,L1,NULL_SHUFFLE,NULL_SHUFFLE
GW190708_232457-v1,L1,ON,REAL_ON
GW190708_232457-v1,L1,OFF1,REAL_OFF
GW190708_232457-v1,L1,OFF2,REAL_OFF
GW190708_232457-v1,L1,NULL_PHASE,NULL_PHASE
GW190708_232457-v1,L1,NULL_PHASE,NULL_PHASE
GW190708_232457-v1,L1,NULL_PHASE,NULL_PHASE
GW190708_232457-v1,L1,NULL_PHASE,NULL_PHASE
GW190708_232457-v1,L1,NULL_PHASE,NULL_PHASE
GW190708_232457-v1,L1,NULL_SHUFFLE,NULL_SHUFFLE
GW190708_232457-v1,L1,NULL_SHUFFLE,NULL_SHUFFLE
GW190708_232457-v1,L1,NULL_SHUFFLE,NULL_SHUFFLE
GW190708_232457-v1,L1,NULL_SHUFFLE,NULL_SHUFFLE
GW190708_232457-v1,L1,NULL_SHUFFLE,NULL_SHUFFLE
GW190708_232457-v2,L1,ON,REAL_ON
GW190708_232457-v2,L1,OFF1,REAL_OFF
GW190708_232457-v2,L1,OFF2,REAL_OFF
GW190708_232457-v2,L1,NULL_PHASE,NULL_PHASE
GW190708_232457-v2,L1,NULL_PHASE,NULL_PHASE
GW190708_232457-v2,L1,NULL_PHASE,NULL_PHASE
GW190708_232457-v2,L1,NULL_PHASE,NULL_PHASE
GW190708_232457-v2,L1,NULL_PHASE,NULL_PHASE
GW190708_232457-v2,L1,NULL_SHUFFLE,NULL_SHUFFLE
GW190708_232457-v2,L1,NULL_SHUFFLE,NULL_SHUFFLE
GW190708_232457-v2,L1,NULL_SHUFFLE,NULL_SHUFFLE
GW190708_232457-v2,L1,NULL_SHUFFLE,NULL_SHUFFLE
GW190708_232457-v2,L1,NULL_SHUFFLE,NULL_SHUFFLE
GW190719_215514-v1,H1,ON,REAL_ON
GW190719_215514-v1,H1,OFF1,REAL_OFF
GW190719_215514-v1,H1,OFF2,REAL_OFF
GW190719_215514-v1,H1,NULL_PHASE,NULL_PHASE
GW190719_215514-v1,H1,NULL_PHASE,NULL_PHASE
GW190719_215514-v1,H1,NULL_PHASE,NULL_PHASE
GW190719_215514-v1,H1,NULL_PHASE,NULL_PHASE
GW190719_215514-v1,H1,NULL_PHASE,NULL_PHASE
GW190719_215514-v1,H1,NULL_SHUFFLE,NULL_SHUFFLE
GW190719_215514-v1,H1,NULL_SHUFFLE,NULL_SHUFFLE
GW190719_215514-v1,H1,NULL_SHUFFLE,NULL_SHUFFLE
GW190719_215514-v1,H1,NULL_SHUFFLE,NULL_SHUFFLE
GW190719_215514-v1,H1,NULL_SHUFFLE,NULL_SHUFFLE
GW190719_215514-v1,L1,ON,REAL_ON
GW190719_215514-v1,L1,OFF1,REAL_OFF
GW190719_215514-v1,L1,OFF2,REAL_OFF
GW190719_215514-v1,L1,NULL_PHASE,NULL_PHASE
GW190719_215514-v1,L1,NULL_PHASE,NULL_PHASE
GW190719_215514-v1,L1,NULL_PHASE,NULL_PHASE
GW190719_215514-v1,L1,NULL_PHASE,NULL_PHASE
GW190719_215514-v1,L1,NULL_PHASE,NULL_PHASE
GW190719_215514-v1,L1,NULL_SHUFFLE,NULL_SHUFFLE
GW190719_215514-v1,L1,NULL_SHUFFLE,NULL_SHUFFLE
GW190719_215514-v1,L1,NULL_SHUFFLE,NULL_SHUFFLE
GW190719_215514-v1,L1,NULL_SHUFFLE,NULL_SHUFFLE
GW190719_215514-v1,L1,NULL_SHUFFLE,NULL_SHUFFLE
GW190719_215514-v2,H1,ON,REAL_ON
GW190719_215514-v2,H1,OFF1,REAL_OFF
GW190719_215514-v2,H1,OFF2,REAL_OFF
GW190719_215514-v2,H1,NULL_PHASE,NULL_PHASE
GW190719_215514-v2,H1,NULL_PHASE,NULL_PHASE
GW190719_215514-v2,H1,NULL_PHASE,NULL_PHASE
GW190719_215514-v2,H1,NULL_PHASE,NULL_PHASE
GW190719_215514-v2,H1,NULL_PHASE,NULL_PHASE
GW190719_215514-v2,H1,NULL_SHUFFLE,NULL_SHUFFLE
GW190719_215514-v2,H1,NULL_SHUFFLE,NULL_SHUFFLE
GW190719_215514-v2,H1,NULL_SHUFFLE,NULL_SHUFFLE
GW190719_215514-v2,H1,NULL_SHUFFLE,NULL_SHUFFLE
GW190719_215514-v2,H1,NULL_SHUFFLE,NULL_SHUFFLE
GW190719_215514-v2,L1,ON,REAL_ON
GW190719_215514-v2,L1,OFF1,REAL_OFF
GW190719_215514-v2,L1,OFF2,REAL_OFF
GW190719_215514-v2,L1,NULL_PHASE,NULL_PHASE
GW190719_215514-v2,L1,NULL_PHASE,NULL_PHASE
GW190719_215514-v2,L1,NULL_PHASE,NULL_PHASE
GW190719_215514-v2,L1,NULL_PHASE,NULL_PHASE
GW190719_215514-v2,L1,NULL_PHASE,NULL_PHASE
GW190719_215514-v2,L1,NULL_SHUFFLE,NULL_SHUFFLE
GW190719_215514-v2,L1,NULL_SHUFFLE,NULL_SHUFFLE
GW190719_215514-v2,L1,NULL_SHUFFLE,NULL_SHUFFLE
GW190719_215514-v2,L1,NULL_SHUFFLE,NULL_SHUFFLE
GW190719_215514-v2,L1,NULL_SHUFFLE,NULL_SHUFFLE
GW190720_000836-v1,H1,ON,REAL_ON
GW190720_000836-v1,H1,OFF1,REAL_OFF
GW190720_000836-v1,H1,OFF2,REAL_OFF
GW190720_000836-v1,H1,NULL_PHASE,NULL_PHASE
GW190720_000836-v1,H1,NULL_PHASE,NULL_PHASE
GW190720_000836-v1,H1,NULL_PHASE,NULL_PHASE
GW190720_000836-v1,H1,NULL_PHASE,NULL_PHASE
GW190720_000836-v1,H1,NULL_PHASE,NULL_PHASE
GW190720_000836-v1,H1,NULL_SHUFFLE,NULL_SHUFFLE
GW190720_000836-v1,H1,NULL_SHUFFLE,NULL_SHUFFLE
GW190720_000836-v1,H1,NULL_SHUFFLE,NULL_SHUFFLE
GW190720_000836-v1,H1,NULL_SHUFFLE,NULL_SHUFFLE
GW190720_000836-v1,H1,NULL_SHUFFLE,NULL_SHUFFLE
GW190720_000836-v1,L1,ON,REAL_ON
GW190720_000836-v1,L1,OFF1,REAL_OFF
GW190720_000836-v1,L1,OFF2,REAL_OFF
GW190720_000836-v1,L1,NULL_PHASE,NULL_PHASE
GW190720_000836-v1,L1,NULL_PHASE,NULL_PHASE
GW190720_000836-v1,L1,NULL_PHASE,NULL_PHASE
GW190720_000836-v1,L1,NULL_PHASE,NULL_PHASE
GW190720_000836-v1,L1,NULL_PHASE,NULL_PHASE
GW190720_000836-v1,L1,NULL_SHUFFLE,NULL_SHUFFLE
GW190720_000836-v1,L1,NULL_SHUFFLE,NULL_SHUFFLE
GW190720_000836-v1,L1,NULL_SHUFFLE,NULL_SHUFFLE
GW190720_000836-v1,L1,NULL_SHUFFLE,NULL_SHUFFLE
GW190720_000836-v1,L1,NULL_SHUFFLE,NULL_SHUFFLE
GW190720_000836-v2,H1,ON,REAL_ON
GW190720_000836-v2,H1,OFF1,REAL_OFF
GW190720_000836-v2,H1,OFF2,REAL_OFF
GW190720_000836-v2,H1,NULL_PHASE,NULL_PHASE
GW190720_000836-v2,H1,NULL_PHASE,NULL_PHASE
GW190720_000836-v2,H1,NULL_PHASE,NULL_PHASE
GW190720_000836-v2,H1,NULL_PHASE,NULL_PHASE
GW190720_000836-v2,H1,NULL_PHASE,NULL_PHASE
GW190720_000836-v2,H1,NULL_SHUFFLE,NULL_SHUFFLE
GW190720_000836-v2,H1,NULL_SHUFFLE,NULL_SHUFFLE
GW190720_000836-v2,H1,NULL_SHUFFLE,NULL_SHUFFLE
GW190720_000836-v2,H1,NULL_SHUFFLE,NULL_SHUFFLE
GW190720_000836-v2,H1,NULL_SHUFFLE,NULL_SHUFFLE
GW190720_000836-v2,L1,ON,REAL_ON
GW190720_000836-v2,L1,OFF1,REAL_OFF
GW190720_000836-v2,L1,OFF2,REAL_OFF
GW190720_000836-v2,L1,NULL_PHASE,NULL_PHASE
GW190720_000836-v2,L1,NULL_PHASE,NULL_PHASE
GW190720_000836-v2,L1,NULL_PHASE,NULL_PHASE
GW190720_000836-v2,L1,NULL_PHASE,NULL_PHASE
GW190720_000836-v2,L1,NULL_PHASE,NULL_PHASE
GW190720_000836-v2,L1,NULL_SHUFFLE,NULL_SHUFFLE
GW190720_000836-v2,L1,NULL_SHUFFLE,NULL_SHUFFLE
GW190720_000836-v2,L1,NULL_SHUFFLE,NULL_SHUFFLE
GW190720_000836-v2,L1,NULL_SHUFFLE,NULL_SHUFFLE
GW190720_000836-v2,L1,NULL_SHUFFLE,NULL_SHUFFLE
GW190725_174728-v1,H1,ON,REAL_ON
GW190725_174728-v1,H1,OFF1,REAL_OFF
GW190725_174728-v1,H1,OFF2,REAL_OFF
GW190725_174728-v1,H1,NULL_PHASE,NULL_PHASE
GW190725_174728-v1,H1,NULL_PHASE,NULL_PHASE
GW190725_174728-v1,H1,NULL_PHASE,NULL_PHASE
GW190725_174728-v1,H1,NULL_PHASE,NULL_PHASE
GW190725_174728-v1,H1,NULL_PHASE,NULL_PHASE
GW190725_174728-v1,H1,NULL_SHUFFLE,NULL_SHUFFLE
GW190725_174728-v1,H1,NULL_SHUFFLE,NULL_SHUFFLE
GW190725_174728-v1,H1,NULL_SHUFFLE,NULL_SHUFFLE
GW190725_174728-v1,H1,NULL_SHUFFLE,NULL_SHUFFLE
GW190725_174728-v1,H1,NULL_SHUFFLE,NULL_SHUFFLE
GW190725_174728-v1,L1,ON,REAL_ON
GW190725_174728-v1,L1,OFF1,REAL_OFF
GW190725_174728-v1,L1,OFF2,REAL_OFF
GW190725_174728-v1,L1,NULL_PHASE,NULL_PHASE
GW190725_174728-v1,L1,NULL_PHASE,NULL_PHASE
GW190725_174728-v1,L1,NULL_PHASE,NULL_PHASE
GW190725_174728-v1,L1,NULL_PHASE,NULL_PHASE
GW190725_174728-v1,L1,NULL_PHASE,NULL_PHASE
GW190725_174728-v1,L1,NULL_SHUFFLE,NULL_SHUFFLE
GW190725_174728-v1,L1,NULL_SHUFFLE,NULL_SHUFFLE
GW190725_174728-v1,L1,NULL_SHUFFLE,NULL_SHUFFLE
GW190725_174728-v1,L1,NULL_SHUFFLE,NULL_SHUFFLE
GW190725_174728-v1,L1,NULL_SHUFFLE,NULL_SHUFFLE
GW190727_060333-v1,H1,ON,REAL_ON
GW190727_060333-v1,H1,OFF1,REAL_OFF
GW190727_060333-v1,H1,OFF2,REAL_OFF
GW190727_060333-v1,H1,NULL_PHASE,NULL_PHASE
GW190727_060333-v1,H1,NULL_PHASE,NULL_PHASE
GW190727_060333-v1,H1,NULL_PHASE,NULL_PHASE
GW190727_060333-v1,H1,NULL_PHASE,NULL_PHASE
GW190727_060333-v1,H1,NULL_PHASE,NULL_PHASE
GW190727_060333-v1,H1,NULL_SHUFFLE,NULL_SHUFFLE
GW190727_060333-v1,H1,NULL_SHUFFLE,NULL_SHUFFLE
GW190727_060333-v1,H1,NULL_SHUFFLE,NULL_SHUFFLE
GW190727_060333-v1,H1,NULL_SHUFFLE,NULL_SHUFFLE
GW190727_060333-v1,H1,NULL_SHUFFLE,NULL_SHUFFLE
GW190727_060333-v1,L1,ON,REAL_ON
GW190727_060333-v1,L1,OFF1,REAL_OFF
GW190727_060333-v1,L1,OFF2,REAL_OFF
GW190727_060333-v1,L1,NULL_PHASE,NULL_PHASE
GW190727_060333-v1,L1,NULL_PHASE,NULL_PHASE
GW190727_060333-v1,L1,NULL_PHASE,NULL_PHASE
GW190727_060333-v1,L1,NULL_PHASE,NULL_PHASE
GW190727_060333-v1,L1,NULL_PHASE,NULL_PHASE
GW190727_060333-v1,L1,NULL_SHUFFLE,NULL_SHUFFLE
GW190727_060333-v1,L1,NULL_SHUFFLE,NULL_SHUFFLE
GW190727_060333-v1,L1,NULL_SHUFFLE,NULL_SHUFFLE
GW190727_060333-v1,L1,NULL_SHUFFLE,NULL_SHUFFLE
GW190727_060333-v1,L1,NULL_SHUFFLE,NULL_SHUFFLE
GW190727_060333-v2,H1,ON,REAL_ON
GW190727_060333-v2,H1,OFF1,REAL_OFF
GW190727_060333-v2,H1,OFF2,REAL_OFF
GW190727_060333-v2,H1,NULL_PHASE,NULL_PHASE
GW190727_060333-v2,H1,NULL_PHASE,NULL_PHASE
GW190727_060333-v2,H1,NULL_PHASE,NULL_PHASE
GW190727_060333-v2,H1,NULL_PHASE,NULL_PHASE
GW190727_060333-v2,H1,NULL_PHASE,NULL_PHASE
GW190727_060333-v2,H1,NULL_SHUFFLE,NULL_SHUFFLE
GW190727_060333-v2,H1,NULL_SHUFFLE,NULL_SHUFFLE
GW190727_060333-v2,H1,NULL_SHUFFLE,NULL_SHUFFLE
GW190727_060333-v2,H1,NULL_SHUFFLE,NULL_SHUFFLE
GW190727_060333-v2,H1,NULL_SHUFFLE,NULL_SHUFFLE
GW190727_060333-v2,L1,ON,REAL_ON
GW190727_060333-v2,L1,OFF1,REAL_OFF
GW190727_060333-v2,L1,OFF2,REAL_OFF
GW190727_060333-v2,L1,NULL_PHASE,NULL_PHASE
GW190727_060333-v2,L1,NULL_PHASE,NULL_PHASE
GW190727_060333-v2,L1,NULL_PHASE,NULL_PHASE
GW190727_060333-v2,L1,NULL_PHASE,NULL_PHASE
GW190727_060333-v2,L1,NULL_PHASE,NULL_PHASE
GW190727_060333-v2,L1,NULL_SHUFFLE,NULL_SHUFFLE
GW190727_060333-v2,L1,NULL_SHUFFLE,NULL_SHUFFLE
GW190727_060333-v2,L1,NULL_SHUFFLE,NULL_SHUFFLE
GW190727_060333-v2,L1,NULL_SHUFFLE,NULL_SHUFFLE
GW190727_060333-v2,L1,NULL_SHUFFLE,NULL_SHUFFLE
GW190728_064510-v1,H1,ON,REAL_ON
GW190728_064510-v1,H1,OFF1,REAL_OFF
GW190728_064510-v1,H1,OFF2,REAL_OFF
GW190728_064510-v1,H1,NULL_PHASE,NULL_PHASE
GW190728_064510-v1,H1,NULL_PHASE,NULL_PHASE
GW190728_064510-v1,H1,NULL_PHASE,NULL_PHASE
GW190728_064510-v1,H1,NULL_PHASE,NULL_PHASE
GW190728_064510-v1,H1,NULL_PHASE,NULL_PHASE
GW190728_064510-v1,H1,NULL_SHUFFLE,NULL_SHUFFLE
GW190728_064510-v1,H1,NULL_SHUFFLE,NULL_SHUFFLE
GW190728_064510-v1,H1,NULL_SHUFFLE,NULL_SHUFFLE
GW190728_064510-v1,H1,NULL_SHUFFLE,NULL_SHUFFLE
GW190728_064510-v1,H1,NULL_SHUFFLE,NULL_SHUFFLE
GW190728_064510-v1,L1,ON,REAL_ON
GW190728_064510-v1,L1,OFF1,REAL_OFF
GW190728_064510-v1,L1,OFF2,REAL_OFF
GW190728_064510-v1,L1,NULL_PHASE,NULL_PHASE
GW190728_064510-v1,L1,NULL_PHASE,NULL_PHASE
GW190728_064510-v1,L1,NULL_PHASE,NULL_PHASE
GW190728_064510-v1,L1,NULL_PHASE,NULL_PHASE
GW190728_064510-v1,L1,NULL_PHASE,NULL_PHASE
GW190728_064510-v1,L1,NULL_SHUFFLE,NULL_SHUFFLE
GW190728_064510-v1,L1,NULL_SHUFFLE,NULL_SHUFFLE
GW190728_064510-v1,L1,NULL_SHUFFLE,NULL_SHUFFLE
GW190728_064510-v1,L1,NULL_SHUFFLE,NULL_SHUFFLE
GW190728_064510-v1,L1,NULL_SHUFFLE,NULL_SHUFFLE
GW190728_064510-v2,H1,ON,REAL_ON
GW190728_064510-v2,H1,OFF1,REAL_OFF
GW190728_064510-v2,H1,OFF2,REAL_OFF
GW190728_064510-v2,H1,NULL_PHASE,NULL_PHASE
GW190728_064510-v2,H1,NULL_PHASE,NULL_PHASE
GW190728_064510-v2,H1,NULL_PHASE,NULL_PHASE
GW190728_064510-v2,H1,NULL_PHASE,NULL_PHASE
GW190728_064510-v2,H1,NULL_PHASE,NULL_PHASE
GW190728_064510-v2,H1,NULL_SHUFFLE,NULL_SHUFFLE
GW190728_064510-v2,H1,NULL_SHUFFLE,NULL_SHUFFLE
GW190728_064510-v2,H1,NULL_SHUFFLE,NULL_SHUFFLE
GW190728_064510-v2,H1,NULL_SHUFFLE,NULL_SHUFFLE
GW190728_064510-v2,H1,NULL_SHUFFLE,NULL_SHUFFLE
GW190728_064510-v2,L1,ON,REAL_ON
GW190728_064510-v2,L1,OFF1,REAL_OFF
GW190728_064510-v2,L1,OFF2,REAL_OFF
GW190728_064510-v2,L1,NULL_PHASE,NULL_PHASE
GW190728_064510-v2,L1,NULL_PHASE,NULL_PHASE
GW190728_064510-v2,L1,NULL_PHASE,NULL_PHASE
GW190728_064510-v2,L1,NULL_PHASE,NULL_PHASE
GW190728_064510-v2,L1,NULL_PHASE,NULL_PHASE
GW190728_064510-v2,L1,NULL_SHUFFLE,NULL_SHUFFLE
GW190728_064510-v2,L1,NULL_SHUFFLE,NULL_SHUFFLE
GW190728_064510-v2,L1,NULL_SHUFFLE,NULL_SHUFFLE
GW190728_064510-v2,L1,NULL_SHUFFLE,NULL_SHUFFLE
GW190728_064510-v2,L1,NULL_SHUFFLE,NULL_SHUFFLE
GW190731_140936-v1,H1,ON,REAL_ON
GW190731_140936-v1,H1,OFF1,REAL_OFF
GW190731_140936-v1,H1,OFF2,REAL_OFF
GW190731_140936-v1,H1,NULL_PHASE,NULL_PHASE
GW190731_140936-v1,H1,NULL_PHASE,NULL_PHASE
GW190731_140936-v1,H1,NULL_PHASE,NULL_PHASE
GW190731_140936-v1,H1,NULL_PHASE,NULL_PHASE
GW190731_140936-v1,H1,NULL_PHASE,NULL_PHASE
GW190731_140936-v1,H1,NULL_SHUFFLE,NULL_SHUFFLE
GW190731_140936-v1,H1,NULL_SHUFFLE,NULL_SHUFFLE
GW190731_140936-v1,H1,NULL_SHUFFLE,NULL_SHUFFLE
GW190731_140936-v1,H1,NULL_SHUFFLE,NULL_SHUFFLE
GW190731_140936-v1,H1,NULL_SHUFFLE,NULL_SHUFFLE
GW190731_140936-v1,L1,ON,REAL_ON
GW190731_140936-v1,L1,OFF1,REAL_OFF
GW190731_140936-v1,L1,OFF2,REAL_OFF
GW190731_140936-v1,L1,NULL_PHASE,NULL_PHASE
GW190731_140936-v1,L1,NULL_PHASE,NULL_PHASE
GW190731_140936-v1,L1,NULL_PHASE,NULL_PHASE
GW190731_140936-v1,L1,NULL_PHASE,NULL_PHASE
GW190731_140936-v1,L1,NULL_PHASE,NULL_PHASE
GW190731_140936-v1,L1,NULL_SHUFFLE,NULL_SHUFFLE
GW190731_140936-v1,L1,NULL_SHUFFLE,NULL_SHUFFLE
GW190731_140936-v1,L1,NULL_SHUFFLE,NULL_SHUFFLE
GW190731_140936-v1,L1,NULL_SHUFFLE,NULL_SHUFFLE
GW190731_140936-v1,L1,NULL_SHUFFLE,NULL_SHUFFLE
GW190731_140936-v2,H1,ON,REAL_ON
GW190731_140936-v2,H1,OFF1,REAL_OFF
GW190731_140936-v2,H1,OFF2,REAL_OFF
GW190731_140936-v2,H1,NULL_PHASE,NULL_PHASE
GW190731_140936-v2,H1,NULL_PHASE,NULL_PHASE
GW190731_140936-v2,H1,NULL_PHASE,NULL_PHASE
GW190731_140936-v2,H1,NULL_PHASE,NULL_PHASE
GW190731_140936-v2,H1,NULL_PHASE,NULL_PHASE
GW190731_140936-v2,H1,NULL_SHUFFLE,NULL_SHUFFLE
GW190731_140936-v2,H1,NULL_SHUFFLE,NULL_SHUFFLE
GW190731_140936-v2,H1,NULL_SHUFFLE,NULL_SHUFFLE
GW190731_140936-v2,H1,NULL_SHUFFLE,NULL_SHUFFLE
GW190731_140936-v2,H1,NULL_SHUFFLE,NULL_SHUFFLE
GW190731_140936-v2,L1,ON,REAL_ON
GW190731_140936-v2,L1,OFF1,REAL_OFF
GW190731_140936-v2,L1,OFF2,REAL_OFF
GW190731_140936-v2,L1,NULL_PHASE,NULL_PHASE
GW190731_140936-v2,L1,NULL_PHASE,NULL_PHASE
GW190731_140936-v2,L1,NULL_PHASE,NULL_PHASE
GW190731_140936-v2,L1,NULL_PHASE,NULL_PHASE
GW190731_140936-v2,L1,NULL_PHASE,NULL_PHASE
GW190731_140936-v2,L1,NULL_SHUFFLE,NULL_SHUFFLE
GW190731_140936-v2,L1,NULL_SHUFFLE,NULL_SHUFFLE
GW190731_140936-v2,L1,NULL_SHUFFLE,NULL_SHUFFLE
GW190731_140936-v2,L1,NULL_SHUFFLE,NULL_SHUFFLE
GW190731_140936-v2,L1,NULL_SHUFFLE,NULL_SHUFFLE
GW190803_022701-v1,H1,ON,REAL_ON
GW190803_022701-v1,H1,OFF1,REAL_OFF
GW190803_022701-v1,H1,OFF2,REAL_OFF
GW190803_022701-v1,H1,NULL_PHASE,NULL_PHASE
GW190803_022701-v1,H1,NULL_PHASE,NULL_PHASE
GW190803_022701-v1,H1,NULL_PHASE,NULL_PHASE
GW190803_022701-v1,H1,NULL_PHASE,NULL_PHASE
GW190803_022701-v1,H1,NULL_PHASE,NULL_PHASE
GW190803_022701-v1,H1,NULL_SHUFFLE,NULL_SHUFFLE
GW190803_022701-v1,H1,NULL_SHUFFLE,NULL_SHUFFLE
GW190803_022701-v1,H1,NULL_SHUFFLE,NULL_SHUFFLE
GW190803_022701-v1,H1,NULL_SHUFFLE,NULL_SHUFFLE
GW190803_022701-v1,H1,NULL_SHUFFLE,NULL_SHUFFLE
GW190803_022701-v1,L1,ON,REAL_ON
GW190803_022701-v1,L1,OFF1,REAL_OFF
GW190803_022701-v1,L1,OFF2,REAL_OFF
GW190803_022701-v1,L1,NULL_PHASE,NULL_PHASE
GW190803_022701-v1,L1,NULL_PHASE,NULL_PHASE
GW190803_022701-v1,L1,NULL_PHASE,NULL_PHASE
GW190803_022701-v1,L1,NULL_PHASE,NULL_PHASE
GW190803_022701-v1,L1,NULL_PHASE,NULL_PHASE
GW190803_022701-v1,L1,NULL_SHUFFLE,NULL_SHUFFLE
GW190803_022701-v1,L1,NULL_SHUFFLE,NULL_SHUFFLE
GW190803_022701-v1,L1,NULL_SHUFFLE,NULL_SHUFFLE
GW190803_022701-v1,L1,NULL_SHUFFLE,NULL_SHUFFLE
GW190803_022701-v1,L1,NULL_SHUFFLE,NULL_SHUFFLE
GW190803_022701-v2,H1,ON,REAL_ON
GW190803_022701-v2,H1,OFF1,REAL_OFF
GW190803_022701-v2,H1,OFF2,REAL_OFF
GW190803_022701-v2,H1,NULL_PHASE,NULL_PHASE
GW190803_022701-v2,H1,NULL_PHASE,NULL_PHASE
GW190803_022701-v2,H1,NULL_PHASE,NULL_PHASE
GW190803_022701-v2,H1,NULL_PHASE,NULL_PHASE
GW190803_022701-v2,H1,NULL_PHASE,NULL_PHASE
GW190803_022701-v2,H1,NULL_SHUFFLE,NULL_SHUFFLE
GW190803_022701-v2,H1,NULL_SHUFFLE,NULL_SHUFFLE
GW190803_022701-v2,H1,NULL_SHUFFLE,NULL_SHUFFLE
GW190803_022701-v2,H1,NULL_SHUFFLE,NULL_SHUFFLE
GW190803_022701-v2,H1,NULL_SHUFFLE,NULL_SHUFFLE
GW190803_022701-v2,L1,ON,REAL_ON
GW190803_022701-v2,L1,OFF1,REAL_OFF
GW190803_022701-v2,L1,OFF2,REAL_OFF
GW190803_022701-v2,L1,NULL_PHASE,NULL_PHASE
GW190803_022701-v2,L1,NULL_PHASE,NULL_PHASE
GW190803_022701-v2,L1,NULL_PHASE,NULL_PHASE
GW190803_022701-v2,L1,NULL_PHASE,NULL_PHASE
GW190803_022701-v2,L1,NULL_PHASE,NULL_PHASE
GW190803_022701-v2,L1,NULL_SHUFFLE,NULL_SHUFFLE
GW190803_022701-v2,L1,NULL_SHUFFLE,NULL_SHUFFLE
GW190803_022701-v2,L1,NULL_SHUFFLE,NULL_SHUFFLE
GW190803_022701-v2,L1,NULL_SHUFFLE,NULL_SHUFFLE
GW190803_022701-v2,L1,NULL_SHUFFLE,NULL_SHUFFLE
GW190805_211137-v1,H1,ON,REAL_ON
GW190805_211137-v1,H1,OFF1,REAL_OFF
GW190805_211137-v1,H1,OFF2,REAL_OFF
GW190805_211137-v1,H1,NULL_PHASE,NULL_PHASE
GW190805_211137-v1,H1,NULL_PHASE,NULL_PHASE
GW190805_211137-v1,H1,NULL_PHASE,NULL_PHASE
GW190805_211137-v1,H1,NULL_PHASE,NULL_PHASE
GW190805_211137-v1,H1,NULL_PHASE,NULL_PHASE
GW190805_211137-v1,H1,NULL_SHUFFLE,NULL_SHUFFLE
GW190805_211137-v1,H1,NULL_SHUFFLE,NULL_SHUFFLE
GW190805_211137-v1,H1,NULL_SHUFFLE,NULL_SHUFFLE
GW190805_211137-v1,H1,NULL_SHUFFLE,NULL_SHUFFLE
GW190805_211137-v1,H1,NULL_SHUFFLE,NULL_SHUFFLE
GW190805_211137-v1,L1,ON,REAL_ON
GW190805_211137-v1,L1,OFF1,REAL_OFF
GW190805_211137-v1,L1,OFF2,REAL_OFF
GW190805_211137-v1,L1,NULL_PHASE,NULL_PHASE
GW190805_211137-v1,L1,NULL_PHASE,NULL_PHASE
GW190805_211137-v1,L1,NULL_PHASE,NULL_PHASE
GW190805_211137-v1,L1,NULL_PHASE,NULL_PHASE
GW190805_211137-v1,L1,NULL_PHASE,NULL_PHASE
GW190805_211137-v1,L1,NULL_SHUFFLE,NULL_SHUFFLE
GW190805_211137-v1,L1,NULL_SHUFFLE,NULL_SHUFFLE
GW190805_211137-v1,L1,NULL_SHUFFLE,NULL_SHUFFLE
GW190805_211137-v1,L1,NULL_SHUFFLE,NULL_SHUFFLE
GW190805_211137-v1,L1,NULL_SHUFFLE,NULL_SHUFFLE
GW190814-v1,H1,ON,REAL_ON
GW190814-v1,H1,OFF1,REAL_OFF
GW190814-v1,H1,OFF2,REAL_OFF
GW190814-v1,H1,NULL_PHASE,NULL_PHASE
GW190814-v1,H1,NULL_PHASE,NULL_PHASE
GW190814-v1,H1,NULL_PHASE,NULL_PHASE
GW190814-v1,H1,NULL_PHASE,NULL_PHASE
GW190814-v1,H1,NULL_PHASE,NULL_PHASE
GW190814-v1,H1,NULL_SHUFFLE,NULL_SHUFFLE
GW190814-v1,H1,NULL_SHUFFLE,NULL_SHUFFLE
GW190814-v1,H1,NULL_SHUFFLE,NULL_SHUFFLE
GW190814-v1,H1,NULL_SHUFFLE,NULL_SHUFFLE
GW190814-v1,H1,NULL_SHUFFLE,NULL_SHUFFLE
GW190814-v2,H1,ON,REAL_ON
GW190814-v2,H1,OFF1,REAL_OFF
GW190814-v2,H1,OFF2,REAL_OFF
GW190814-v2,H1,NULL_PHASE,NULL_PHASE
GW190814-v2,H1,NULL_PHASE,NULL_PHASE
GW190814-v2,H1,NULL_PHASE,NULL_PHASE
GW190814-v2,H1,NULL_PHASE,NULL_PHASE
GW190814-v2,H1,NULL_PHASE,NULL_PHASE
GW190814-v2,H1,NULL_SHUFFLE,NULL_SHUFFLE
GW190814-v2,H1,NULL_SHUFFLE,NULL_SHUFFLE
GW190814-v2,H1,NULL_SHUFFLE,NULL_SHUFFLE
GW190814-v2,H1,NULL_SHUFFLE,NULL_SHUFFLE
GW190814-v2,H1,NULL_SHUFFLE,NULL_SHUFFLE
GW190814_211039-v3,H1,ON,REAL_ON
GW190814_211039-v3,H1,OFF1,REAL_OFF
GW190814_211039-v3,H1,OFF2,REAL_OFF
GW190814_211039-v3,H1,NULL_PHASE,NULL_PHASE
GW190814_211039-v3,H1,NULL_PHASE,NULL_PHASE
GW190814_211039-v3,H1,NULL_PHASE,NULL_PHASE
GW190814_211039-v3,H1,NULL_PHASE,NULL_PHASE
GW190814_211039-v3,H1,NULL_PHASE,NULL_PHASE
GW190814_211039-v3,H1,NULL_SHUFFLE,NULL_SHUFFLE
GW190814_211039-v3,H1,NULL_SHUFFLE,NULL_SHUFFLE
GW190814_211039-v3,H1,NULL_SHUFFLE,NULL_SHUFFLE
GW190814_211039-v3,H1,NULL_SHUFFLE,NULL_SHUFFLE
GW190814_211039-v3,H1,NULL_SHUFFLE,NULL_SHUFFLE
