Fold,Score
1,0.9
2,0.9
3,0.9473684210526315
4,0.9473684210526315
5,0.7894736842105263
