Event,Detector,Constant,Count,RankWithinEvent
151008-v1,L1,Catalan’s Constant,9,1
151008-v1,L1,Absolute Zero (K),0,2
151008-v1,L1,Planck Time (s),0,3
151008-v1,L1,Neutron Mass (kg),0,4
151008-v1,L1,Parsec (m),0,5
151008-v1,L1,Phi Squared,0,6
151008-v1,L1,Pi,0,7
151008-v1,L1,Planck Charge (C),0,8
151008-v1,L1,Planck Constant (J·s),0,9
151008-v1,L1,Planck Length (m),0,10
151008-v1,L1,Planck Mass (kg),0,11
151008-v1,L1,Planck Temperature (K),0,12
151008-v1,L1,Plastic Constant,0,13
151008-v1,L1,Khinchin’s Constant,0,14
151008-v1,L1,Proton Mass (kg),0,15
151008-v1,L1,Reduced Planck Constant (J·s),0,16
151008-v1,L1,Solar Mass (kg),0,17
151008-v1,L1,Solar Radius (m),0,18
151008-v1,L1,Speed of Light (m/s),0,19
151008-v1,L1,Square Root of 2,0,20
151008-v1,L1,Square Root of 3,0,21
151008-v1,L1,Square Root of 5,0,22
151008-v1,L1,Tau Mass (kg),0,23
151008-v1,L1,Muon Mass (kg),0,24
151008-v1,L1,Hubble Constant (km/s/Mpc),0,25
151008-v1,L1,Apéry’s Constant (zeta(3)),0,26
151008-v1,L1,Gravitational Constant (m^3 kg^-1 s^-2),0,27
151008-v1,L1,Astronomical Unit (m),0,28
151008-v1,L1,Avogadro Constant (1/mol),0,29
151008-v1,L1,Baryon-to-Photon Ratio,0,30
151008-v1,L1,Boltzmann Constant (J/K),0,31
151008-v1,L1,Cosmic Microwave Background Temp (K),0,32
151008-v1,L1,Coulomb Constant (N m^2 C^-2),0,33
151008-v1,L1,Critical Density (kg/m^3),0,34
151008-v1,L1,Earth Mass (kg),0,35
151008-v1,L1,Earth Radius (m),0,36
151008-v1,L1,Electron Mass (kg),0,37
151008-v1,L1,Elementary Charge (C),0,38
151008-v1,L1,Euler–Mascheroni Constant,0,39
151008-v1,L1,Euler’s Number,0,40
151008-v1,L1,Feigenbaum Alpha,0,41
151008-v1,L1,Feigenbaum Delta,0,42
151008-v1,L1,Fine-Structure Constant,0,43
151008-v1,L1,Gas Constant R (J/(mol·K)),0,44
151008-v1,L1,Golden Ratio,0,45
151008-v1,L1,Golden Ratio Conjugate,0,46
151008-v1,L1,Two Pi,0,47
151012.2-v1,H1,Golden Ratio Conjugate,100,1
151012.2-v1,H1,Catalan’s Constant,76,2
151012.2-v1,H1,Euler–Mascheroni Constant,44,3
151012.2-v1,H1,Golden Ratio,43,4
151012.2-v1,H1,Apéry’s Constant (zeta(3)),23,5
151012.2-v1,H1,Plastic Constant,7,6
151012.2-v1,H1,Absolute Zero (K),5,7
151012.2-v1,H1,Reduced Planck Constant (J·s),5,8
151012.2-v1,H1,Planck Length (m),5,9
151012.2-v1,H1,Planck Mass (kg),5,10
151012.2-v1,H1,Neutron Mass (kg),5,11
151012.2-v1,H1,Muon Mass (kg),5,12
151012.2-v1,H1,Planck Time (s),5,13
151012.2-v1,H1,Gravitational Constant (m^3 kg^-1 s^-2),5,14
151012.2-v1,H1,Fine-Structure Constant,5,15
151012.2-v1,H1,Proton Mass (kg),5,16
151012.2-v1,H1,Planck Charge (C),5,17
151012.2-v1,H1,Planck Constant (J·s),5,18
151012.2-v1,H1,Elementary Charge (C),5,19
151012.2-v1,H1,Electron Mass (kg),5,20
151012.2-v1,H1,Critical Density (kg/m^3),5,21
151012.2-v1,H1,Boltzmann Constant (J/K),5,22
151012.2-v1,H1,Baryon-to-Photon Ratio,5,23
151012.2-v1,H1,Tau Mass (kg),5,24
151012.2-v1,H1,Square Root of 2,1,25
151012.2-v1,H1,Solar Radius (m),0,26
151012.2-v1,H1,Speed of Light (m/s),0,27
151012.2-v1,H1,Square Root of 3,0,28
151012.2-v1,H1,Planck Temperature (K),0,29
151012.2-v1,H1,Square Root of 5,0,30
151012.2-v1,H1,Solar Mass (kg),0,31
151012.2-v1,H1,Hubble Constant (km/s/Mpc),0,32
151012.2-v1,H1,Pi,0,33
151012.2-v1,H1,Phi Squared,0,34
151012.2-v1,H1,Parsec (m),0,35
151012.2-v1,H1,Khinchin’s Constant,0,36
151012.2-v1,H1,Gas Constant R (J/(mol·K)),0,37
151012.2-v1,H1,Feigenbaum Delta,0,38
151012.2-v1,H1,Feigenbaum Alpha,0,39
151012.2-v1,H1,Euler’s Number,0,40
151012.2-v1,H1,Earth Radius (m),0,41
151012.2-v1,H1,Earth Mass (kg),0,42
151012.2-v1,H1,Coulomb Constant (N m^2 C^-2),0,43
151012.2-v1,H1,Cosmic Microwave Background Temp (K),0,44
151012.2-v1,H1,Avogadro Constant (1/mol),0,45
151012.2-v1,H1,Astronomical Unit (m),0,46
151012.2-v1,H1,Two Pi,0,47
151012.2-v1,L1,Catalan’s Constant,37,1
151012.2-v1,L1,Apéry’s Constant (zeta(3)),9,2
151012.2-v1,L1,Absolute Zero (K),7,3
151012.2-v1,L1,Reduced Planck Constant (J·s),7,4
151012.2-v1,L1,Planck Charge (C),7,5
151012.2-v1,L1,Planck Mass (kg),7,6
151012.2-v1,L1,Neutron Mass (kg),7,7
151012.2-v1,L1,Muon Mass (kg),7,8
151012.2-v1,L1,Planck Time (s),7,9
151012.2-v1,L1,Gravitational Constant (m^3 kg^-1 s^-2),7,10
151012.2-v1,L1,Fine-Structure Constant,7,11
151012.2-v1,L1,Proton Mass (kg),7,12
151012.2-v1,L1,Planck Length (m),7,13
151012.2-v1,L1,Planck Constant (J·s),7,14
151012.2-v1,L1,Boltzmann Constant (J/K),7,15
151012.2-v1,L1,Electron Mass (kg),7,16
151012.2-v1,L1,Tau Mass (kg),7,17
151012.2-v1,L1,Baryon-to-Photon Ratio,7,18
151012.2-v1,L1,Critical Density (kg/m^3),7,19
151012.2-v1,L1,Elementary Charge (C),7,20
151012.2-v1,L1,Plastic Constant,3,21
151012.2-v1,L1,Square Root of 2,2,22
151012.2-v1,L1,Pi,2,23
151012.2-v1,L1,Golden Ratio Conjugate,2,24
151012.2-v1,L1,Feigenbaum Alpha,1,25
151012.2-v1,L1,Square Root of 3,1,26
151012.2-v1,L1,Golden Ratio,1,27
151012.2-v1,L1,Planck Temperature (K),0,28
151012.2-v1,L1,Square Root of 5,0,29
151012.2-v1,L1,Speed of Light (m/s),0,30
151012.2-v1,L1,Solar Radius (m),0,31
151012.2-v1,L1,Solar Mass (kg),0,32
151012.2-v1,L1,Hubble Constant (km/s/Mpc),0,33
151012.2-v1,L1,Phi Squared,0,34
151012.2-v1,L1,Parsec (m),0,35
151012.2-v1,L1,Khinchin’s Constant,0,36
151012.2-v1,L1,Gas Constant R (J/(mol·K)),0,37
151012.2-v1,L1,Feigenbaum Delta,0,38
151012.2-v1,L1,Euler’s Number,0,39
151012.2-v1,L1,Euler–Mascheroni Constant,0,40
151012.2-v1,L1,Earth Radius (m),0,41
151012.2-v1,L1,Earth Mass (kg),0,42
151012.2-v1,L1,Coulomb Constant (N m^2 C^-2),0,43
151012.2-v1,L1,Cosmic Microwave Background Temp (K),0,44
151012.2-v1,L1,Avogadro Constant (1/mol),0,45
151012.2-v1,L1,Astronomical Unit (m),0,46
151012.2-v1,L1,Two Pi,0,47
151116-v1,H1,Catalan’s Constant,59,1
151116-v1,H1,Golden Ratio Conjugate,58,2
151116-v1,H1,Apéry’s Constant (zeta(3)),48,3
151116-v1,H1,Euler–Mascheroni Constant,39,4
151116-v1,H1,Golden Ratio,37,5
151116-v1,H1,Plastic Constant,10,6
151116-v1,H1,Absolute Zero (K),9,7
151116-v1,H1,Planck Length (m),9,8
151116-v1,H1,Planck Charge (C),9,9
151116-v1,H1,Planck Mass (kg),9,10
151116-v1,H1,Planck Time (s),9,11
151116-v1,H1,Neutron Mass (kg),9,12
151116-v1,H1,Muon Mass (kg),9,13
151116-v1,H1,Gravitational Constant (m^3 kg^-1 s^-2),9,14
151116-v1,H1,Proton Mass (kg),9,15
151116-v1,H1,Reduced Planck Constant (J·s),9,16
151116-v1,H1,Planck Constant (J·s),9,17
151116-v1,H1,Elementary Charge (C),9,18
151116-v1,H1,Electron Mass (kg),9,19
151116-v1,H1,Critical Density (kg/m^3),9,20
151116-v1,H1,Boltzmann Constant (J/K),9,21
151116-v1,H1,Baryon-to-Photon Ratio,9,22
151116-v1,H1,Tau Mass (kg),9,23
151116-v1,H1,Fine-Structure Constant,8,24
151116-v1,H1,Square Root of 2,5,25
151116-v1,H1,Square Root of 3,2,26
151116-v1,H1,Square Root of 5,1,27
151116-v1,H1,Feigenbaum Alpha,1,28
151116-v1,H1,Solar Mass (kg),0,29
151116-v1,H1,Solar Radius (m),0,30
151116-v1,H1,Speed of Light (m/s),0,31
151116-v1,H1,Planck Temperature (K),0,32
151116-v1,H1,Hubble Constant (km/s/Mpc),0,33
151116-v1,H1,Pi,0,34
151116-v1,H1,Phi Squared,0,35
151116-v1,H1,Parsec (m),0,36
151116-v1,H1,Khinchin’s Constant,0,37
151116-v1,H1,Gas Constant R (J/(mol·K)),0,38
151116-v1,H1,Feigenbaum Delta,0,39
151116-v1,H1,Euler’s Number,0,40
151116-v1,H1,Earth Radius (m),0,41
151116-v1,H1,Earth Mass (kg),0,42
151116-v1,H1,Coulomb Constant (N m^2 C^-2),0,43
151116-v1,H1,Cosmic Microwave Background Temp (K),0,44
151116-v1,H1,Avogadro Constant (1/mol),0,45
151116-v1,H1,Astronomical Unit (m),0,46
151116-v1,H1,Two Pi,0,47
151116-v1,L1,Golden Ratio,27,1
151116-v1,L1,Golden Ratio Conjugate,24,2
151116-v1,L1,Euler–Mascheroni Constant,23,3
151116-v1,L1,Catalan’s Constant,16,4
151116-v1,L1,Apéry’s Constant (zeta(3)),7,5
151116-v1,L1,Phi Squared,2,6
151116-v1,L1,Khinchin’s Constant,2,7
151116-v1,L1,Plastic Constant,2,8
151116-v1,L1,Square Root of 5,1,9
151116-v1,L1,Planck Temperature (K),0,10
151116-v1,L1,Pi,0,11
151116-v1,L1,Planck Charge (C),0,12
151116-v1,L1,Planck Constant (J·s),0,13
151116-v1,L1,Planck Length (m),0,14
151116-v1,L1,Planck Mass (kg),0,15
151116-v1,L1,Absolute Zero (K),0,16
151116-v1,L1,Parsec (m),0,17
151116-v1,L1,Proton Mass (kg),0,18
151116-v1,L1,Reduced Planck Constant (J·s),0,19
151116-v1,L1,Solar Mass (kg),0,20
151116-v1,L1,Solar Radius (m),0,21
151116-v1,L1,Speed of Light (m/s),0,22
151116-v1,L1,Square Root of 2,0,23
151116-v1,L1,Square Root of 3,0,24
151116-v1,L1,Tau Mass (kg),0,25
151116-v1,L1,Planck Time (s),0,26
151116-v1,L1,Hubble Constant (km/s/Mpc),0,27
151116-v1,L1,Neutron Mass (kg),0,28
151116-v1,L1,Muon Mass (kg),0,29
151116-v1,L1,Astronomical Unit (m),0,30
151116-v1,L1,Avogadro Constant (1/mol),0,31
151116-v1,L1,Baryon-to-Photon Ratio,0,32
151116-v1,L1,Boltzmann Constant (J/K),0,33
151116-v1,L1,Cosmic Microwave Background Temp (K),0,34
151116-v1,L1,Coulomb Constant (N m^2 C^-2),0,35
151116-v1,L1,Critical Density (kg/m^3),0,36
151116-v1,L1,Earth Mass (kg),0,37
151116-v1,L1,Earth Radius (m),0,38
151116-v1,L1,Electron Mass (kg),0,39
151116-v1,L1,Elementary Charge (C),0,40
151116-v1,L1,Euler’s Number,0,41
151116-v1,L1,Feigenbaum Alpha,0,42
151116-v1,L1,Feigenbaum Delta,0,43
151116-v1,L1,Fine-Structure Constant,0,44
151116-v1,L1,Gas Constant R (J/(mol·K)),0,45
151116-v1,L1,Gravitational Constant (m^3 kg^-1 s^-2),0,46
151116-v1,L1,Two Pi,0,47
161202-v1,H1,Golden Ratio Conjugate,76,1
161202-v1,H1,Catalan’s Constant,63,2
161202-v1,H1,Golden Ratio,44,3
161202-v1,H1,Euler–Mascheroni Constant,43,4
161202-v1,H1,Apéry’s Constant (zeta(3)),27,5
161202-v1,H1,Absolute Zero (K),9,6
161202-v1,H1,Planck Constant (J·s),9,7
161202-v1,H1,Planck Length (m),9,8
161202-v1,H1,Planck Mass (kg),9,9
161202-v1,H1,Neutron Mass (kg),9,10
161202-v1,H1,Muon Mass (kg),9,11
161202-v1,H1,Planck Time (s),9,12
161202-v1,H1,Gravitational Constant (m^3 kg^-1 s^-2),9,13
161202-v1,H1,Proton Mass (kg),9,14
161202-v1,H1,Reduced Planck Constant (J·s),9,15
161202-v1,H1,Planck Charge (C),9,16
161202-v1,H1,Elementary Charge (C),9,17
161202-v1,H1,Electron Mass (kg),9,18
161202-v1,H1,Critical Density (kg/m^3),9,19
161202-v1,H1,Boltzmann Constant (J/K),9,20
161202-v1,H1,Baryon-to-Photon Ratio,9,21
161202-v1,H1,Tau Mass (kg),9,22
161202-v1,H1,Fine-Structure Constant,8,23
161202-v1,H1,Plastic Constant,8,24
161202-v1,H1,Square Root of 2,2,25
161202-v1,H1,Square Root of 3,1,26
161202-v1,H1,Square Root of 5,1,27
161202-v1,H1,Solar Radius (m),0,28
161202-v1,H1,Speed of Light (m/s),0,29
161202-v1,H1,Planck Temperature (K),0,30
161202-v1,H1,Solar Mass (kg),0,31
161202-v1,H1,Hubble Constant (km/s/Mpc),0,32
161202-v1,H1,Pi,0,33
161202-v1,H1,Phi Squared,0,34
161202-v1,H1,Parsec (m),0,35
161202-v1,H1,Khinchin’s Constant,0,36
161202-v1,H1,Gas Constant R (J/(mol·K)),0,37
161202-v1,H1,Feigenbaum Delta,0,38
161202-v1,H1,Feigenbaum Alpha,0,39
161202-v1,H1,Euler’s Number,0,40
161202-v1,H1,Earth Radius (m),0,41
161202-v1,H1,Earth Mass (kg),0,42
161202-v1,H1,Coulomb Constant (N m^2 C^-2),0,43
161202-v1,H1,Cosmic Microwave Background Temp (K),0,44
161202-v1,H1,Avogadro Constant (1/mol),0,45
161202-v1,H1,Astronomical Unit (m),0,46
161202-v1,H1,Two Pi,0,47
161202-v1,L1,Catalan’s Constant,49,1
161202-v1,L1,Absolute Zero (K),15,2
161202-v1,L1,Elementary Charge (C),15,3
161202-v1,L1,Planck Constant (J·s),15,4
161202-v1,L1,Planck Charge (C),15,5
161202-v1,L1,Planck Time (s),15,6
161202-v1,L1,Neutron Mass (kg),15,7
161202-v1,L1,Muon Mass (kg),15,8
161202-v1,L1,Gravitational Constant (m^3 kg^-1 s^-2),15,9
161202-v1,L1,Proton Mass (kg),15,10
161202-v1,L1,Reduced Planck Constant (J·s),15,11
161202-v1,L1,Fine-Structure Constant,15,12
161202-v1,L1,Planck Mass (kg),15,13
161202-v1,L1,Planck Length (m),15,14
161202-v1,L1,Boltzmann Constant (J/K),15,15
161202-v1,L1,Electron Mass (kg),15,16
161202-v1,L1,Tau Mass (kg),15,17
161202-v1,L1,Baryon-to-Photon Ratio,15,18
161202-v1,L1,Critical Density (kg/m^3),15,19
161202-v1,L1,Apéry’s Constant (zeta(3)),5,20
161202-v1,L1,Plastic Constant,4,21
161202-v1,L1,Golden Ratio Conjugate,3,22
161202-v1,L1,Euler–Mascheroni Constant,2,23
161202-v1,L1,Euler’s Number,1,24
161202-v1,L1,Khinchin’s Constant,1,25
161202-v1,L1,Cosmic Microwave Background Temp (K),1,26
161202-v1,L1,Square Root of 3,1,27
161202-v1,L1,Square Root of 2,1,28
161202-v1,L1,Speed of Light (m/s),0,29
161202-v1,L1,Planck Temperature (K),0,30
161202-v1,L1,Square Root of 5,0,31
161202-v1,L1,Solar Mass (kg),0,32
161202-v1,L1,Solar Radius (m),0,33
161202-v1,L1,Hubble Constant (km/s/Mpc),0,34
161202-v1,L1,Pi,0,35
161202-v1,L1,Phi Squared,0,36
161202-v1,L1,Parsec (m),0,37
161202-v1,L1,Golden Ratio,0,38
161202-v1,L1,Gas Constant R (J/(mol·K)),0,39
161202-v1,L1,Feigenbaum Delta,0,40
161202-v1,L1,Feigenbaum Alpha,0,41
161202-v1,L1,Earth Radius (m),0,42
161202-v1,L1,Earth Mass (kg),0,43
161202-v1,L1,Coulomb Constant (N m^2 C^-2),0,44
161202-v1,L1,Avogadro Constant (1/mol),0,45
161202-v1,L1,Astronomical Unit (m),0,46
161202-v1,L1,Two Pi,0,47
161217-v1,H1,Catalan’s Constant,59,1
161217-v1,H1,Apéry’s Constant (zeta(3)),35,2
161217-v1,H1,Golden Ratio Conjugate,23,3
161217-v1,H1,Euler–Mascheroni Constant,21,4
161217-v1,H1,Golden Ratio,19,5
161217-v1,H1,Absolute Zero (K),5,6
161217-v1,H1,Planck Charge (C),5,7
161217-v1,H1,Planck Mass (kg),5,8
161217-v1,H1,Neutron Mass (kg),5,9
161217-v1,H1,Muon Mass (kg),5,10
161217-v1,H1,Planck Time (s),5,11
161217-v1,H1,Gravitational Constant (m^3 kg^-1 s^-2),5,12
161217-v1,H1,Proton Mass (kg),5,13
161217-v1,H1,Planck Length (m),5,14
161217-v1,H1,Reduced Planck Constant (J·s),5,15
161217-v1,H1,Planck Constant (J·s),5,16
161217-v1,H1,Critical Density (kg/m^3),5,17
161217-v1,H1,Electron Mass (kg),5,18
161217-v1,H1,Tau Mass (kg),5,19
161217-v1,H1,Baryon-to-Photon Ratio,5,20
161217-v1,H1,Boltzmann Constant (J/K),5,21
161217-v1,H1,Elementary Charge (C),5,22
161217-v1,H1,Square Root of 2,4,23
161217-v1,H1,Plastic Constant,4,24
161217-v1,H1,Fine-Structure Constant,4,25
161217-v1,H1,Square Root of 3,1,26
161217-v1,H1,Pi,1,27
161217-v1,H1,Speed of Light (m/s),0,28
161217-v1,H1,Solar Radius (m),0,29
161217-v1,H1,Planck Temperature (K),0,30
161217-v1,H1,Square Root of 5,0,31
161217-v1,H1,Solar Mass (kg),0,32
161217-v1,H1,Hubble Constant (km/s/Mpc),0,33
161217-v1,H1,Phi Squared,0,34
161217-v1,H1,Parsec (m),0,35
161217-v1,H1,Khinchin’s Constant,0,36
161217-v1,H1,Gas Constant R (J/(mol·K)),0,37
161217-v1,H1,Feigenbaum Delta,0,38
161217-v1,H1,Feigenbaum Alpha,0,39
161217-v1,H1,Euler’s Number,0,40
161217-v1,H1,Earth Radius (m),0,41
161217-v1,H1,Earth Mass (kg),0,42
161217-v1,H1,Coulomb Constant (N m^2 C^-2),0,43
161217-v1,H1,Cosmic Microwave Background Temp (K),0,44
161217-v1,H1,Avogadro Constant (1/mol),0,45
161217-v1,H1,Astronomical Unit (m),0,46
161217-v1,H1,Two Pi,0,47
161217-v1,L1,Catalan’s Constant,43,1
161217-v1,L1,Golden Ratio Conjugate,32,2
161217-v1,L1,Euler–Mascheroni Constant,32,3
161217-v1,L1,Golden Ratio,26,4
161217-v1,L1,Phi Squared,1,5
161217-v1,L1,Khinchin’s Constant,1,6
161217-v1,L1,Apéry’s Constant (zeta(3)),1,7
161217-v1,L1,Plastic Constant,1,8
161217-v1,L1,Feigenbaum Alpha,1,9
161217-v1,L1,Planck Temperature (K),0,10
161217-v1,L1,Pi,0,11
161217-v1,L1,Planck Charge (C),0,12
161217-v1,L1,Planck Constant (J·s),0,13
161217-v1,L1,Planck Length (m),0,14
161217-v1,L1,Planck Mass (kg),0,15
161217-v1,L1,Absolute Zero (K),0,16
161217-v1,L1,Parsec (m),0,17
161217-v1,L1,Proton Mass (kg),0,18
161217-v1,L1,Reduced Planck Constant (J·s),0,19
161217-v1,L1,Solar Mass (kg),0,20
161217-v1,L1,Solar Radius (m),0,21
161217-v1,L1,Speed of Light (m/s),0,22
161217-v1,L1,Square Root of 2,0,23
161217-v1,L1,Square Root of 3,0,24
161217-v1,L1,Square Root of 5,0,25
161217-v1,L1,Tau Mass (kg),0,26
161217-v1,L1,Planck Time (s),0,27
161217-v1,L1,Hubble Constant (km/s/Mpc),0,28
161217-v1,L1,Neutron Mass (kg),0,29
161217-v1,L1,Earth Mass (kg),0,30
161217-v1,L1,Astronomical Unit (m),0,31
161217-v1,L1,Avogadro Constant (1/mol),0,32
161217-v1,L1,Baryon-to-Photon Ratio,0,33
161217-v1,L1,Boltzmann Constant (J/K),0,34
161217-v1,L1,Cosmic Microwave Background Temp (K),0,35
161217-v1,L1,Coulomb Constant (N m^2 C^-2),0,36
161217-v1,L1,Critical Density (kg/m^3),0,37
161217-v1,L1,Earth Radius (m),0,38
161217-v1,L1,Muon Mass (kg),0,39
161217-v1,L1,Electron Mass (kg),0,40
161217-v1,L1,Elementary Charge (C),0,41
161217-v1,L1,Euler’s Number,0,42
161217-v1,L1,Feigenbaum Delta,0,43
161217-v1,L1,Fine-Structure Constant,0,44
161217-v1,L1,Gas Constant R (J/(mol·K)),0,45
161217-v1,L1,Gravitational Constant (m^3 kg^-1 s^-2),0,46
161217-v1,L1,Two Pi,0,47
170208-v1,H1,Catalan’s Constant,20,1
170208-v1,H1,Golden Ratio Conjugate,19,2
170208-v1,H1,Euler–Mascheroni Constant,18,3
170208-v1,H1,Golden Ratio,17,4
170208-v1,H1,Apéry’s Constant (zeta(3)),12,5
170208-v1,H1,Plastic Constant,8,6
170208-v1,H1,Fine-Structure Constant,5,7
170208-v1,H1,Absolute Zero (K),4,8
170208-v1,H1,Reduced Planck Constant (J·s),4,9
170208-v1,H1,Planck Length (m),4,10
170208-v1,H1,Planck Constant (J·s),4,11
170208-v1,H1,Planck Charge (C),4,12
170208-v1,H1,Planck Time (s),4,13
170208-v1,H1,Neutron Mass (kg),4,14
170208-v1,H1,Muon Mass (kg),4,15
170208-v1,H1,Gravitational Constant (m^3 kg^-1 s^-2),4,16
170208-v1,H1,Proton Mass (kg),4,17
170208-v1,H1,Planck Mass (kg),4,18
170208-v1,H1,Boltzmann Constant (J/K),4,19
170208-v1,H1,Elementary Charge (C),4,20
170208-v1,H1,Electron Mass (kg),4,21
170208-v1,H1,Tau Mass (kg),4,22
170208-v1,H1,Baryon-to-Photon Ratio,4,23
170208-v1,H1,Critical Density (kg/m^3),4,24
170208-v1,H1,Pi,1,25
170208-v1,H1,Phi Squared,1,26
170208-v1,H1,Square Root of 2,1,27
170208-v1,H1,Khinchin’s Constant,1,28
170208-v1,H1,Square Root of 3,0,29
170208-v1,H1,Solar Mass (kg),0,30
170208-v1,H1,Speed of Light (m/s),0,31
170208-v1,H1,Square Root of 5,0,32
170208-v1,H1,Solar Radius (m),0,33
170208-v1,H1,Planck Temperature (K),0,34
170208-v1,H1,Hubble Constant (km/s/Mpc),0,35
170208-v1,H1,Parsec (m),0,36
170208-v1,H1,Gas Constant R (J/(mol·K)),0,37
170208-v1,H1,Feigenbaum Delta,0,38
170208-v1,H1,Feigenbaum Alpha,0,39
170208-v1,H1,Euler’s Number,0,40
170208-v1,H1,Earth Radius (m),0,41
170208-v1,H1,Earth Mass (kg),0,42
170208-v1,H1,Coulomb Constant (N m^2 C^-2),0,43
170208-v1,H1,Cosmic Microwave Background Temp (K),0,44
170208-v1,H1,Avogadro Constant (1/mol),0,45
170208-v1,H1,Astronomical Unit (m),0,46
170208-v1,H1,Two Pi,0,47
170208-v1,L1,Euler–Mascheroni Constant,53,1
170208-v1,L1,Golden Ratio Conjugate,53,2
170208-v1,L1,Golden Ratio,49,3
170208-v1,L1,Catalan’s Constant,36,4
170208-v1,L1,Apéry’s Constant (zeta(3)),10,5
170208-v1,L1,Plastic Constant,5,6
170208-v1,L1,Phi Squared,3,7
170208-v1,L1,Khinchin’s Constant,3,8
170208-v1,L1,Pi,0,9
170208-v1,L1,Planck Charge (C),0,10
170208-v1,L1,Planck Constant (J·s),0,11
170208-v1,L1,Planck Length (m),0,12
170208-v1,L1,Planck Mass (kg),0,13
170208-v1,L1,Planck Temperature (K),0,14
170208-v1,L1,Absolute Zero (K),0,15
170208-v1,L1,Parsec (m),0,16
170208-v1,L1,Proton Mass (kg),0,17
170208-v1,L1,Reduced Planck Constant (J·s),0,18
170208-v1,L1,Solar Mass (kg),0,19
170208-v1,L1,Solar Radius (m),0,20
170208-v1,L1,Speed of Light (m/s),0,21
170208-v1,L1,Square Root of 2,0,22
170208-v1,L1,Square Root of 3,0,23
170208-v1,L1,Square Root of 5,0,24
170208-v1,L1,Tau Mass (kg),0,25
170208-v1,L1,Planck Time (s),0,26
170208-v1,L1,Hubble Constant (km/s/Mpc),0,27
170208-v1,L1,Neutron Mass (kg),0,28
170208-v1,L1,Muon Mass (kg),0,29
170208-v1,L1,Astronomical Unit (m),0,30
170208-v1,L1,Avogadro Constant (1/mol),0,31
170208-v1,L1,Baryon-to-Photon Ratio,0,32
170208-v1,L1,Boltzmann Constant (J/K),0,33
170208-v1,L1,Cosmic Microwave Background Temp (K),0,34
170208-v1,L1,Coulomb Constant (N m^2 C^-2),0,35
170208-v1,L1,Critical Density (kg/m^3),0,36
170208-v1,L1,Earth Mass (kg),0,37
170208-v1,L1,Earth Radius (m),0,38
170208-v1,L1,Electron Mass (kg),0,39
170208-v1,L1,Elementary Charge (C),0,40
170208-v1,L1,Euler’s Number,0,41
170208-v1,L1,Feigenbaum Alpha,0,42
170208-v1,L1,Feigenbaum Delta,0,43
170208-v1,L1,Fine-Structure Constant,0,44
170208-v1,L1,Gas Constant R (J/(mol·K)),0,45
170208-v1,L1,Gravitational Constant (m^3 kg^-1 s^-2),0,46
170208-v1,L1,Two Pi,0,47
170219-v1,H1,Catalan’s Constant,65,1
170219-v1,H1,Apéry’s Constant (zeta(3)),43,2
170219-v1,H1,Golden Ratio Conjugate,33,3
170219-v1,H1,Golden Ratio,28,4
170219-v1,H1,Euler–Mascheroni Constant,28,5
170219-v1,H1,Absolute Zero (K),11,6
170219-v1,H1,Planck Mass (kg),11,7
170219-v1,H1,Planck Constant (J·s),11,8
170219-v1,H1,Planck Charge (C),11,9
170219-v1,H1,Planck Time (s),11,10
170219-v1,H1,Neutron Mass (kg),11,11
170219-v1,H1,Muon Mass (kg),11,12
170219-v1,H1,Gravitational Constant (m^3 kg^-1 s^-2),11,13
170219-v1,H1,Fine-Structure Constant,11,14
170219-v1,H1,Proton Mass (kg),11,15
170219-v1,H1,Reduced Planck Constant (J·s),11,16
170219-v1,H1,Planck Length (m),11,17
170219-v1,H1,Boltzmann Constant (J/K),11,18
170219-v1,H1,Electron Mass (kg),11,19
170219-v1,H1,Tau Mass (kg),11,20
170219-v1,H1,Critical Density (kg/m^3),11,21
170219-v1,H1,Baryon-to-Photon Ratio,11,22
170219-v1,H1,Elementary Charge (C),11,23
170219-v1,H1,Plastic Constant,5,24
170219-v1,H1,Phi Squared,1,25
170219-v1,H1,Khinchin’s Constant,1,26
170219-v1,H1,Square Root of 3,1,27
170219-v1,H1,Square Root of 2,1,28
170219-v1,H1,Speed of Light (m/s),0,29
170219-v1,H1,Planck Temperature (K),0,30
170219-v1,H1,Square Root of 5,0,31
170219-v1,H1,Solar Radius (m),0,32
170219-v1,H1,Solar Mass (kg),0,33
170219-v1,H1,Hubble Constant (km/s/Mpc),0,34
170219-v1,H1,Pi,0,35
170219-v1,H1,Parsec (m),0,36
170219-v1,H1,Gas Constant R (J/(mol·K)),0,37
170219-v1,H1,Feigenbaum Delta,0,38
170219-v1,H1,Feigenbaum Alpha,0,39
170219-v1,H1,Euler’s Number,0,40
170219-v1,H1,Earth Radius (m),0,41
170219-v1,H1,Earth Mass (kg),0,42
170219-v1,H1,Coulomb Constant (N m^2 C^-2),0,43
170219-v1,H1,Cosmic Microwave Background Temp (K),0,44
170219-v1,H1,Avogadro Constant (1/mol),0,45
170219-v1,H1,Astronomical Unit (m),0,46
170219-v1,H1,Two Pi,0,47
170219-v1,L1,Golden Ratio Conjugate,57,1
170219-v1,L1,Euler–Mascheroni Constant,21,2
170219-v1,L1,Golden Ratio,19,3
170219-v1,L1,Plastic Constant,10,4
170219-v1,L1,Apéry’s Constant (zeta(3)),5,5
170219-v1,L1,Khinchin’s Constant,2,6
170219-v1,L1,Catalan’s Constant,2,7
170219-v1,L1,Phi Squared,2,8
170219-v1,L1,Fine-Structure Constant,2,9
170219-v1,L1,Absolute Zero (K),1,10
170219-v1,L1,Gravitational Constant (m^3 kg^-1 s^-2),1,11
170219-v1,L1,Neutron Mass (kg),1,12
170219-v1,L1,Muon Mass (kg),1,13
170219-v1,L1,Planck Time (s),1,14
170219-v1,L1,Planck Charge (C),1,15
170219-v1,L1,Planck Constant (J·s),1,16
170219-v1,L1,Planck Length (m),1,17
170219-v1,L1,Proton Mass (kg),1,18
170219-v1,L1,Reduced Planck Constant (J·s),1,19
170219-v1,L1,Feigenbaum Alpha,1,20
170219-v1,L1,Elementary Charge (C),1,21
170219-v1,L1,Electron Mass (kg),1,22
170219-v1,L1,Critical Density (kg/m^3),1,23
170219-v1,L1,Boltzmann Constant (J/K),1,24
170219-v1,L1,Baryon-to-Photon Ratio,1,25
170219-v1,L1,Tau Mass (kg),1,26
170219-v1,L1,Planck Mass (kg),1,27
170219-v1,L1,Planck Temperature (K),0,28
170219-v1,L1,Solar Mass (kg),0,29
170219-v1,L1,Solar Radius (m),0,30
170219-v1,L1,Speed of Light (m/s),0,31
170219-v1,L1,Square Root of 2,0,32
170219-v1,L1,Square Root of 3,0,33
170219-v1,L1,Square Root of 5,0,34
170219-v1,L1,Hubble Constant (km/s/Mpc),0,35
170219-v1,L1,Pi,0,36
170219-v1,L1,Parsec (m),0,37
170219-v1,L1,Gas Constant R (J/(mol·K)),0,38
170219-v1,L1,Feigenbaum Delta,0,39
170219-v1,L1,Euler’s Number,0,40
170219-v1,L1,Earth Radius (m),0,41
170219-v1,L1,Earth Mass (kg),0,42
170219-v1,L1,Coulomb Constant (N m^2 C^-2),0,43
170219-v1,L1,Cosmic Microwave Background Temp (K),0,44
170219-v1,L1,Avogadro Constant (1/mol),0,45
170219-v1,L1,Astronomical Unit (m),0,46
170219-v1,L1,Two Pi,0,47
170405-v1,H1,Golden Ratio,33,1
170405-v1,H1,Golden Ratio Conjugate,32,2
170405-v1,H1,Euler–Mascheroni Constant,27,3
170405-v1,H1,Catalan’s Constant,22,4
170405-v1,H1,Apéry’s Constant (zeta(3)),9,5
170405-v1,H1,Phi Squared,5,6
170405-v1,H1,Khinchin’s Constant,5,7
170405-v1,H1,Plastic Constant,3,8
170405-v1,H1,Absolute Zero (K),2,9
170405-v1,H1,Gravitational Constant (m^3 kg^-1 s^-2),2,10
170405-v1,H1,Muon Mass (kg),2,11
170405-v1,H1,Proton Mass (kg),2,12
170405-v1,H1,Neutron Mass (kg),2,13
170405-v1,H1,Planck Time (s),2,14
170405-v1,H1,Planck Charge (C),2,15
170405-v1,H1,Planck Constant (J·s),2,16
170405-v1,H1,Fine-Structure Constant,2,17
170405-v1,H1,Reduced Planck Constant (J·s),2,18
170405-v1,H1,Planck Mass (kg),2,19
170405-v1,H1,Elementary Charge (C),2,20
170405-v1,H1,Electron Mass (kg),2,21
170405-v1,H1,Critical Density (kg/m^3),2,22
170405-v1,H1,Square Root of 2,2,23
170405-v1,H1,Boltzmann Constant (J/K),2,24
170405-v1,H1,Baryon-to-Photon Ratio,2,25
170405-v1,H1,Tau Mass (kg),2,26
170405-v1,H1,Planck Length (m),2,27
170405-v1,H1,Square Root of 5,1,28
170405-v1,H1,Solar Mass (kg),0,29
170405-v1,H1,Solar Radius (m),0,30
170405-v1,H1,Speed of Light (m/s),0,31
170405-v1,H1,Square Root of 3,0,32
170405-v1,H1,Planck Temperature (K),0,33
170405-v1,H1,Hubble Constant (km/s/Mpc),0,34
170405-v1,H1,Pi,0,35
170405-v1,H1,Parsec (m),0,36
170405-v1,H1,Gas Constant R (J/(mol·K)),0,37
170405-v1,H1,Feigenbaum Delta,0,38
170405-v1,H1,Feigenbaum Alpha,0,39
170405-v1,H1,Euler’s Number,0,40
170405-v1,H1,Earth Radius (m),0,41
170405-v1,H1,Earth Mass (kg),0,42
170405-v1,H1,Coulomb Constant (N m^2 C^-2),0,43
170405-v1,H1,Cosmic Microwave Background Temp (K),0,44
170405-v1,H1,Avogadro Constant (1/mol),0,45
170405-v1,H1,Astronomical Unit (m),0,46
170405-v1,H1,Two Pi,0,47
170412-v1,H1,Catalan’s Constant,62,1
170412-v1,H1,Apéry’s Constant (zeta(3)),29,2
170412-v1,H1,Euler–Mascheroni Constant,13,3
170412-v1,H1,Golden Ratio Conjugate,12,4
170412-v1,H1,Golden Ratio,8,5
170412-v1,H1,Absolute Zero (K),7,6
170412-v1,H1,Planck Constant (J·s),7,7
170412-v1,H1,Planck Length (m),7,8
170412-v1,H1,Planck Mass (kg),7,9
170412-v1,H1,Neutron Mass (kg),7,10
170412-v1,H1,Muon Mass (kg),7,11
170412-v1,H1,Planck Time (s),7,12
170412-v1,H1,Gravitational Constant (m^3 kg^-1 s^-2),7,13
170412-v1,H1,Proton Mass (kg),7,14
170412-v1,H1,Reduced Planck Constant (J·s),7,15
170412-v1,H1,Planck Charge (C),7,16
170412-v1,H1,Elementary Charge (C),7,17
170412-v1,H1,Electron Mass (kg),7,18
170412-v1,H1,Critical Density (kg/m^3),7,19
170412-v1,H1,Boltzmann Constant (J/K),7,20
170412-v1,H1,Baryon-to-Photon Ratio,7,21
170412-v1,H1,Tau Mass (kg),7,22
170412-v1,H1,Fine-Structure Constant,6,23
170412-v1,H1,Plastic Constant,4,24
170412-v1,H1,Square Root of 2,3,25
170412-v1,H1,Solar Radius (m),0,26
170412-v1,H1,Speed of Light (m/s),0,27
170412-v1,H1,Square Root of 3,0,28
170412-v1,H1,Planck Temperature (K),0,29
170412-v1,H1,Square Root of 5,0,30
170412-v1,H1,Solar Mass (kg),0,31
170412-v1,H1,Hubble Constant (km/s/Mpc),0,32
170412-v1,H1,Pi,0,33
170412-v1,H1,Phi Squared,0,34
170412-v1,H1,Parsec (m),0,35
170412-v1,H1,Khinchin’s Constant,0,36
170412-v1,H1,Gas Constant R (J/(mol·K)),0,37
170412-v1,H1,Feigenbaum Delta,0,38
170412-v1,H1,Feigenbaum Alpha,0,39
170412-v1,H1,Euler’s Number,0,40
170412-v1,H1,Earth Radius (m),0,41
170412-v1,H1,Earth Mass (kg),0,42
170412-v1,H1,Coulomb Constant (N m^2 C^-2),0,43
170412-v1,H1,Cosmic Microwave Background Temp (K),0,44
170412-v1,H1,Avogadro Constant (1/mol),0,45
170412-v1,H1,Astronomical Unit (m),0,46
170412-v1,H1,Two Pi,0,47
170412-v1,L1,Golden Ratio Conjugate,110,1
170412-v1,L1,Catalan’s Constant,85,2
170412-v1,L1,Apéry’s Constant (zeta(3)),12,3
170412-v1,L1,Euler–Mascheroni Constant,12,4
170412-v1,L1,Absolute Zero (K),10,5
170412-v1,L1,Reduced Planck Constant (J·s),10,6
170412-v1,L1,Planck Length (m),10,7
170412-v1,L1,Planck Constant (J·s),10,8
170412-v1,L1,Planck Charge (C),10,9
170412-v1,L1,Planck Time (s),10,10
170412-v1,L1,Neutron Mass (kg),10,11
170412-v1,L1,Muon Mass (kg),10,12
170412-v1,L1,Gravitational Constant (m^3 kg^-1 s^-2),10,13
170412-v1,L1,Proton Mass (kg),10,14
170412-v1,L1,Fine-Structure Constant,10,15
170412-v1,L1,Planck Mass (kg),10,16
170412-v1,L1,Elementary Charge (C),10,17
170412-v1,L1,Electron Mass (kg),10,18
170412-v1,L1,Tau Mass (kg),10,19
170412-v1,L1,Baryon-to-Photon Ratio,10,20
170412-v1,L1,Critical Density (kg/m^3),10,21
170412-v1,L1,Boltzmann Constant (J/K),10,22
170412-v1,L1,Golden Ratio,7,23
170412-v1,L1,Plastic Constant,6,24
170412-v1,L1,Square Root of 2,3,25
170412-v1,L1,Phi Squared,3,26
170412-v1,L1,Square Root of 3,3,27
170412-v1,L1,Feigenbaum Delta,1,28
170412-v1,L1,Khinchin’s Constant,1,29
170412-v1,L1,Planck Temperature (K),0,30
170412-v1,L1,Speed of Light (m/s),0,31
170412-v1,L1,Square Root of 5,0,32
170412-v1,L1,Solar Radius (m),0,33
170412-v1,L1,Solar Mass (kg),0,34
170412-v1,L1,Hubble Constant (km/s/Mpc),0,35
170412-v1,L1,Pi,0,36
170412-v1,L1,Parsec (m),0,37
170412-v1,L1,Gas Constant R (J/(mol·K)),0,38
170412-v1,L1,Feigenbaum Alpha,0,39
170412-v1,L1,Euler’s Number,0,40
170412-v1,L1,Earth Radius (m),0,41
170412-v1,L1,Earth Mass (kg),0,42
170412-v1,L1,Coulomb Constant (N m^2 C^-2),0,43
170412-v1,L1,Cosmic Microwave Background Temp (K),0,44
170412-v1,L1,Avogadro Constant (1/mol),0,45
170412-v1,L1,Astronomical Unit (m),0,46
170412-v1,L1,Two Pi,0,47
170423-v1,L1,Golden Ratio Conjugate,70,1
170423-v1,L1,Catalan’s Constant,56,2
170423-v1,L1,Euler–Mascheroni Constant,22,3
170423-v1,L1,Golden Ratio,20,4
170423-v1,L1,Absolute Zero (K),9,5
170423-v1,L1,Planck Length (m),9,6
170423-v1,L1,Planck Constant (J·s),9,7
170423-v1,L1,Planck Charge (C),9,8
170423-v1,L1,Planck Time (s),9,9
170423-v1,L1,Neutron Mass (kg),9,10
170423-v1,L1,Muon Mass (kg),9,11
170423-v1,L1,Gravitational Constant (m^3 kg^-1 s^-2),9,12
170423-v1,L1,Proton Mass (kg),9,13
170423-v1,L1,Fine-Structure Constant,9,14
170423-v1,L1,Reduced Planck Constant (J·s),9,15
170423-v1,L1,Planck Mass (kg),9,16
170423-v1,L1,Tau Mass (kg),9,17
170423-v1,L1,Elementary Charge (C),9,18
170423-v1,L1,Electron Mass (kg),9,19
170423-v1,L1,Baryon-to-Photon Ratio,9,20
170423-v1,L1,Boltzmann Constant (J/K),9,21
170423-v1,L1,Critical Density (kg/m^3),9,22
170423-v1,L1,Phi Squared,7,23
170423-v1,L1,Khinchin’s Constant,7,24
170423-v1,L1,Plastic Constant,5,25
170423-v1,L1,Apéry’s Constant (zeta(3)),3,26
170423-v1,L1,Feigenbaum Alpha,2,27
170423-v1,L1,Square Root of 2,2,28
170423-v1,L1,Square Root of 3,2,29
170423-v1,L1,Speed of Light (m/s),0,30
170423-v1,L1,Solar Radius (m),0,31
170423-v1,L1,Square Root of 5,0,32
170423-v1,L1,Planck Temperature (K),0,33
170423-v1,L1,Solar Mass (kg),0,34
170423-v1,L1,Hubble Constant (km/s/Mpc),0,35
170423-v1,L1,Pi,0,36
170423-v1,L1,Parsec (m),0,37
170423-v1,L1,Gas Constant R (J/(mol·K)),0,38
170423-v1,L1,Feigenbaum Delta,0,39
170423-v1,L1,Euler’s Number,0,40
170423-v1,L1,Earth Radius (m),0,41
170423-v1,L1,Earth Mass (kg),0,42
170423-v1,L1,Coulomb Constant (N m^2 C^-2),0,43
170423-v1,L1,Cosmic Microwave Background Temp (K),0,44
170423-v1,L1,Avogadro Constant (1/mol),0,45
170423-v1,L1,Astronomical Unit (m),0,46
170423-v1,L1,Two Pi,0,47
170616-v1,H1,Catalan’s Constant,73,1
170616-v1,H1,Apéry’s Constant (zeta(3)),37,2
170616-v1,H1,Golden Ratio Conjugate,25,3
170616-v1,H1,Euler–Mascheroni Constant,23,4
170616-v1,H1,Golden Ratio,22,5
170616-v1,H1,Absolute Zero (K),11,6
170616-v1,H1,Planck Length (m),11,7
170616-v1,H1,Planck Charge (C),11,8
170616-v1,H1,Planck Mass (kg),11,9
170616-v1,H1,Planck Time (s),11,10
170616-v1,H1,Neutron Mass (kg),11,11
170616-v1,H1,Muon Mass (kg),11,12
170616-v1,H1,Gravitational Constant (m^3 kg^-1 s^-2),11,13
170616-v1,H1,Proton Mass (kg),11,14
170616-v1,H1,Reduced Planck Constant (J·s),11,15
170616-v1,H1,Planck Constant (J·s),11,16
170616-v1,H1,Elementary Charge (C),11,17
170616-v1,H1,Electron Mass (kg),11,18
170616-v1,H1,Critical Density (kg/m^3),11,19
170616-v1,H1,Boltzmann Constant (J/K),11,20
170616-v1,H1,Baryon-to-Photon Ratio,11,21
170616-v1,H1,Tau Mass (kg),11,22
170616-v1,H1,Fine-Structure Constant,9,23
170616-v1,H1,Plastic Constant,4,24
170616-v1,H1,Square Root of 2,2,25
170616-v1,H1,Feigenbaum Alpha,1,26
170616-v1,H1,Solar Mass (kg),0,27
170616-v1,H1,Solar Radius (m),0,28
170616-v1,H1,Speed of Light (m/s),0,29
170616-v1,H1,Square Root of 3,0,30
170616-v1,H1,Planck Temperature (K),0,31
170616-v1,H1,Square Root of 5,0,32
170616-v1,H1,Hubble Constant (km/s/Mpc),0,33
170616-v1,H1,Pi,0,34
170616-v1,H1,Phi Squared,0,35
170616-v1,H1,Parsec (m),0,36
170616-v1,H1,Khinchin’s Constant,0,37
170616-v1,H1,Gas Constant R (J/(mol·K)),0,38
170616-v1,H1,Feigenbaum Delta,0,39
170616-v1,H1,Euler’s Number,0,40
170616-v1,H1,Earth Radius (m),0,41
170616-v1,H1,Earth Mass (kg),0,42
170616-v1,H1,Coulomb Constant (N m^2 C^-2),0,43
170616-v1,H1,Cosmic Microwave Background Temp (K),0,44
170616-v1,H1,Avogadro Constant (1/mol),0,45
170616-v1,H1,Astronomical Unit (m),0,46
170616-v1,H1,Two Pi,0,47
170616-v1,L1,Catalan’s Constant,35,1
170616-v1,L1,Golden Ratio Conjugate,26,2
170616-v1,L1,Euler–Mascheroni Constant,12,3
170616-v1,L1,Golden Ratio,9,4
170616-v1,L1,Plastic Constant,9,5
170616-v1,L1,Khinchin’s Constant,6,6
170616-v1,L1,Phi Squared,6,7
170616-v1,L1,Fine-Structure Constant,4,8
170616-v1,L1,Apéry’s Constant (zeta(3)),3,9
170616-v1,L1,Absolute Zero (K),1,10
170616-v1,L1,Gravitational Constant (m^3 kg^-1 s^-2),1,11
170616-v1,L1,Neutron Mass (kg),1,12
170616-v1,L1,Muon Mass (kg),1,13
170616-v1,L1,Pi,1,14
170616-v1,L1,Planck Charge (C),1,15
170616-v1,L1,Planck Constant (J·s),1,16
170616-v1,L1,Planck Length (m),1,17
170616-v1,L1,Proton Mass (kg),1,18
170616-v1,L1,Feigenbaum Delta,1,19
170616-v1,L1,Planck Time (s),1,20
170616-v1,L1,Reduced Planck Constant (J·s),1,21
170616-v1,L1,Elementary Charge (C),1,22
170616-v1,L1,Electron Mass (kg),1,23
170616-v1,L1,Critical Density (kg/m^3),1,24
170616-v1,L1,Square Root of 2,1,25
170616-v1,L1,Square Root of 3,1,26
170616-v1,L1,Boltzmann Constant (J/K),1,27
170616-v1,L1,Baryon-to-Photon Ratio,1,28
170616-v1,L1,Tau Mass (kg),1,29
170616-v1,L1,Planck Mass (kg),1,30
170616-v1,L1,Solar Mass (kg),0,31
170616-v1,L1,Solar Radius (m),0,32
170616-v1,L1,Speed of Light (m/s),0,33
170616-v1,L1,Square Root of 5,0,34
170616-v1,L1,Hubble Constant (km/s/Mpc),0,35
170616-v1,L1,Planck Temperature (K),0,36
170616-v1,L1,Parsec (m),0,37
170616-v1,L1,Gas Constant R (J/(mol·K)),0,38
170616-v1,L1,Feigenbaum Alpha,0,39
170616-v1,L1,Euler’s Number,0,40
170616-v1,L1,Earth Radius (m),0,41
170616-v1,L1,Earth Mass (kg),0,42
170616-v1,L1,Coulomb Constant (N m^2 C^-2),0,43
170616-v1,L1,Cosmic Microwave Background Temp (K),0,44
170616-v1,L1,Avogadro Constant (1/mol),0,45
170616-v1,L1,Astronomical Unit (m),0,46
170616-v1,L1,Two Pi,0,47
170630-v1,H1,Catalan’s Constant,64,1
170630-v1,H1,Euler–Mascheroni Constant,47,2
170630-v1,H1,Golden Ratio Conjugate,45,3
170630-v1,H1,Apéry’s Constant (zeta(3)),37,4
170630-v1,H1,Golden Ratio,37,5
170630-v1,H1,Absolute Zero (K),8,6
170630-v1,H1,Planck Length (m),8,7
170630-v1,H1,Planck Charge (C),8,8
170630-v1,H1,Planck Mass (kg),8,9
170630-v1,H1,Planck Time (s),8,10
170630-v1,H1,Neutron Mass (kg),8,11
170630-v1,H1,Muon Mass (kg),8,12
170630-v1,H1,Gravitational Constant (m^3 kg^-1 s^-2),8,13
170630-v1,H1,Proton Mass (kg),8,14
170630-v1,H1,Reduced Planck Constant (J·s),8,15
170630-v1,H1,Planck Constant (J·s),8,16
170630-v1,H1,Elementary Charge (C),8,17
170630-v1,H1,Electron Mass (kg),8,18
170630-v1,H1,Critical Density (kg/m^3),8,19
170630-v1,H1,Boltzmann Constant (J/K),8,20
170630-v1,H1,Baryon-to-Photon Ratio,8,21
170630-v1,H1,Tau Mass (kg),8,22
170630-v1,H1,Fine-Structure Constant,6,23
170630-v1,H1,Plastic Constant,6,24
170630-v1,H1,Square Root of 2,5,25
170630-v1,H1,Square Root of 5,1,26
170630-v1,H1,Feigenbaum Alpha,1,27
170630-v1,H1,Solar Mass (kg),0,28
170630-v1,H1,Solar Radius (m),0,29
170630-v1,H1,Speed of Light (m/s),0,30
170630-v1,H1,Square Root of 3,0,31
170630-v1,H1,Planck Temperature (K),0,32
170630-v1,H1,Hubble Constant (km/s/Mpc),0,33
170630-v1,H1,Pi,0,34
170630-v1,H1,Phi Squared,0,35
170630-v1,H1,Parsec (m),0,36
170630-v1,H1,Khinchin’s Constant,0,37
170630-v1,H1,Gas Constant R (J/(mol·K)),0,38
170630-v1,H1,Feigenbaum Delta,0,39
170630-v1,H1,Euler’s Number,0,40
170630-v1,H1,Earth Radius (m),0,41
170630-v1,H1,Earth Mass (kg),0,42
170630-v1,H1,Coulomb Constant (N m^2 C^-2),0,43
170630-v1,H1,Cosmic Microwave Background Temp (K),0,44
170630-v1,H1,Avogadro Constant (1/mol),0,45
170630-v1,H1,Astronomical Unit (m),0,46
170630-v1,H1,Two Pi,0,47
170630-v1,L1,Catalan’s Constant,55,1
170630-v1,L1,Plastic Constant,15,2
170630-v1,L1,Euler–Mascheroni Constant,14,3
170630-v1,L1,Golden Ratio,13,4
170630-v1,L1,Golden Ratio Conjugate,12,5
170630-v1,L1,Apéry’s Constant (zeta(3)),9,6
170630-v1,L1,Absolute Zero (K),4,7
170630-v1,L1,Proton Mass (kg),4,8
170630-v1,L1,Planck Mass (kg),4,9
170630-v1,L1,Planck Length (m),4,10
170630-v1,L1,Planck Constant (J·s),4,11
170630-v1,L1,Planck Charge (C),4,12
170630-v1,L1,Reduced Planck Constant (J·s),4,13
170630-v1,L1,Neutron Mass (kg),4,14
170630-v1,L1,Muon Mass (kg),4,15
170630-v1,L1,Gravitational Constant (m^3 kg^-1 s^-2),4,16
170630-v1,L1,Fine-Structure Constant,4,17
170630-v1,L1,Critical Density (kg/m^3),4,18
170630-v1,L1,Electron Mass (kg),4,19
170630-v1,L1,Tau Mass (kg),4,20
170630-v1,L1,Baryon-to-Photon Ratio,4,21
170630-v1,L1,Boltzmann Constant (J/K),4,22
170630-v1,L1,Planck Time (s),4,23
170630-v1,L1,Elementary Charge (C),4,24
170630-v1,L1,Khinchin’s Constant,3,25
170630-v1,L1,Square Root of 2,3,26
170630-v1,L1,Phi Squared,2,27
170630-v1,L1,Square Root of 3,1,28
170630-v1,L1,Cosmic Microwave Background Temp (K),1,29
170630-v1,L1,Euler’s Number,1,30
170630-v1,L1,Gas Constant R (J/(mol·K)),1,31
170630-v1,L1,Feigenbaum Delta,1,32
170630-v1,L1,Speed of Light (m/s),0,33
170630-v1,L1,Solar Radius (m),0,34
170630-v1,L1,Solar Mass (kg),0,35
170630-v1,L1,Square Root of 5,0,36
170630-v1,L1,Hubble Constant (km/s/Mpc),0,37
170630-v1,L1,Planck Temperature (K),0,38
170630-v1,L1,Pi,0,39
170630-v1,L1,Parsec (m),0,40
170630-v1,L1,Feigenbaum Alpha,0,41
170630-v1,L1,Earth Radius (m),0,42
170630-v1,L1,Earth Mass (kg),0,43
170630-v1,L1,Coulomb Constant (N m^2 C^-2),0,44
170630-v1,L1,Avogadro Constant (1/mol),0,45
170630-v1,L1,Astronomical Unit (m),0,46
170630-v1,L1,Two Pi,0,47
170705-v1,H1,Euler–Mascheroni Constant,12,1
170705-v1,H1,Golden Ratio,12,2
170705-v1,H1,Golden Ratio Conjugate,11,3
170705-v1,H1,Absolute Zero (K),3,4
170705-v1,H1,Planck Length (m),3,5
170705-v1,H1,Planck Constant (J·s),3,6
170705-v1,H1,Planck Charge (C),3,7
170705-v1,H1,Planck Time (s),3,8
170705-v1,H1,Neutron Mass (kg),3,9
170705-v1,H1,Muon Mass (kg),3,10
170705-v1,H1,Apéry’s Constant (zeta(3)),3,11
170705-v1,H1,Gravitational Constant (m^3 kg^-1 s^-2),3,12
170705-v1,H1,Proton Mass (kg),3,13
170705-v1,H1,Fine-Structure Constant,3,14
170705-v1,H1,Reduced Planck Constant (J·s),3,15
170705-v1,H1,Planck Mass (kg),3,16
170705-v1,H1,Catalan’s Constant,3,17
170705-v1,H1,Tau Mass (kg),3,18
170705-v1,H1,Elementary Charge (C),3,19
170705-v1,H1,Electron Mass (kg),3,20
170705-v1,H1,Baryon-to-Photon Ratio,3,21
170705-v1,H1,Boltzmann Constant (J/K),3,22
170705-v1,H1,Critical Density (kg/m^3),3,23
170705-v1,H1,Plastic Constant,2,24
170705-v1,H1,Phi Squared,1,25
170705-v1,H1,Khinchin’s Constant,1,26
170705-v1,H1,Feigenbaum Alpha,1,27
170705-v1,H1,Square Root of 2,1,28
170705-v1,H1,Square Root of 3,0,29
170705-v1,H1,Speed of Light (m/s),0,30
170705-v1,H1,Solar Radius (m),0,31
170705-v1,H1,Square Root of 5,0,32
170705-v1,H1,Planck Temperature (K),0,33
170705-v1,H1,Solar Mass (kg),0,34
170705-v1,H1,Hubble Constant (km/s/Mpc),0,35
170705-v1,H1,Pi,0,36
170705-v1,H1,Parsec (m),0,37
170705-v1,H1,Gas Constant R (J/(mol·K)),0,38
170705-v1,H1,Feigenbaum Delta,0,39
170705-v1,H1,Euler’s Number,0,40
170705-v1,H1,Earth Radius (m),0,41
170705-v1,H1,Earth Mass (kg),0,42
170705-v1,H1,Coulomb Constant (N m^2 C^-2),0,43
170705-v1,H1,Cosmic Microwave Background Temp (K),0,44
170705-v1,H1,Avogadro Constant (1/mol),0,45
170705-v1,H1,Astronomical Unit (m),0,46
170705-v1,H1,Two Pi,0,47
170705-v1,L1,Catalan’s Constant,65,1
170705-v1,L1,Apéry’s Constant (zeta(3)),18,2
170705-v1,L1,Plastic Constant,15,3
170705-v1,L1,Golden Ratio Conjugate,15,4
170705-v1,L1,Euler–Mascheroni Constant,9,5
170705-v1,L1,Absolute Zero (K),7,6
170705-v1,L1,Planck Length (m),7,7
170705-v1,L1,Planck Constant (J·s),7,8
170705-v1,L1,Planck Charge (C),7,9
170705-v1,L1,Planck Time (s),7,10
170705-v1,L1,Neutron Mass (kg),7,11
170705-v1,L1,Muon Mass (kg),7,12
170705-v1,L1,Gravitational Constant (m^3 kg^-1 s^-2),7,13
170705-v1,L1,Proton Mass (kg),7,14
170705-v1,L1,Reduced Planck Constant (J·s),7,15
170705-v1,L1,Planck Mass (kg),7,16
170705-v1,L1,Tau Mass (kg),7,17
170705-v1,L1,Elementary Charge (C),7,18
170705-v1,L1,Electron Mass (kg),7,19
170705-v1,L1,Baryon-to-Photon Ratio,7,20
170705-v1,L1,Boltzmann Constant (J/K),7,21
170705-v1,L1,Critical Density (kg/m^3),7,22
170705-v1,L1,Square Root of 2,6,23
170705-v1,L1,Fine-Structure Constant,6,24
170705-v1,L1,Golden Ratio,6,25
170705-v1,L1,Phi Squared,4,26
170705-v1,L1,Khinchin’s Constant,4,27
170705-v1,L1,Feigenbaum Alpha,1,28
170705-v1,L1,Square Root of 3,0,29
170705-v1,L1,Speed of Light (m/s),0,30
170705-v1,L1,Solar Radius (m),0,31
170705-v1,L1,Square Root of 5,0,32
170705-v1,L1,Planck Temperature (K),0,33
170705-v1,L1,Solar Mass (kg),0,34
170705-v1,L1,Hubble Constant (km/s/Mpc),0,35
170705-v1,L1,Pi,0,36
170705-v1,L1,Parsec (m),0,37
170705-v1,L1,Gas Constant R (J/(mol·K)),0,38
170705-v1,L1,Feigenbaum Delta,0,39
170705-v1,L1,Euler’s Number,0,40
170705-v1,L1,Earth Radius (m),0,41
170705-v1,L1,Earth Mass (kg),0,42
170705-v1,L1,Coulomb Constant (N m^2 C^-2),0,43
170705-v1,L1,Cosmic Microwave Background Temp (K),0,44
170705-v1,L1,Avogadro Constant (1/mol),0,45
170705-v1,L1,Astronomical Unit (m),0,46
170705-v1,L1,Two Pi,0,47
170720-v1,H1,Catalan’s Constant,44,1
170720-v1,H1,Apéry’s Constant (zeta(3)),12,2
170720-v1,H1,Fine-Structure Constant,7,3
170720-v1,H1,Absolute Zero (K),6,4
170720-v1,H1,Planck Length (m),6,5
170720-v1,H1,Planck Charge (C),6,6
170720-v1,H1,Planck Mass (kg),6,7
170720-v1,H1,Planck Time (s),6,8
170720-v1,H1,Neutron Mass (kg),6,9
170720-v1,H1,Muon Mass (kg),6,10
170720-v1,H1,Gravitational Constant (m^3 kg^-1 s^-2),6,11
170720-v1,H1,Proton Mass (kg),6,12
170720-v1,H1,Reduced Planck Constant (J·s),6,13
170720-v1,H1,Planck Constant (J·s),6,14
170720-v1,H1,Elementary Charge (C),6,15
170720-v1,H1,Electron Mass (kg),6,16
170720-v1,H1,Tau Mass (kg),6,17
170720-v1,H1,Baryon-to-Photon Ratio,6,18
170720-v1,H1,Boltzmann Constant (J/K),6,19
170720-v1,H1,Critical Density (kg/m^3),6,20
170720-v1,H1,Plastic Constant,4,21
170720-v1,H1,Golden Ratio Conjugate,4,22
170720-v1,H1,Euler–Mascheroni Constant,3,23
170720-v1,H1,Square Root of 2,3,24
170720-v1,H1,Golden Ratio,3,25
170720-v1,H1,Feigenbaum Alpha,1,26
170720-v1,H1,Solar Mass (kg),0,27
170720-v1,H1,Square Root of 3,0,28
170720-v1,H1,Speed of Light (m/s),0,29
170720-v1,H1,Planck Temperature (K),0,30
170720-v1,H1,Square Root of 5,0,31
170720-v1,H1,Solar Radius (m),0,32
170720-v1,H1,Hubble Constant (km/s/Mpc),0,33
170720-v1,H1,Pi,0,34
170720-v1,H1,Phi Squared,0,35
170720-v1,H1,Parsec (m),0,36
170720-v1,H1,Khinchin’s Constant,0,37
170720-v1,H1,Gas Constant R (J/(mol·K)),0,38
170720-v1,H1,Feigenbaum Delta,0,39
170720-v1,H1,Euler’s Number,0,40
170720-v1,H1,Earth Radius (m),0,41
170720-v1,H1,Earth Mass (kg),0,42
170720-v1,H1,Coulomb Constant (N m^2 C^-2),0,43
170720-v1,H1,Cosmic Microwave Background Temp (K),0,44
170720-v1,H1,Avogadro Constant (1/mol),0,45
170720-v1,H1,Astronomical Unit (m),0,46
170720-v1,H1,Two Pi,0,47
170720-v1,L1,Golden Ratio Conjugate,131,1
170720-v1,L1,Catalan’s Constant,68,2
170720-v1,L1,Apéry’s Constant (zeta(3)),16,3
170720-v1,L1,Absolute Zero (K),9,4
170720-v1,L1,Fine-Structure Constant,9,5
170720-v1,L1,Planck Length (m),9,6
170720-v1,L1,Planck Constant (J·s),9,7
170720-v1,L1,Planck Charge (C),9,8
170720-v1,L1,Planck Time (s),9,9
170720-v1,L1,Proton Mass (kg),9,10
170720-v1,L1,Neutron Mass (kg),9,11
170720-v1,L1,Muon Mass (kg),9,12
170720-v1,L1,Gravitational Constant (m^3 kg^-1 s^-2),9,13
170720-v1,L1,Reduced Planck Constant (J·s),9,14
170720-v1,L1,Planck Mass (kg),9,15
170720-v1,L1,Tau Mass (kg),9,16
170720-v1,L1,Euler–Mascheroni Constant,9,17
170720-v1,L1,Elementary Charge (C),9,18
170720-v1,L1,Electron Mass (kg),9,19
170720-v1,L1,Baryon-to-Photon Ratio,9,20
170720-v1,L1,Boltzmann Constant (J/K),9,21
170720-v1,L1,Critical Density (kg/m^3),9,22
170720-v1,L1,Golden Ratio,8,23
170720-v1,L1,Plastic Constant,5,24
170720-v1,L1,Square Root of 2,5,25
170720-v1,L1,Square Root of 3,3,26
170720-v1,L1,Euler’s Number,1,27
170720-v1,L1,Khinchin’s Constant,1,28
170720-v1,L1,Cosmic Microwave Background Temp (K),1,29
170720-v1,L1,Solar Radius (m),0,30
170720-v1,L1,Speed of Light (m/s),0,31
170720-v1,L1,Square Root of 5,0,32
170720-v1,L1,Planck Temperature (K),0,33
170720-v1,L1,Solar Mass (kg),0,34
170720-v1,L1,Hubble Constant (km/s/Mpc),0,35
170720-v1,L1,Pi,0,36
170720-v1,L1,Phi Squared,0,37
170720-v1,L1,Parsec (m),0,38
170720-v1,L1,Gas Constant R (J/(mol·K)),0,39
170720-v1,L1,Feigenbaum Delta,0,40
170720-v1,L1,Feigenbaum Alpha,0,41
170720-v1,L1,Earth Radius (m),0,42
170720-v1,L1,Earth Mass (kg),0,43
170720-v1,L1,Coulomb Constant (N m^2 C^-2),0,44
170720-v1,L1,Avogadro Constant (1/mol),0,45
170720-v1,L1,Astronomical Unit (m),0,46
170720-v1,L1,Two Pi,0,47
190924_232654-v1,L1,Golden Ratio Conjugate,6,1
190924_232654-v1,L1,Plastic Constant,6,2
190924_232654-v1,L1,Apéry’s Constant (zeta(3)),5,3
190924_232654-v1,L1,Euler–Mascheroni Constant,5,4
190924_232654-v1,L1,Absolute Zero (K),3,5
190924_232654-v1,L1,Planck Mass (kg),3,6
190924_232654-v1,L1,Planck Constant (J·s),3,7
190924_232654-v1,L1,Planck Charge (C),3,8
190924_232654-v1,L1,Planck Time (s),3,9
190924_232654-v1,L1,Neutron Mass (kg),3,10
190924_232654-v1,L1,Muon Mass (kg),3,11
190924_232654-v1,L1,Gravitational Constant (m^3 kg^-1 s^-2),3,12
190924_232654-v1,L1,Golden Ratio,3,13
190924_232654-v1,L1,Fine-Structure Constant,3,14
190924_232654-v1,L1,Proton Mass (kg),3,15
190924_232654-v1,L1,Reduced Planck Constant (J·s),3,16
190924_232654-v1,L1,Planck Length (m),3,17
190924_232654-v1,L1,Electron Mass (kg),3,18
190924_232654-v1,L1,Tau Mass (kg),3,19
190924_232654-v1,L1,Critical Density (kg/m^3),3,20
190924_232654-v1,L1,Baryon-to-Photon Ratio,3,21
190924_232654-v1,L1,Boltzmann Constant (J/K),3,22
190924_232654-v1,L1,Elementary Charge (C),3,23
190924_232654-v1,L1,Catalan’s Constant,2,24
190924_232654-v1,L1,Phi Squared,1,25
190924_232654-v1,L1,Khinchin’s Constant,1,26
190924_232654-v1,L1,Square Root of 3,0,27
190924_232654-v1,L1,Square Root of 2,0,28
190924_232654-v1,L1,Speed of Light (m/s),0,29
190924_232654-v1,L1,Planck Temperature (K),0,30
190924_232654-v1,L1,Square Root of 5,0,31
190924_232654-v1,L1,Solar Radius (m),0,32
190924_232654-v1,L1,Solar Mass (kg),0,33
190924_232654-v1,L1,Hubble Constant (km/s/Mpc),0,34
190924_232654-v1,L1,Pi,0,35
190924_232654-v1,L1,Parsec (m),0,36
190924_232654-v1,L1,Gas Constant R (J/(mol·K)),0,37
190924_232654-v1,L1,Feigenbaum Delta,0,38
190924_232654-v1,L1,Feigenbaum Alpha,0,39
190924_232654-v1,L1,Euler’s Number,0,40
190924_232654-v1,L1,Earth Radius (m),0,41
190924_232654-v1,L1,Earth Mass (kg),0,42
190924_232654-v1,L1,Coulomb Constant (N m^2 C^-2),0,43
190924_232654-v1,L1,Cosmic Microwave Background Temp (K),0,44
190924_232654-v1,L1,Avogadro Constant (1/mol),0,45
190924_232654-v1,L1,Astronomical Unit (m),0,46
190924_232654-v1,L1,Two Pi,0,47
191118_212859-v1,L1,Golden Ratio Conjugate,73,1
191118_212859-v1,L1,Catalan’s Constant,66,2
191118_212859-v1,L1,Euler–Mascheroni Constant,65,3
191118_212859-v1,L1,Apéry’s Constant (zeta(3)),46,4
191118_212859-v1,L1,Golden Ratio,45,5
191118_212859-v1,L1,Square Root of 2,37,6
191118_212859-v1,L1,Absolute Zero (K),21,7
191118_212859-v1,L1,Proton Mass (kg),21,8
191118_212859-v1,L1,Planck Mass (kg),21,9
191118_212859-v1,L1,Planck Length (m),21,10
191118_212859-v1,L1,Planck Constant (J·s),21,11
191118_212859-v1,L1,Planck Charge (C),21,12
191118_212859-v1,L1,Reduced Planck Constant (J·s),21,13
191118_212859-v1,L1,Neutron Mass (kg),21,14
191118_212859-v1,L1,Muon Mass (kg),21,15
191118_212859-v1,L1,Gravitational Constant (m^3 kg^-1 s^-2),21,16
191118_212859-v1,L1,Planck Time (s),21,17
191118_212859-v1,L1,Critical Density (kg/m^3),21,18
191118_212859-v1,L1,Tau Mass (kg),21,19
191118_212859-v1,L1,Baryon-to-Photon Ratio,21,20
191118_212859-v1,L1,Boltzmann Constant (J/K),21,21
191118_212859-v1,L1,Elementary Charge (C),21,22
191118_212859-v1,L1,Electron Mass (kg),21,23
191118_212859-v1,L1,Plastic Constant,20,24
191118_212859-v1,L1,Fine-Structure Constant,20,25
191118_212859-v1,L1,Square Root of 3,13,26
191118_212859-v1,L1,Square Root of 5,6,27
191118_212859-v1,L1,Khinchin’s Constant,5,28
191118_212859-v1,L1,Euler’s Number,4,29
191118_212859-v1,L1,Cosmic Microwave Background Temp (K),3,30
191118_212859-v1,L1,Phi Squared,2,31
191118_212859-v1,L1,Feigenbaum Alpha,2,32
191118_212859-v1,L1,Feigenbaum Delta,1,33
191118_212859-v1,L1,Speed of Light (m/s),0,34
191118_212859-v1,L1,Solar Mass (kg),0,35
191118_212859-v1,L1,Solar Radius (m),0,36
191118_212859-v1,L1,Hubble Constant (km/s/Mpc),0,37
191118_212859-v1,L1,Planck Temperature (K),0,38
191118_212859-v1,L1,Pi,0,39
191118_212859-v1,L1,Parsec (m),0,40
191118_212859-v1,L1,Gas Constant R (J/(mol·K)),0,41
191118_212859-v1,L1,Earth Radius (m),0,42
191118_212859-v1,L1,Earth Mass (kg),0,43
191118_212859-v1,L1,Coulomb Constant (N m^2 C^-2),0,44
191118_212859-v1,L1,Avogadro Constant (1/mol),0,45
191118_212859-v1,L1,Astronomical Unit (m),0,46
191118_212859-v1,L1,Two Pi,0,47
191223_014159-v1,H1,Golden Ratio Conjugate,81,1
191223_014159-v1,H1,Catalan’s Constant,73,2
191223_014159-v1,H1,Euler–Mascheroni Constant,64,3
191223_014159-v1,H1,Golden Ratio,55,4
191223_014159-v1,H1,Apéry’s Constant (zeta(3)),17,5
191223_014159-v1,H1,Plastic Constant,12,6
191223_014159-v1,H1,Absolute Zero (K),8,7
191223_014159-v1,H1,Reduced Planck Constant (J·s),8,8
191223_014159-v1,H1,Planck Length (m),8,9
191223_014159-v1,H1,Planck Constant (J·s),8,10
191223_014159-v1,H1,Planck Charge (C),8,11
191223_014159-v1,H1,Planck Time (s),8,12
191223_014159-v1,H1,Neutron Mass (kg),8,13
191223_014159-v1,H1,Muon Mass (kg),8,14
191223_014159-v1,H1,Gravitational Constant (m^3 kg^-1 s^-2),8,15
191223_014159-v1,H1,Fine-Structure Constant,8,16
191223_014159-v1,H1,Proton Mass (kg),8,17
191223_014159-v1,H1,Planck Mass (kg),8,18
191223_014159-v1,H1,Boltzmann Constant (J/K),8,19
191223_014159-v1,H1,Elementary Charge (C),8,20
191223_014159-v1,H1,Electron Mass (kg),8,21
191223_014159-v1,H1,Tau Mass (kg),8,22
191223_014159-v1,H1,Baryon-to-Photon Ratio,8,23
191223_014159-v1,H1,Critical Density (kg/m^3),8,24
191223_014159-v1,H1,Square Root of 2,4,25
191223_014159-v1,H1,Khinchin’s Constant,3,26
191223_014159-v1,H1,Phi Squared,3,27
191223_014159-v1,H1,Square Root of 3,2,28
191223_014159-v1,H1,Pi,1,29
191223_014159-v1,H1,Square Root of 5,1,30
191223_014159-v1,H1,Solar Mass (kg),0,31
191223_014159-v1,H1,Speed of Light (m/s),0,32
191223_014159-v1,H1,Solar Radius (m),0,33
191223_014159-v1,H1,Planck Temperature (K),0,34
191223_014159-v1,H1,Hubble Constant (km/s/Mpc),0,35
191223_014159-v1,H1,Parsec (m),0,36
191223_014159-v1,H1,Gas Constant R (J/(mol·K)),0,37
191223_014159-v1,H1,Feigenbaum Delta,0,38
191223_014159-v1,H1,Feigenbaum Alpha,0,39
191223_014159-v1,H1,Euler’s Number,0,40
191223_014159-v1,H1,Earth Radius (m),0,41
191223_014159-v1,H1,Earth Mass (kg),0,42
191223_014159-v1,H1,Coulomb Constant (N m^2 C^-2),0,43
191223_014159-v1,H1,Cosmic Microwave Background Temp (K),0,44
191223_014159-v1,H1,Avogadro Constant (1/mol),0,45
191223_014159-v1,H1,Astronomical Unit (m),0,46
191223_014159-v1,H1,Two Pi,0,47
191223_014159-v1,L1,Catalan’s Constant,67,1
191223_014159-v1,L1,Apéry’s Constant (zeta(3)),17,2
191223_014159-v1,L1,Plastic Constant,9,3
191223_014159-v1,L1,Golden Ratio Conjugate,6,4
191223_014159-v1,L1,Euler–Mascheroni Constant,6,5
191223_014159-v1,L1,Absolute Zero (K),5,6
191223_014159-v1,L1,Reduced Planck Constant (J·s),5,7
191223_014159-v1,L1,Planck Length (m),5,8
191223_014159-v1,L1,Planck Constant (J·s),5,9
191223_014159-v1,L1,Planck Charge (C),5,10
191223_014159-v1,L1,Planck Time (s),5,11
191223_014159-v1,L1,Proton Mass (kg),5,12
191223_014159-v1,L1,Neutron Mass (kg),5,13
191223_014159-v1,L1,Muon Mass (kg),5,14
191223_014159-v1,L1,Gravitational Constant (m^3 kg^-1 s^-2),5,15
191223_014159-v1,L1,Planck Mass (kg),5,16
191223_014159-v1,L1,Baryon-to-Photon Ratio,5,17
191223_014159-v1,L1,Elementary Charge (C),5,18
191223_014159-v1,L1,Electron Mass (kg),5,19
191223_014159-v1,L1,Tau Mass (kg),5,20
191223_014159-v1,L1,Critical Density (kg/m^3),5,21
191223_014159-v1,L1,Boltzmann Constant (J/K),5,22
191223_014159-v1,L1,Fine-Structure Constant,4,23
191223_014159-v1,L1,Golden Ratio,4,24
191223_014159-v1,L1,Square Root of 3,2,25
191223_014159-v1,L1,Square Root of 2,1,26
191223_014159-v1,L1,Euler’s Number,1,27
191223_014159-v1,L1,Khinchin’s Constant,1,28
191223_014159-v1,L1,Cosmic Microwave Background Temp (K),1,29
191223_014159-v1,L1,Square Root of 5,0,30
191223_014159-v1,L1,Solar Radius (m),0,31
191223_014159-v1,L1,Planck Temperature (K),0,32
191223_014159-v1,L1,Speed of Light (m/s),0,33
191223_014159-v1,L1,Solar Mass (kg),0,34
191223_014159-v1,L1,Hubble Constant (km/s/Mpc),0,35
191223_014159-v1,L1,Pi,0,36
191223_014159-v1,L1,Phi Squared,0,37
191223_014159-v1,L1,Parsec (m),0,38
191223_014159-v1,L1,Gas Constant R (J/(mol·K)),0,39
191223_014159-v1,L1,Feigenbaum Delta,0,40
191223_014159-v1,L1,Feigenbaum Alpha,0,41
191223_014159-v1,L1,Earth Radius (m),0,42
191223_014159-v1,L1,Earth Mass (kg),0,43
191223_014159-v1,L1,Coulomb Constant (N m^2 C^-2),0,44
191223_014159-v1,L1,Avogadro Constant (1/mol),0,45
191223_014159-v1,L1,Astronomical Unit (m),0,46
191223_014159-v1,L1,Two Pi,0,47
191225_215715-v1,L1,Catalan’s Constant,59,1
191225_215715-v1,L1,Golden Ratio Conjugate,21,2
191225_215715-v1,L1,Euler–Mascheroni Constant,20,3
191225_215715-v1,L1,Golden Ratio,17,4
191225_215715-v1,L1,Apéry’s Constant (zeta(3)),12,5
191225_215715-v1,L1,Absolute Zero (K),9,6
191225_215715-v1,L1,Planck Time (s),9,7
191225_215715-v1,L1,Planck Length (m),9,8
191225_215715-v1,L1,Planck Constant (J·s),9,9
191225_215715-v1,L1,Planck Charge (C),9,10
191225_215715-v1,L1,Proton Mass (kg),9,11
191225_215715-v1,L1,Neutron Mass (kg),9,12
191225_215715-v1,L1,Muon Mass (kg),9,13
191225_215715-v1,L1,Gravitational Constant (m^3 kg^-1 s^-2),9,14
191225_215715-v1,L1,Reduced Planck Constant (J·s),9,15
191225_215715-v1,L1,Fine-Structure Constant,9,16
191225_215715-v1,L1,Planck Mass (kg),9,17
191225_215715-v1,L1,Elementary Charge (C),9,18
191225_215715-v1,L1,Electron Mass (kg),9,19
191225_215715-v1,L1,Tau Mass (kg),9,20
191225_215715-v1,L1,Critical Density (kg/m^3),9,21
191225_215715-v1,L1,Boltzmann Constant (J/K),9,22
191225_215715-v1,L1,Baryon-to-Photon Ratio,9,23
191225_215715-v1,L1,Plastic Constant,8,24
191225_215715-v1,L1,Square Root of 2,4,25
191225_215715-v1,L1,Khinchin’s Constant,1,26
191225_215715-v1,L1,Euler’s Number,1,27
191225_215715-v1,L1,Cosmic Microwave Background Temp (K),1,28
191225_215715-v1,L1,Phi Squared,1,29
191225_215715-v1,L1,Solar Radius (m),0,30
191225_215715-v1,L1,Square Root of 5,0,31
191225_215715-v1,L1,Square Root of 3,0,32
191225_215715-v1,L1,Speed of Light (m/s),0,33
191225_215715-v1,L1,Solar Mass (kg),0,34
191225_215715-v1,L1,Hubble Constant (km/s/Mpc),0,35
191225_215715-v1,L1,Planck Temperature (K),0,36
191225_215715-v1,L1,Pi,0,37
191225_215715-v1,L1,Parsec (m),0,38
191225_215715-v1,L1,Gas Constant R (J/(mol·K)),0,39
191225_215715-v1,L1,Feigenbaum Delta,0,40
191225_215715-v1,L1,Feigenbaum Alpha,0,41
191225_215715-v1,L1,Earth Radius (m),0,42
191225_215715-v1,L1,Earth Mass (kg),0,43
191225_215715-v1,L1,Coulomb Constant (N m^2 C^-2),0,44
191225_215715-v1,L1,Avogadro Constant (1/mol),0,45
191225_215715-v1,L1,Astronomical Unit (m),0,46
191225_215715-v1,L1,Two Pi,0,47
200114_020818-v1,H1,Golden Ratio Conjugate,85,1
200114_020818-v1,H1,Catalan’s Constant,69,2
200114_020818-v1,H1,Euler–Mascheroni Constant,34,3
200114_020818-v1,H1,Golden Ratio,33,4
200114_020818-v1,H1,Apéry’s Constant (zeta(3)),16,5
200114_020818-v1,H1,Absolute Zero (K),8,6
200114_020818-v1,H1,Proton Mass (kg),8,7
200114_020818-v1,H1,Planck Length (m),8,8
200114_020818-v1,H1,Planck Constant (J·s),8,9
200114_020818-v1,H1,Planck Charge (C),8,10
200114_020818-v1,H1,Planck Time (s),8,11
200114_020818-v1,H1,Plastic Constant,8,12
200114_020818-v1,H1,Neutron Mass (kg),8,13
200114_020818-v1,H1,Muon Mass (kg),8,14
200114_020818-v1,H1,Gravitational Constant (m^3 kg^-1 s^-2),8,15
200114_020818-v1,H1,Reduced Planck Constant (J·s),8,16
200114_020818-v1,H1,Critical Density (kg/m^3),8,17
200114_020818-v1,H1,Electron Mass (kg),8,18
200114_020818-v1,H1,Tau Mass (kg),8,19
200114_020818-v1,H1,Baryon-to-Photon Ratio,8,20
200114_020818-v1,H1,Boltzmann Constant (J/K),8,21
200114_020818-v1,H1,Planck Mass (kg),8,22
200114_020818-v1,H1,Elementary Charge (C),8,23
200114_020818-v1,H1,Fine-Structure Constant,7,24
200114_020818-v1,H1,Square Root of 2,2,25
200114_020818-v1,H1,Square Root of 3,2,26
200114_020818-v1,H1,Feigenbaum Alpha,2,27
200114_020818-v1,H1,Khinchin’s Constant,1,28
200114_020818-v1,H1,Phi Squared,1,29
200114_020818-v1,H1,Solar Radius (m),0,30
200114_020818-v1,H1,Speed of Light (m/s),0,31
200114_020818-v1,H1,Planck Temperature (K),0,32
200114_020818-v1,H1,Solar Mass (kg),0,33
200114_020818-v1,H1,Square Root of 5,0,34
200114_020818-v1,H1,Hubble Constant (km/s/Mpc),0,35
200114_020818-v1,H1,Pi,0,36
200114_020818-v1,H1,Parsec (m),0,37
200114_020818-v1,H1,Gas Constant R (J/(mol·K)),0,38
200114_020818-v1,H1,Feigenbaum Delta,0,39
200114_020818-v1,H1,Euler’s Number,0,40
200114_020818-v1,H1,Earth Radius (m),0,41
200114_020818-v1,H1,Earth Mass (kg),0,42
200114_020818-v1,H1,Coulomb Constant (N m^2 C^-2),0,43
200114_020818-v1,H1,Cosmic Microwave Background Temp (K),0,44
200114_020818-v1,H1,Avogadro Constant (1/mol),0,45
200114_020818-v1,H1,Astronomical Unit (m),0,46
200114_020818-v1,H1,Two Pi,0,47
200114_020818-v1,L1,Catalan’s Constant,16,1
200114_020818-v1,L1,Golden Ratio Conjugate,12,2
200114_020818-v1,L1,Euler–Mascheroni Constant,10,3
200114_020818-v1,L1,Golden Ratio,8,4
200114_020818-v1,L1,Plastic Constant,7,5
200114_020818-v1,L1,Apéry’s Constant (zeta(3)),6,6
200114_020818-v1,L1,Square Root of 2,3,7
200114_020818-v1,L1,Phi Squared,2,8
200114_020818-v1,L1,Khinchin’s Constant,2,9
200114_020818-v1,L1,Fine-Structure Constant,2,10
200114_020818-v1,L1,Square Root of 5,2,11
200114_020818-v1,L1,Planck Time (s),1,12
200114_020818-v1,L1,Neutron Mass (kg),1,13
200114_020818-v1,L1,Muon Mass (kg),1,14
200114_020818-v1,L1,Planck Charge (C),1,15
200114_020818-v1,L1,Planck Constant (J·s),1,16
200114_020818-v1,L1,Gravitational Constant (m^3 kg^-1 s^-2),1,17
200114_020818-v1,L1,Planck Length (m),1,18
200114_020818-v1,L1,Absolute Zero (K),1,19
200114_020818-v1,L1,Reduced Planck Constant (J·s),1,20
200114_020818-v1,L1,Proton Mass (kg),1,21
200114_020818-v1,L1,Feigenbaum Alpha,1,22
200114_020818-v1,L1,Elementary Charge (C),1,23
200114_020818-v1,L1,Electron Mass (kg),1,24
200114_020818-v1,L1,Critical Density (kg/m^3),1,25
200114_020818-v1,L1,Boltzmann Constant (J/K),1,26
200114_020818-v1,L1,Baryon-to-Photon Ratio,1,27
200114_020818-v1,L1,Tau Mass (kg),1,28
200114_020818-v1,L1,Planck Mass (kg),1,29
200114_020818-v1,L1,Planck Temperature (K),0,30
200114_020818-v1,L1,Solar Mass (kg),0,31
200114_020818-v1,L1,Solar Radius (m),0,32
200114_020818-v1,L1,Speed of Light (m/s),0,33
200114_020818-v1,L1,Square Root of 3,0,34
200114_020818-v1,L1,Hubble Constant (km/s/Mpc),0,35
200114_020818-v1,L1,Pi,0,36
200114_020818-v1,L1,Parsec (m),0,37
200114_020818-v1,L1,Gas Constant R (J/(mol·K)),0,38
200114_020818-v1,L1,Feigenbaum Delta,0,39
200114_020818-v1,L1,Euler’s Number,0,40
200114_020818-v1,L1,Earth Radius (m),0,41
200114_020818-v1,L1,Earth Mass (kg),0,42
200114_020818-v1,L1,Coulomb Constant (N m^2 C^-2),0,43
200114_020818-v1,L1,Cosmic Microwave Background Temp (K),0,44
200114_020818-v1,L1,Avogadro Constant (1/mol),0,45
200114_020818-v1,L1,Astronomical Unit (m),0,46
200114_020818-v1,L1,Two Pi,0,47
200121_031748-v1,H1,Catalan’s Constant,79,1
200121_031748-v1,H1,Golden Ratio Conjugate,48,2
200121_031748-v1,H1,Apéry’s Constant (zeta(3)),47,3
200121_031748-v1,H1,Golden Ratio,47,4
200121_031748-v1,H1,Euler–Mascheroni Constant,46,5
200121_031748-v1,H1,Absolute Zero (K),9,6
200121_031748-v1,H1,Planck Length (m),9,7
200121_031748-v1,H1,Planck Charge (C),9,8
200121_031748-v1,H1,Planck Mass (kg),9,9
200121_031748-v1,H1,Planck Time (s),9,10
200121_031748-v1,H1,Neutron Mass (kg),9,11
200121_031748-v1,H1,Muon Mass (kg),9,12
200121_031748-v1,H1,Gravitational Constant (m^3 kg^-1 s^-2),9,13
200121_031748-v1,H1,Proton Mass (kg),9,14
200121_031748-v1,H1,Fine-Structure Constant,9,15
200121_031748-v1,H1,Reduced Planck Constant (J·s),9,16
200121_031748-v1,H1,Planck Constant (J·s),9,17
200121_031748-v1,H1,Elementary Charge (C),9,18
200121_031748-v1,H1,Electron Mass (kg),9,19
200121_031748-v1,H1,Critical Density (kg/m^3),9,20
200121_031748-v1,H1,Boltzmann Constant (J/K),9,21
200121_031748-v1,H1,Baryon-to-Photon Ratio,9,22
200121_031748-v1,H1,Tau Mass (kg),9,23
200121_031748-v1,H1,Square Root of 2,5,24
200121_031748-v1,H1,Plastic Constant,5,25
200121_031748-v1,H1,Square Root of 3,1,26
200121_031748-v1,H1,Feigenbaum Alpha,1,27
200121_031748-v1,H1,Solar Mass (kg),0,28
200121_031748-v1,H1,Solar Radius (m),0,29
200121_031748-v1,H1,Speed of Light (m/s),0,30
200121_031748-v1,H1,Planck Temperature (K),0,31
200121_031748-v1,H1,Square Root of 5,0,32
200121_031748-v1,H1,Hubble Constant (km/s/Mpc),0,33
200121_031748-v1,H1,Pi,0,34
200121_031748-v1,H1,Phi Squared,0,35
200121_031748-v1,H1,Parsec (m),0,36
200121_031748-v1,H1,Khinchin’s Constant,0,37
200121_031748-v1,H1,Gas Constant R (J/(mol·K)),0,38
200121_031748-v1,H1,Feigenbaum Delta,0,39
200121_031748-v1,H1,Euler’s Number,0,40
200121_031748-v1,H1,Earth Radius (m),0,41
200121_031748-v1,H1,Earth Mass (kg),0,42
200121_031748-v1,H1,Coulomb Constant (N m^2 C^-2),0,43
200121_031748-v1,H1,Cosmic Microwave Background Temp (K),0,44
200121_031748-v1,H1,Avogadro Constant (1/mol),0,45
200121_031748-v1,H1,Astronomical Unit (m),0,46
200121_031748-v1,H1,Two Pi,0,47
200201_203549-v1,H1,Catalan’s Constant,127,1
200201_203549-v1,H1,Golden Ratio Conjugate,103,2
200201_203549-v1,H1,Apéry’s Constant (zeta(3)),23,3
200201_203549-v1,H1,Absolute Zero (K),17,4
200201_203549-v1,H1,Elementary Charge (C),17,5
200201_203549-v1,H1,Planck Constant (J·s),17,6
200201_203549-v1,H1,Planck Charge (C),17,7
200201_203549-v1,H1,Planck Time (s),17,8
200201_203549-v1,H1,Neutron Mass (kg),17,9
200201_203549-v1,H1,Muon Mass (kg),17,10
200201_203549-v1,H1,Gravitational Constant (m^3 kg^-1 s^-2),17,11
200201_203549-v1,H1,Proton Mass (kg),17,12
200201_203549-v1,H1,Planck Mass (kg),17,13
200201_203549-v1,H1,Reduced Planck Constant (J·s),17,14
200201_203549-v1,H1,Planck Length (m),17,15
200201_203549-v1,H1,Critical Density (kg/m^3),17,16
200201_203549-v1,H1,Electron Mass (kg),17,17
200201_203549-v1,H1,Tau Mass (kg),17,18
200201_203549-v1,H1,Baryon-to-Photon Ratio,17,19
200201_203549-v1,H1,Boltzmann Constant (J/K),17,20
200201_203549-v1,H1,Euler–Mascheroni Constant,16,21
200201_203549-v1,H1,Fine-Structure Constant,15,22
200201_203549-v1,H1,Plastic Constant,10,23
200201_203549-v1,H1,Golden Ratio,9,24
200201_203549-v1,H1,Square Root of 2,4,25
200201_203549-v1,H1,Khinchin’s Constant,3,26
200201_203549-v1,H1,Phi Squared,3,27
200201_203549-v1,H1,Square Root of 3,2,28
200201_203549-v1,H1,Square Root of 5,1,29
200201_203549-v1,H1,Speed of Light (m/s),0,30
200201_203549-v1,H1,Solar Mass (kg),0,31
200201_203549-v1,H1,Planck Temperature (K),0,32
200201_203549-v1,H1,Solar Radius (m),0,33
200201_203549-v1,H1,Hubble Constant (km/s/Mpc),0,34
200201_203549-v1,H1,Pi,0,35
200201_203549-v1,H1,Parsec (m),0,36
200201_203549-v1,H1,Gas Constant R (J/(mol·K)),0,37
200201_203549-v1,H1,Feigenbaum Delta,0,38
200201_203549-v1,H1,Feigenbaum Alpha,0,39
200201_203549-v1,H1,Euler’s Number,0,40
200201_203549-v1,H1,Earth Radius (m),0,41
200201_203549-v1,H1,Earth Mass (kg),0,42
200201_203549-v1,H1,Coulomb Constant (N m^2 C^-2),0,43
200201_203549-v1,H1,Cosmic Microwave Background Temp (K),0,44
200201_203549-v1,H1,Avogadro Constant (1/mol),0,45
200201_203549-v1,H1,Astronomical Unit (m),0,46
200201_203549-v1,H1,Two Pi,0,47
200201_203549-v1,L1,Plastic Constant,3,1
200201_203549-v1,L1,Absolute Zero (K),1,2
200201_203549-v1,L1,Planck Charge (C),1,3
200201_203549-v1,L1,Planck Length (m),1,4
200201_203549-v1,L1,Planck Mass (kg),1,5
200201_203549-v1,L1,Neutron Mass (kg),1,6
200201_203549-v1,L1,Muon Mass (kg),1,7
200201_203549-v1,L1,Apéry’s Constant (zeta(3)),1,8
200201_203549-v1,L1,Gravitational Constant (m^3 kg^-1 s^-2),1,9
200201_203549-v1,L1,Golden Ratio Conjugate,1,10
200201_203549-v1,L1,Golden Ratio,1,11
200201_203549-v1,L1,Planck Time (s),1,12
200201_203549-v1,L1,Fine-Structure Constant,1,13
200201_203549-v1,L1,Proton Mass (kg),1,14
200201_203549-v1,L1,Reduced Planck Constant (J·s),1,15
200201_203549-v1,L1,Euler–Mascheroni Constant,1,16
200201_203549-v1,L1,Elementary Charge (C),1,17
200201_203549-v1,L1,Electron Mass (kg),1,18
200201_203549-v1,L1,Critical Density (kg/m^3),1,19
200201_203549-v1,L1,Boltzmann Constant (J/K),1,20
200201_203549-v1,L1,Baryon-to-Photon Ratio,1,21
200201_203549-v1,L1,Tau Mass (kg),1,22
200201_203549-v1,L1,Planck Constant (J·s),1,23
200201_203549-v1,L1,Solar Mass (kg),0,24
200201_203549-v1,L1,Solar Radius (m),0,25
200201_203549-v1,L1,Speed of Light (m/s),0,26
200201_203549-v1,L1,Square Root of 2,0,27
200201_203549-v1,L1,Square Root of 3,0,28
200201_203549-v1,L1,Planck Temperature (K),0,29
200201_203549-v1,L1,Square Root of 5,0,30
200201_203549-v1,L1,Hubble Constant (km/s/Mpc),0,31
200201_203549-v1,L1,Pi,0,32
200201_203549-v1,L1,Phi Squared,0,33
200201_203549-v1,L1,Parsec (m),0,34
200201_203549-v1,L1,Khinchin’s Constant,0,35
200201_203549-v1,L1,Gas Constant R (J/(mol·K)),0,36
200201_203549-v1,L1,Feigenbaum Delta,0,37
200201_203549-v1,L1,Feigenbaum Alpha,0,38
200201_203549-v1,L1,Euler’s Number,0,39
200201_203549-v1,L1,Earth Radius (m),0,40
200201_203549-v1,L1,Earth Mass (kg),0,41
200201_203549-v1,L1,Coulomb Constant (N m^2 C^-2),0,42
200201_203549-v1,L1,Cosmic Microwave Background Temp (K),0,43
200201_203549-v1,L1,Catalan’s Constant,0,44
200201_203549-v1,L1,Avogadro Constant (1/mol),0,45
200201_203549-v1,L1,Astronomical Unit (m),0,46
200201_203549-v1,L1,Two Pi,0,47
200214_224526-v1,H1,Golden Ratio Conjugate,108,1
200214_224526-v1,H1,Catalan’s Constant,90,2
200214_224526-v1,H1,Euler–Mascheroni Constant,29,3
200214_224526-v1,H1,Golden Ratio,26,4
200214_224526-v1,H1,Apéry’s Constant (zeta(3)),24,5
200214_224526-v1,H1,Absolute Zero (K),11,6
200214_224526-v1,H1,Electron Mass (kg),11,7
200214_224526-v1,H1,Muon Mass (kg),11,8
200214_224526-v1,H1,Planck Time (s),11,9
200214_224526-v1,H1,Neutron Mass (kg),11,10
200214_224526-v1,H1,Reduced Planck Constant (J·s),11,11
200214_224526-v1,H1,Elementary Charge (C),11,12
200214_224526-v1,H1,Proton Mass (kg),11,13
200214_224526-v1,H1,Planck Charge (C),11,14
200214_224526-v1,H1,Critical Density (kg/m^3),11,15
200214_224526-v1,H1,Planck Constant (J·s),11,16
200214_224526-v1,H1,Planck Length (m),11,17
200214_224526-v1,H1,Boltzmann Constant (J/K),11,18
200214_224526-v1,H1,Baryon-to-Photon Ratio,11,19
200214_224526-v1,H1,Planck Mass (kg),11,20
200214_224526-v1,H1,Tau Mass (kg),11,21
200214_224526-v1,H1,Gravitational Constant (m^3 kg^-1 s^-2),11,22
200214_224526-v1,H1,Fine-Structure Constant,10,23
200214_224526-v1,H1,Plastic Constant,4,24
200214_224526-v1,H1,Square Root of 2,4,25
200214_224526-v1,H1,Khinchin’s Constant,2,26
200214_224526-v1,H1,Euler’s Number,2,27
200214_224526-v1,H1,Feigenbaum Alpha,1,28
200214_224526-v1,H1,Cosmic Microwave Background Temp (K),1,29
200214_224526-v1,H1,Square Root of 5,1,30
200214_224526-v1,H1,Feigenbaum Delta,1,31
200214_224526-v1,H1,Solar Radius (m),0,32
200214_224526-v1,H1,Solar Mass (kg),0,33
200214_224526-v1,H1,Speed of Light (m/s),0,34
200214_224526-v1,H1,Square Root of 3,0,35
200214_224526-v1,H1,Hubble Constant (km/s/Mpc),0,36
200214_224526-v1,H1,Planck Temperature (K),0,37
200214_224526-v1,H1,Pi,0,38
200214_224526-v1,H1,Phi Squared,0,39
200214_224526-v1,H1,Parsec (m),0,40
200214_224526-v1,H1,Gas Constant R (J/(mol·K)),0,41
200214_224526-v1,H1,Earth Radius (m),0,42
200214_224526-v1,H1,Earth Mass (kg),0,43
200214_224526-v1,H1,Coulomb Constant (N m^2 C^-2),0,44
200214_224526-v1,H1,Avogadro Constant (1/mol),0,45
200214_224526-v1,H1,Astronomical Unit (m),0,46
200214_224526-v1,H1,Two Pi,0,47
200214_224526-v1,L1,Golden Ratio Conjugate,4,1
200214_224526-v1,L1,Absolute Zero (K),2,2
200214_224526-v1,L1,Elementary Charge (C),2,3
200214_224526-v1,L1,Neutron Mass (kg),2,4
200214_224526-v1,L1,Muon Mass (kg),2,5
200214_224526-v1,L1,Planck Constant (J·s),2,6
200214_224526-v1,L1,Planck Length (m),2,7
200214_224526-v1,L1,Gravitational Constant (m^3 kg^-1 s^-2),2,8
200214_224526-v1,L1,Planck Mass (kg),2,9
200214_224526-v1,L1,Fine-Structure Constant,2,10
200214_224526-v1,L1,Planck Time (s),2,11
200214_224526-v1,L1,Proton Mass (kg),2,12
200214_224526-v1,L1,Reduced Planck Constant (J·s),2,13
200214_224526-v1,L1,Electron Mass (kg),2,14
200214_224526-v1,L1,Critical Density (kg/m^3),2,15
200214_224526-v1,L1,Boltzmann Constant (J/K),2,16
200214_224526-v1,L1,Baryon-to-Photon Ratio,2,17
200214_224526-v1,L1,Tau Mass (kg),2,18
200214_224526-v1,L1,Planck Charge (C),2,19
200214_224526-v1,L1,Square Root of 5,1,20
200214_224526-v1,L1,Pi,0,21
200214_224526-v1,L1,Solar Mass (kg),0,22
200214_224526-v1,L1,Plastic Constant,0,23
200214_224526-v1,L1,Solar Radius (m),0,24
200214_224526-v1,L1,Planck Temperature (K),0,25
200214_224526-v1,L1,Speed of Light (m/s),0,26
200214_224526-v1,L1,Square Root of 2,0,27
200214_224526-v1,L1,Square Root of 3,0,28
200214_224526-v1,L1,Hubble Constant (km/s/Mpc),0,29
200214_224526-v1,L1,Phi Squared,0,30
200214_224526-v1,L1,Parsec (m),0,31
200214_224526-v1,L1,Astronomical Unit (m),0,32
200214_224526-v1,L1,Avogadro Constant (1/mol),0,33
200214_224526-v1,L1,Catalan’s Constant,0,34
200214_224526-v1,L1,Cosmic Microwave Background Temp (K),0,35
200214_224526-v1,L1,Coulomb Constant (N m^2 C^-2),0,36
200214_224526-v1,L1,Earth Mass (kg),0,37
200214_224526-v1,L1,Earth Radius (m),0,38
200214_224526-v1,L1,Euler–Mascheroni Constant,0,39
200214_224526-v1,L1,Euler’s Number,0,40
200214_224526-v1,L1,Feigenbaum Alpha,0,41
200214_224526-v1,L1,Feigenbaum Delta,0,42
200214_224526-v1,L1,Gas Constant R (J/(mol·K)),0,43
200214_224526-v1,L1,Golden Ratio,0,44
200214_224526-v1,L1,Apéry’s Constant (zeta(3)),0,45
200214_224526-v1,L1,Khinchin’s Constant,0,46
200214_224526-v1,L1,Two Pi,0,47
200214_224526-v2,H1,Golden Ratio Conjugate,108,1
200214_224526-v2,H1,Catalan’s Constant,90,2
200214_224526-v2,H1,Euler–Mascheroni Constant,29,3
200214_224526-v2,H1,Golden Ratio,26,4
200214_224526-v2,H1,Apéry’s Constant (zeta(3)),24,5
200214_224526-v2,H1,Absolute Zero (K),11,6
200214_224526-v2,H1,Electron Mass (kg),11,7
200214_224526-v2,H1,Muon Mass (kg),11,8
200214_224526-v2,H1,Planck Time (s),11,9
200214_224526-v2,H1,Neutron Mass (kg),11,10
200214_224526-v2,H1,Reduced Planck Constant (J·s),11,11
200214_224526-v2,H1,Elementary Charge (C),11,12
200214_224526-v2,H1,Proton Mass (kg),11,13
200214_224526-v2,H1,Planck Charge (C),11,14
200214_224526-v2,H1,Critical Density (kg/m^3),11,15
200214_224526-v2,H1,Planck Constant (J·s),11,16
200214_224526-v2,H1,Planck Length (m),11,17
200214_224526-v2,H1,Boltzmann Constant (J/K),11,18
200214_224526-v2,H1,Baryon-to-Photon Ratio,11,19
200214_224526-v2,H1,Planck Mass (kg),11,20
200214_224526-v2,H1,Tau Mass (kg),11,21
200214_224526-v2,H1,Gravitational Constant (m^3 kg^-1 s^-2),11,22
200214_224526-v2,H1,Fine-Structure Constant,10,23
200214_224526-v2,H1,Plastic Constant,4,24
200214_224526-v2,H1,Square Root of 2,4,25
200214_224526-v2,H1,Khinchin’s Constant,2,26
200214_224526-v2,H1,Euler’s Number,2,27
200214_224526-v2,H1,Feigenbaum Alpha,1,28
200214_224526-v2,H1,Cosmic Microwave Background Temp (K),1,29
200214_224526-v2,H1,Square Root of 5,1,30
200214_224526-v2,H1,Feigenbaum Delta,1,31
200214_224526-v2,H1,Solar Radius (m),0,32
200214_224526-v2,H1,Solar Mass (kg),0,33
200214_224526-v2,H1,Speed of Light (m/s),0,34
200214_224526-v2,H1,Square Root of 3,0,35
200214_224526-v2,H1,Hubble Constant (km/s/Mpc),0,36
200214_224526-v2,H1,Planck Temperature (K),0,37
200214_224526-v2,H1,Pi,0,38
200214_224526-v2,H1,Phi Squared,0,39
200214_224526-v2,H1,Parsec (m),0,40
200214_224526-v2,H1,Gas Constant R (J/(mol·K)),0,41
200214_224526-v2,H1,Earth Radius (m),0,42
200214_224526-v2,H1,Earth Mass (kg),0,43
200214_224526-v2,H1,Coulomb Constant (N m^2 C^-2),0,44
200214_224526-v2,H1,Avogadro Constant (1/mol),0,45
200214_224526-v2,H1,Astronomical Unit (m),0,46
200214_224526-v2,H1,Two Pi,0,47
200214_224526-v2,L1,Golden Ratio Conjugate,4,1
200214_224526-v2,L1,Absolute Zero (K),2,2
200214_224526-v2,L1,Elementary Charge (C),2,3
200214_224526-v2,L1,Neutron Mass (kg),2,4
200214_224526-v2,L1,Muon Mass (kg),2,5
200214_224526-v2,L1,Planck Constant (J·s),2,6
200214_224526-v2,L1,Planck Length (m),2,7
200214_224526-v2,L1,Gravitational Constant (m^3 kg^-1 s^-2),2,8
200214_224526-v2,L1,Planck Mass (kg),2,9
200214_224526-v2,L1,Fine-Structure Constant,2,10
200214_224526-v2,L1,Planck Time (s),2,11
200214_224526-v2,L1,Proton Mass (kg),2,12
200214_224526-v2,L1,Reduced Planck Constant (J·s),2,13
200214_224526-v2,L1,Electron Mass (kg),2,14
200214_224526-v2,L1,Critical Density (kg/m^3),2,15
200214_224526-v2,L1,Boltzmann Constant (J/K),2,16
200214_224526-v2,L1,Baryon-to-Photon Ratio,2,17
200214_224526-v2,L1,Tau Mass (kg),2,18
200214_224526-v2,L1,Planck Charge (C),2,19
200214_224526-v2,L1,Square Root of 5,1,20
200214_224526-v2,L1,Pi,0,21
200214_224526-v2,L1,Solar Mass (kg),0,22
200214_224526-v2,L1,Plastic Constant,0,23
200214_224526-v2,L1,Solar Radius (m),0,24
200214_224526-v2,L1,Planck Temperature (K),0,25
200214_224526-v2,L1,Speed of Light (m/s),0,26
200214_224526-v2,L1,Square Root of 2,0,27
200214_224526-v2,L1,Square Root of 3,0,28
200214_224526-v2,L1,Hubble Constant (km/s/Mpc),0,29
200214_224526-v2,L1,Phi Squared,0,30
200214_224526-v2,L1,Parsec (m),0,31
200214_224526-v2,L1,Astronomical Unit (m),0,32
200214_224526-v2,L1,Avogadro Constant (1/mol),0,33
200214_224526-v2,L1,Catalan’s Constant,0,34
200214_224526-v2,L1,Cosmic Microwave Background Temp (K),0,35
200214_224526-v2,L1,Coulomb Constant (N m^2 C^-2),0,36
200214_224526-v2,L1,Earth Mass (kg),0,37
200214_224526-v2,L1,Earth Radius (m),0,38
200214_224526-v2,L1,Euler–Mascheroni Constant,0,39
200214_224526-v2,L1,Euler’s Number,0,40
200214_224526-v2,L1,Feigenbaum Alpha,0,41
200214_224526-v2,L1,Feigenbaum Delta,0,42
200214_224526-v2,L1,Gas Constant R (J/(mol·K)),0,43
200214_224526-v2,L1,Golden Ratio,0,44
200214_224526-v2,L1,Apéry’s Constant (zeta(3)),0,45
200214_224526-v2,L1,Khinchin’s Constant,0,46
200214_224526-v2,L1,Two Pi,0,47
200219_201407-v1,H1,Golden Ratio Conjugate,110,1
200219_201407-v1,H1,Euler–Mascheroni Constant,110,2
200219_201407-v1,H1,Golden Ratio,81,3
200219_201407-v1,H1,Apéry’s Constant (zeta(3)),73,4
200219_201407-v1,H1,Catalan’s Constant,68,5
200219_201407-v1,H1,Square Root of 2,29,6
200219_201407-v1,H1,Plastic Constant,29,7
200219_201407-v1,H1,Square Root of 3,9,8
200219_201407-v1,H1,Absolute Zero (K),6,9
200219_201407-v1,H1,Proton Mass (kg),6,10
200219_201407-v1,H1,Planck Length (m),6,11
200219_201407-v1,H1,Planck Mass (kg),6,12
200219_201407-v1,H1,Neutron Mass (kg),6,13
200219_201407-v1,H1,Muon Mass (kg),6,14
200219_201407-v1,H1,Gravitational Constant (m^3 kg^-1 s^-2),6,15
200219_201407-v1,H1,Planck Time (s),6,16
200219_201407-v1,H1,Planck Constant (J·s),6,17
200219_201407-v1,H1,Planck Charge (C),6,18
200219_201407-v1,H1,Elementary Charge (C),6,19
200219_201407-v1,H1,Electron Mass (kg),6,20
200219_201407-v1,H1,Reduced Planck Constant (J·s),6,21
200219_201407-v1,H1,Critical Density (kg/m^3),6,22
200219_201407-v1,H1,Boltzmann Constant (J/K),6,23
200219_201407-v1,H1,Baryon-to-Photon Ratio,6,24
200219_201407-v1,H1,Tau Mass (kg),6,25
200219_201407-v1,H1,Fine-Structure Constant,5,26
200219_201407-v1,H1,Cosmic Microwave Background Temp (K),3,27
200219_201407-v1,H1,Euler’s Number,3,28
200219_201407-v1,H1,Khinchin’s Constant,2,29
200219_201407-v1,H1,Square Root of 5,2,30
200219_201407-v1,H1,Two Pi,1,31
200219_201407-v1,H1,Phi Squared,1,32
200219_201407-v1,H1,Feigenbaum Alpha,1,33
200219_201407-v1,H1,Pi,0,34
200219_201407-v1,H1,Parsec (m),0,35
200219_201407-v1,H1,Planck Temperature (K),0,36
200219_201407-v1,H1,Gas Constant R (J/(mol·K)),0,37
200219_201407-v1,H1,Feigenbaum Delta,0,38
200219_201407-v1,H1,Earth Radius (m),0,39
200219_201407-v1,H1,Solar Mass (kg),0,40
200219_201407-v1,H1,Solar Radius (m),0,41
200219_201407-v1,H1,Speed of Light (m/s),0,42
200219_201407-v1,H1,Earth Mass (kg),0,43
200219_201407-v1,H1,Coulomb Constant (N m^2 C^-2),0,44
200219_201407-v1,H1,Avogadro Constant (1/mol),0,45
200219_201407-v1,H1,Astronomical Unit (m),0,46
200219_201407-v1,H1,Hubble Constant (km/s/Mpc),0,47
200219_201407-v1,L1,Plastic Constant,4,1
200219_201407-v1,L1,Absolute Zero (K),2,2
200219_201407-v1,L1,Elementary Charge (C),2,3
200219_201407-v1,L1,Planck Length (m),2,4
200219_201407-v1,L1,Planck Mass (kg),2,5
200219_201407-v1,L1,Neutron Mass (kg),2,6
200219_201407-v1,L1,Muon Mass (kg),2,7
200219_201407-v1,L1,Gravitational Constant (m^3 kg^-1 s^-2),2,8
200219_201407-v1,L1,Golden Ratio Conjugate,2,9
200219_201407-v1,L1,Planck Time (s),2,10
200219_201407-v1,L1,Fine-Structure Constant,2,11
200219_201407-v1,L1,Proton Mass (kg),2,12
200219_201407-v1,L1,Planck Constant (J·s),2,13
200219_201407-v1,L1,Reduced Planck Constant (J·s),2,14
200219_201407-v1,L1,Planck Charge (C),2,15
200219_201407-v1,L1,Electron Mass (kg),2,16
200219_201407-v1,L1,Tau Mass (kg),2,17
200219_201407-v1,L1,Critical Density (kg/m^3),2,18
200219_201407-v1,L1,Baryon-to-Photon Ratio,2,19
200219_201407-v1,L1,Boltzmann Constant (J/K),2,20
200219_201407-v1,L1,Phi Squared,1,21
200219_201407-v1,L1,Khinchin’s Constant,1,22
200219_201407-v1,L1,Euler–Mascheroni Constant,1,23
200219_201407-v1,L1,Golden Ratio,1,24
200219_201407-v1,L1,Planck Temperature (K),0,25
200219_201407-v1,L1,Square Root of 2,0,26
200219_201407-v1,L1,Speed of Light (m/s),0,27
200219_201407-v1,L1,Square Root of 5,0,28
200219_201407-v1,L1,Solar Radius (m),0,29
200219_201407-v1,L1,Solar Mass (kg),0,30
200219_201407-v1,L1,Square Root of 3,0,31
200219_201407-v1,L1,Hubble Constant (km/s/Mpc),0,32
200219_201407-v1,L1,Pi,0,33
200219_201407-v1,L1,Parsec (m),0,34
200219_201407-v1,L1,Apéry’s Constant (zeta(3)),0,35
200219_201407-v1,L1,Gas Constant R (J/(mol·K)),0,36
200219_201407-v1,L1,Feigenbaum Delta,0,37
200219_201407-v1,L1,Feigenbaum Alpha,0,38
200219_201407-v1,L1,Euler’s Number,0,39
200219_201407-v1,L1,Earth Radius (m),0,40
200219_201407-v1,L1,Earth Mass (kg),0,41
200219_201407-v1,L1,Coulomb Constant (N m^2 C^-2),0,42
200219_201407-v1,L1,Cosmic Microwave Background Temp (K),0,43
200219_201407-v1,L1,Catalan’s Constant,0,44
200219_201407-v1,L1,Avogadro Constant (1/mol),0,45
200219_201407-v1,L1,Astronomical Unit (m),0,46
200219_201407-v1,L1,Two Pi,0,47
200311_103121-v1,H1,Golden Ratio Conjugate,104,1
200311_103121-v1,H1,Catalan’s Constant,101,2
200311_103121-v1,H1,Apéry’s Constant (zeta(3)),37,3
200311_103121-v1,H1,Euler–Mascheroni Constant,33,4
200311_103121-v1,H1,Golden Ratio,29,5
200311_103121-v1,H1,Plastic Constant,16,6
200311_103121-v1,H1,Absolute Zero (K),12,7
200311_103121-v1,H1,Reduced Planck Constant (J·s),12,8
200311_103121-v1,H1,Planck Length (m),12,9
200311_103121-v1,H1,Planck Constant (J·s),12,10
200311_103121-v1,H1,Planck Charge (C),12,11
200311_103121-v1,H1,Planck Time (s),12,12
200311_103121-v1,H1,Neutron Mass (kg),12,13
200311_103121-v1,H1,Muon Mass (kg),12,14
200311_103121-v1,H1,Gravitational Constant (m^3 kg^-1 s^-2),12,15
200311_103121-v1,H1,Proton Mass (kg),12,16
200311_103121-v1,H1,Planck Mass (kg),12,17
200311_103121-v1,H1,Boltzmann Constant (J/K),12,18
200311_103121-v1,H1,Elementary Charge (C),12,19
200311_103121-v1,H1,Electron Mass (kg),12,20
200311_103121-v1,H1,Tau Mass (kg),12,21
200311_103121-v1,H1,Baryon-to-Photon Ratio,12,22
200311_103121-v1,H1,Critical Density (kg/m^3),12,23
200311_103121-v1,H1,Fine-Structure Constant,11,24
200311_103121-v1,H1,Square Root of 2,10,25
200311_103121-v1,H1,Phi Squared,3,26
200311_103121-v1,H1,Khinchin’s Constant,2,27
200311_103121-v1,H1,Pi,1,28
200311_103121-v1,H1,Square Root of 5,1,29
200311_103121-v1,H1,Planck Temperature (K),0,30
200311_103121-v1,H1,Square Root of 3,0,31
200311_103121-v1,H1,Speed of Light (m/s),0,32
200311_103121-v1,H1,Solar Radius (m),0,33
200311_103121-v1,H1,Solar Mass (kg),0,34
200311_103121-v1,H1,Hubble Constant (km/s/Mpc),0,35
200311_103121-v1,H1,Parsec (m),0,36
200311_103121-v1,H1,Gas Constant R (J/(mol·K)),0,37
200311_103121-v1,H1,Feigenbaum Delta,0,38
200311_103121-v1,H1,Feigenbaum Alpha,0,39
200311_103121-v1,H1,Euler’s Number,0,40
200311_103121-v1,H1,Earth Radius (m),0,41
200311_103121-v1,H1,Earth Mass (kg),0,42
200311_103121-v1,H1,Coulomb Constant (N m^2 C^-2),0,43
200311_103121-v1,H1,Cosmic Microwave Background Temp (K),0,44
200311_103121-v1,H1,Avogadro Constant (1/mol),0,45
200311_103121-v1,H1,Astronomical Unit (m),0,46
200311_103121-v1,H1,Two Pi,0,47
200311_103121-v1,L1,Absolute Zero (K),3,1
200311_103121-v1,L1,Electron Mass (kg),3,2
200311_103121-v1,L1,Planck Constant (J·s),3,3
200311_103121-v1,L1,Neutron Mass (kg),3,4
200311_103121-v1,L1,Muon Mass (kg),3,5
200311_103121-v1,L1,Planck Length (m),3,6
200311_103121-v1,L1,Gravitational Constant (m^3 kg^-1 s^-2),3,7
200311_103121-v1,L1,Planck Mass (kg),3,8
200311_103121-v1,L1,Fine-Structure Constant,3,9
200311_103121-v1,L1,Planck Time (s),3,10
200311_103121-v1,L1,Proton Mass (kg),3,11
200311_103121-v1,L1,Elementary Charge (C),3,12
200311_103121-v1,L1,Reduced Planck Constant (J·s),3,13
200311_103121-v1,L1,Critical Density (kg/m^3),3,14
200311_103121-v1,L1,Boltzmann Constant (J/K),3,15
200311_103121-v1,L1,Baryon-to-Photon Ratio,3,16
200311_103121-v1,L1,Tau Mass (kg),3,17
200311_103121-v1,L1,Planck Charge (C),3,18
200311_103121-v1,L1,Golden Ratio Conjugate,1,19
200311_103121-v1,L1,Apéry’s Constant (zeta(3)),1,20
200311_103121-v1,L1,Solar Mass (kg),0,21
200311_103121-v1,L1,Pi,0,22
200311_103121-v1,L1,Solar Radius (m),0,23
200311_103121-v1,L1,Plastic Constant,0,24
200311_103121-v1,L1,Speed of Light (m/s),0,25
200311_103121-v1,L1,Planck Temperature (K),0,26
200311_103121-v1,L1,Square Root of 2,0,27
200311_103121-v1,L1,Square Root of 3,0,28
200311_103121-v1,L1,Square Root of 5,0,29
200311_103121-v1,L1,Hubble Constant (km/s/Mpc),0,30
200311_103121-v1,L1,Phi Squared,0,31
200311_103121-v1,L1,Earth Radius (m),0,32
200311_103121-v1,L1,Astronomical Unit (m),0,33
200311_103121-v1,L1,Avogadro Constant (1/mol),0,34
200311_103121-v1,L1,Catalan’s Constant,0,35
200311_103121-v1,L1,Cosmic Microwave Background Temp (K),0,36
200311_103121-v1,L1,Coulomb Constant (N m^2 C^-2),0,37
200311_103121-v1,L1,Earth Mass (kg),0,38
200311_103121-v1,L1,Euler–Mascheroni Constant,0,39
200311_103121-v1,L1,Parsec (m),0,40
200311_103121-v1,L1,Euler’s Number,0,41
200311_103121-v1,L1,Feigenbaum Alpha,0,42
200311_103121-v1,L1,Feigenbaum Delta,0,43
200311_103121-v1,L1,Gas Constant R (J/(mol·K)),0,44
200311_103121-v1,L1,Golden Ratio,0,45
200311_103121-v1,L1,Khinchin’s Constant,0,46
200311_103121-v1,L1,Two Pi,0,47
GW150914-v1,H1,Catalan’s Constant,61,1
GW150914-v1,H1,Golden Ratio Conjugate,49,2
GW150914-v1,H1,Apéry’s Constant (zeta(3)),45,3
GW150914-v1,H1,Euler–Mascheroni Constant,41,4
GW150914-v1,H1,Golden Ratio,39,5
GW150914-v1,H1,Absolute Zero (K),9,6
GW150914-v1,H1,Planck Time (s),9,7
GW150914-v1,H1,Planck Length (m),9,8
GW150914-v1,H1,Planck Constant (J·s),9,9
GW150914-v1,H1,Planck Charge (C),9,10
GW150914-v1,H1,Proton Mass (kg),9,11
GW150914-v1,H1,Reduced Planck Constant (J·s),9,12
GW150914-v1,H1,Neutron Mass (kg),9,13
GW150914-v1,H1,Muon Mass (kg),9,14
GW150914-v1,H1,Gravitational Constant (m^3 kg^-1 s^-2),9,15
GW150914-v1,H1,Fine-Structure Constant,9,16
GW150914-v1,H1,Planck Mass (kg),9,17
GW150914-v1,H1,Critical Density (kg/m^3),9,18
GW150914-v1,H1,Tau Mass (kg),9,19
GW150914-v1,H1,Elementary Charge (C),9,20
GW150914-v1,H1,Electron Mass (kg),9,21
GW150914-v1,H1,Baryon-to-Photon Ratio,9,22
GW150914-v1,H1,Boltzmann Constant (J/K),9,23
GW150914-v1,H1,Plastic Constant,4,24
GW150914-v1,H1,Cosmic Microwave Background Temp (K),1,25
GW150914-v1,H1,Feigenbaum Alpha,1,26
GW150914-v1,H1,Euler’s Number,1,27
GW150914-v1,H1,Khinchin’s Constant,1,28
GW150914-v1,H1,Square Root of 3,0,29
GW150914-v1,H1,Square Root of 2,0,30
GW150914-v1,H1,Speed of Light (m/s),0,31
GW150914-v1,H1,Square Root of 5,0,32
GW150914-v1,H1,Solar Mass (kg),0,33
GW150914-v1,H1,Solar Radius (m),0,34
GW150914-v1,H1,Hubble Constant (km/s/Mpc),0,35
GW150914-v1,H1,Planck Temperature (K),0,36
GW150914-v1,H1,Pi,0,37
GW150914-v1,H1,Phi Squared,0,38
GW150914-v1,H1,Parsec (m),0,39
GW150914-v1,H1,Gas Constant R (J/(mol·K)),0,40
GW150914-v1,H1,Feigenbaum Delta,0,41
GW150914-v1,H1,Earth Radius (m),0,42
GW150914-v1,H1,Earth Mass (kg),0,43
GW150914-v1,H1,Coulomb Constant (N m^2 C^-2),0,44
GW150914-v1,H1,Avogadro Constant (1/mol),0,45
GW150914-v1,H1,Astronomical Unit (m),0,46
GW150914-v1,H1,Two Pi,0,47
GW150914-v1,L1,Catalan’s Constant,31,1
GW150914-v1,L1,Golden Ratio,15,2
GW150914-v1,L1,Euler–Mascheroni Constant,13,3
GW150914-v1,L1,Golden Ratio Conjugate,13,4
GW150914-v1,L1,Plastic Constant,3,5
GW150914-v1,L1,Feigenbaum Alpha,1,6
GW150914-v1,L1,Absolute Zero (K),0,7
GW150914-v1,L1,Phi Squared,0,8
GW150914-v1,L1,Pi,0,9
GW150914-v1,L1,Planck Charge (C),0,10
GW150914-v1,L1,Planck Constant (J·s),0,11
GW150914-v1,L1,Planck Length (m),0,12
GW150914-v1,L1,Planck Mass (kg),0,13
GW150914-v1,L1,Planck Temperature (K),0,14
GW150914-v1,L1,Planck Time (s),0,15
GW150914-v1,L1,Neutron Mass (kg),0,16
GW150914-v1,L1,Proton Mass (kg),0,17
GW150914-v1,L1,Reduced Planck Constant (J·s),0,18
GW150914-v1,L1,Solar Mass (kg),0,19
GW150914-v1,L1,Solar Radius (m),0,20
GW150914-v1,L1,Speed of Light (m/s),0,21
GW150914-v1,L1,Square Root of 2,0,22
GW150914-v1,L1,Square Root of 3,0,23
GW150914-v1,L1,Square Root of 5,0,24
GW150914-v1,L1,Tau Mass (kg),0,25
GW150914-v1,L1,Parsec (m),0,26
GW150914-v1,L1,Hubble Constant (km/s/Mpc),0,27
GW150914-v1,L1,Muon Mass (kg),0,28
GW150914-v1,L1,Khinchin’s Constant,0,29
GW150914-v1,L1,Astronomical Unit (m),0,30
GW150914-v1,L1,Avogadro Constant (1/mol),0,31
GW150914-v1,L1,Baryon-to-Photon Ratio,0,32
GW150914-v1,L1,Boltzmann Constant (J/K),0,33
GW150914-v1,L1,Cosmic Microwave Background Temp (K),0,34
GW150914-v1,L1,Coulomb Constant (N m^2 C^-2),0,35
GW150914-v1,L1,Critical Density (kg/m^3),0,36
GW150914-v1,L1,Earth Mass (kg),0,37
GW150914-v1,L1,Earth Radius (m),0,38
GW150914-v1,L1,Electron Mass (kg),0,39
GW150914-v1,L1,Elementary Charge (C),0,40
GW150914-v1,L1,Euler’s Number,0,41
GW150914-v1,L1,Feigenbaum Delta,0,42
GW150914-v1,L1,Fine-Structure Constant,0,43
GW150914-v1,L1,Gas Constant R (J/(mol·K)),0,44
GW150914-v1,L1,Gravitational Constant (m^3 kg^-1 s^-2),0,45
GW150914-v1,L1,Apéry’s Constant (zeta(3)),0,46
GW150914-v1,L1,Two Pi,0,47
GW150914-v2,H1,Catalan’s Constant,61,1
GW150914-v2,H1,Golden Ratio Conjugate,49,2
GW150914-v2,H1,Apéry’s Constant (zeta(3)),45,3
GW150914-v2,H1,Euler–Mascheroni Constant,41,4
GW150914-v2,H1,Golden Ratio,39,5
GW150914-v2,H1,Absolute Zero (K),9,6
GW150914-v2,H1,Planck Time (s),9,7
GW150914-v2,H1,Planck Length (m),9,8
GW150914-v2,H1,Planck Constant (J·s),9,9
GW150914-v2,H1,Planck Charge (C),9,10
GW150914-v2,H1,Proton Mass (kg),9,11
GW150914-v2,H1,Reduced Planck Constant (J·s),9,12
GW150914-v2,H1,Neutron Mass (kg),9,13
GW150914-v2,H1,Muon Mass (kg),9,14
GW150914-v2,H1,Gravitational Constant (m^3 kg^-1 s^-2),9,15
GW150914-v2,H1,Fine-Structure Constant,9,16
GW150914-v2,H1,Planck Mass (kg),9,17
GW150914-v2,H1,Critical Density (kg/m^3),9,18
GW150914-v2,H1,Tau Mass (kg),9,19
GW150914-v2,H1,Elementary Charge (C),9,20
GW150914-v2,H1,Electron Mass (kg),9,21
GW150914-v2,H1,Baryon-to-Photon Ratio,9,22
GW150914-v2,H1,Boltzmann Constant (J/K),9,23
GW150914-v2,H1,Plastic Constant,4,24
GW150914-v2,H1,Cosmic Microwave Background Temp (K),1,25
GW150914-v2,H1,Feigenbaum Alpha,1,26
GW150914-v2,H1,Euler’s Number,1,27
GW150914-v2,H1,Khinchin’s Constant,1,28
GW150914-v2,H1,Square Root of 3,0,29
GW150914-v2,H1,Square Root of 2,0,30
GW150914-v2,H1,Speed of Light (m/s),0,31
GW150914-v2,H1,Square Root of 5,0,32
GW150914-v2,H1,Solar Mass (kg),0,33
GW150914-v2,H1,Solar Radius (m),0,34
GW150914-v2,H1,Hubble Constant (km/s/Mpc),0,35
GW150914-v2,H1,Planck Temperature (K),0,36
GW150914-v2,H1,Pi,0,37
GW150914-v2,H1,Phi Squared,0,38
GW150914-v2,H1,Parsec (m),0,39
GW150914-v2,H1,Gas Constant R (J/(mol·K)),0,40
GW150914-v2,H1,Feigenbaum Delta,0,41
GW150914-v2,H1,Earth Radius (m),0,42
GW150914-v2,H1,Earth Mass (kg),0,43
GW150914-v2,H1,Coulomb Constant (N m^2 C^-2),0,44
GW150914-v2,H1,Avogadro Constant (1/mol),0,45
GW150914-v2,H1,Astronomical Unit (m),0,46
GW150914-v2,H1,Two Pi,0,47
GW150914-v2,L1,Catalan’s Constant,31,1
GW150914-v2,L1,Golden Ratio,15,2
GW150914-v2,L1,Euler–Mascheroni Constant,13,3
GW150914-v2,L1,Golden Ratio Conjugate,13,4
GW150914-v2,L1,Plastic Constant,3,5
GW150914-v2,L1,Feigenbaum Alpha,1,6
GW150914-v2,L1,Absolute Zero (K),0,7
GW150914-v2,L1,Phi Squared,0,8
GW150914-v2,L1,Pi,0,9
GW150914-v2,L1,Planck Charge (C),0,10
GW150914-v2,L1,Planck Constant (J·s),0,11
GW150914-v2,L1,Planck Length (m),0,12
GW150914-v2,L1,Planck Mass (kg),0,13
GW150914-v2,L1,Planck Temperature (K),0,14
GW150914-v2,L1,Planck Time (s),0,15
GW150914-v2,L1,Neutron Mass (kg),0,16
GW150914-v2,L1,Proton Mass (kg),0,17
GW150914-v2,L1,Reduced Planck Constant (J·s),0,18
GW150914-v2,L1,Solar Mass (kg),0,19
GW150914-v2,L1,Solar Radius (m),0,20
GW150914-v2,L1,Speed of Light (m/s),0,21
GW150914-v2,L1,Square Root of 2,0,22
GW150914-v2,L1,Square Root of 3,0,23
GW150914-v2,L1,Square Root of 5,0,24
GW150914-v2,L1,Tau Mass (kg),0,25
GW150914-v2,L1,Parsec (m),0,26
GW150914-v2,L1,Hubble Constant (km/s/Mpc),0,27
GW150914-v2,L1,Muon Mass (kg),0,28
GW150914-v2,L1,Khinchin’s Constant,0,29
GW150914-v2,L1,Astronomical Unit (m),0,30
GW150914-v2,L1,Avogadro Constant (1/mol),0,31
GW150914-v2,L1,Baryon-to-Photon Ratio,0,32
GW150914-v2,L1,Boltzmann Constant (J/K),0,33
GW150914-v2,L1,Cosmic Microwave Background Temp (K),0,34
GW150914-v2,L1,Coulomb Constant (N m^2 C^-2),0,35
GW150914-v2,L1,Critical Density (kg/m^3),0,36
GW150914-v2,L1,Earth Mass (kg),0,37
GW150914-v2,L1,Earth Radius (m),0,38
GW150914-v2,L1,Electron Mass (kg),0,39
GW150914-v2,L1,Elementary Charge (C),0,40
GW150914-v2,L1,Euler’s Number,0,41
GW150914-v2,L1,Feigenbaum Delta,0,42
GW150914-v2,L1,Fine-Structure Constant,0,43
GW150914-v2,L1,Gas Constant R (J/(mol·K)),0,44
GW150914-v2,L1,Gravitational Constant (m^3 kg^-1 s^-2),0,45
GW150914-v2,L1,Apéry’s Constant (zeta(3)),0,46
GW150914-v2,L1,Two Pi,0,47
GW150914-v3,H1,Catalan’s Constant,61,1
GW150914-v3,H1,Golden Ratio Conjugate,49,2
GW150914-v3,H1,Apéry’s Constant (zeta(3)),45,3
GW150914-v3,H1,Euler–Mascheroni Constant,41,4
GW150914-v3,H1,Golden Ratio,39,5
GW150914-v3,H1,Absolute Zero (K),9,6
GW150914-v3,H1,Planck Time (s),9,7
GW150914-v3,H1,Planck Length (m),9,8
GW150914-v3,H1,Planck Constant (J·s),9,9
GW150914-v3,H1,Planck Charge (C),9,10
GW150914-v3,H1,Proton Mass (kg),9,11
GW150914-v3,H1,Reduced Planck Constant (J·s),9,12
GW150914-v3,H1,Neutron Mass (kg),9,13
GW150914-v3,H1,Muon Mass (kg),9,14
GW150914-v3,H1,Gravitational Constant (m^3 kg^-1 s^-2),9,15
GW150914-v3,H1,Fine-Structure Constant,9,16
GW150914-v3,H1,Planck Mass (kg),9,17
GW150914-v3,H1,Critical Density (kg/m^3),9,18
GW150914-v3,H1,Tau Mass (kg),9,19
GW150914-v3,H1,Elementary Charge (C),9,20
GW150914-v3,H1,Electron Mass (kg),9,21
GW150914-v3,H1,Baryon-to-Photon Ratio,9,22
GW150914-v3,H1,Boltzmann Constant (J/K),9,23
GW150914-v3,H1,Plastic Constant,4,24
GW150914-v3,H1,Cosmic Microwave Background Temp (K),1,25
GW150914-v3,H1,Feigenbaum Alpha,1,26
GW150914-v3,H1,Euler’s Number,1,27
GW150914-v3,H1,Khinchin’s Constant,1,28
GW150914-v3,H1,Square Root of 3,0,29
GW150914-v3,H1,Square Root of 2,0,30
GW150914-v3,H1,Speed of Light (m/s),0,31
GW150914-v3,H1,Square Root of 5,0,32
GW150914-v3,H1,Solar Mass (kg),0,33
GW150914-v3,H1,Solar Radius (m),0,34
GW150914-v3,H1,Hubble Constant (km/s/Mpc),0,35
GW150914-v3,H1,Planck Temperature (K),0,36
GW150914-v3,H1,Pi,0,37
GW150914-v3,H1,Phi Squared,0,38
GW150914-v3,H1,Parsec (m),0,39
GW150914-v3,H1,Gas Constant R (J/(mol·K)),0,40
GW150914-v3,H1,Feigenbaum Delta,0,41
GW150914-v3,H1,Earth Radius (m),0,42
GW150914-v3,H1,Earth Mass (kg),0,43
GW150914-v3,H1,Coulomb Constant (N m^2 C^-2),0,44
GW150914-v3,H1,Avogadro Constant (1/mol),0,45
GW150914-v3,H1,Astronomical Unit (m),0,46
GW150914-v3,H1,Two Pi,0,47
GW150914-v3,L1,Catalan’s Constant,31,1
GW150914-v3,L1,Golden Ratio,15,2
GW150914-v3,L1,Euler–Mascheroni Constant,13,3
GW150914-v3,L1,Golden Ratio Conjugate,13,4
GW150914-v3,L1,Plastic Constant,3,5
GW150914-v3,L1,Feigenbaum Alpha,1,6
GW150914-v3,L1,Absolute Zero (K),0,7
GW150914-v3,L1,Phi Squared,0,8
GW150914-v3,L1,Pi,0,9
GW150914-v3,L1,Planck Charge (C),0,10
GW150914-v3,L1,Planck Constant (J·s),0,11
GW150914-v3,L1,Planck Length (m),0,12
GW150914-v3,L1,Planck Mass (kg),0,13
GW150914-v3,L1,Planck Temperature (K),0,14
GW150914-v3,L1,Planck Time (s),0,15
GW150914-v3,L1,Neutron Mass (kg),0,16
GW150914-v3,L1,Proton Mass (kg),0,17
GW150914-v3,L1,Reduced Planck Constant (J·s),0,18
GW150914-v3,L1,Solar Mass (kg),0,19
GW150914-v3,L1,Solar Radius (m),0,20
GW150914-v3,L1,Speed of Light (m/s),0,21
GW150914-v3,L1,Square Root of 2,0,22
GW150914-v3,L1,Square Root of 3,0,23
GW150914-v3,L1,Square Root of 5,0,24
GW150914-v3,L1,Tau Mass (kg),0,25
GW150914-v3,L1,Parsec (m),0,26
GW150914-v3,L1,Hubble Constant (km/s/Mpc),0,27
GW150914-v3,L1,Muon Mass (kg),0,28
GW150914-v3,L1,Khinchin’s Constant,0,29
GW150914-v3,L1,Astronomical Unit (m),0,30
GW150914-v3,L1,Avogadro Constant (1/mol),0,31
GW150914-v3,L1,Baryon-to-Photon Ratio,0,32
GW150914-v3,L1,Boltzmann Constant (J/K),0,33
GW150914-v3,L1,Cosmic Microwave Background Temp (K),0,34
GW150914-v3,L1,Coulomb Constant (N m^2 C^-2),0,35
GW150914-v3,L1,Critical Density (kg/m^3),0,36
GW150914-v3,L1,Earth Mass (kg),0,37
GW150914-v3,L1,Earth Radius (m),0,38
GW150914-v3,L1,Electron Mass (kg),0,39
GW150914-v3,L1,Elementary Charge (C),0,40
GW150914-v3,L1,Euler’s Number,0,41
GW150914-v3,L1,Feigenbaum Delta,0,42
GW150914-v3,L1,Fine-Structure Constant,0,43
GW150914-v3,L1,Gas Constant R (J/(mol·K)),0,44
GW150914-v3,L1,Gravitational Constant (m^3 kg^-1 s^-2),0,45
GW150914-v3,L1,Apéry’s Constant (zeta(3)),0,46
GW150914-v3,L1,Two Pi,0,47
GW151012-v1,H1,Golden Ratio Conjugate,75,1
GW151012-v1,H1,Catalan’s Constant,70,2
GW151012-v1,H1,Euler–Mascheroni Constant,52,3
GW151012-v1,H1,Golden Ratio,49,4
GW151012-v1,H1,Apéry’s Constant (zeta(3)),33,5
GW151012-v1,H1,Plastic Constant,9,6
GW151012-v1,H1,Absolute Zero (K),6,7
GW151012-v1,H1,Planck Mass (kg),6,8
GW151012-v1,H1,Planck Constant (J·s),6,9
GW151012-v1,H1,Planck Charge (C),6,10
GW151012-v1,H1,Planck Time (s),6,11
GW151012-v1,H1,Neutron Mass (kg),6,12
GW151012-v1,H1,Muon Mass (kg),6,13
GW151012-v1,H1,Gravitational Constant (m^3 kg^-1 s^-2),6,14
GW151012-v1,H1,Fine-Structure Constant,6,15
GW151012-v1,H1,Proton Mass (kg),6,16
GW151012-v1,H1,Reduced Planck Constant (J·s),6,17
GW151012-v1,H1,Elementary Charge (C),6,18
GW151012-v1,H1,Electron Mass (kg),6,19
GW151012-v1,H1,Critical Density (kg/m^3),6,20
GW151012-v1,H1,Square Root of 2,6,21
GW151012-v1,H1,Boltzmann Constant (J/K),6,22
GW151012-v1,H1,Baryon-to-Photon Ratio,6,23
GW151012-v1,H1,Tau Mass (kg),6,24
GW151012-v1,H1,Planck Length (m),6,25
GW151012-v1,H1,Khinchin’s Constant,1,26
GW151012-v1,H1,Phi Squared,1,27
GW151012-v1,H1,Square Root of 5,1,28
GW151012-v1,H1,Solar Mass (kg),0,29
GW151012-v1,H1,Solar Radius (m),0,30
GW151012-v1,H1,Speed of Light (m/s),0,31
GW151012-v1,H1,Square Root of 3,0,32
GW151012-v1,H1,Planck Temperature (K),0,33
GW151012-v1,H1,Hubble Constant (km/s/Mpc),0,34
GW151012-v1,H1,Pi,0,35
GW151012-v1,H1,Parsec (m),0,36
GW151012-v1,H1,Gas Constant R (J/(mol·K)),0,37
GW151012-v1,H1,Feigenbaum Delta,0,38
GW151012-v1,H1,Feigenbaum Alpha,0,39
GW151012-v1,H1,Euler’s Number,0,40
GW151012-v1,H1,Earth Radius (m),0,41
GW151012-v1,H1,Earth Mass (kg),0,42
GW151012-v1,H1,Coulomb Constant (N m^2 C^-2),0,43
GW151012-v1,H1,Cosmic Microwave Background Temp (K),0,44
GW151012-v1,H1,Avogadro Constant (1/mol),0,45
GW151012-v1,H1,Astronomical Unit (m),0,46
GW151012-v1,H1,Two Pi,0,47
GW151012-v1,L1,Catalan’s Constant,45,1
GW151012-v1,L1,Apéry’s Constant (zeta(3)),6,2
GW151012-v1,L1,Golden Ratio,6,3
GW151012-v1,L1,Plastic Constant,3,4
GW151012-v1,L1,Absolute Zero (K),2,5
GW151012-v1,L1,Reduced Planck Constant (J·s),2,6
GW151012-v1,L1,Planck Length (m),2,7
GW151012-v1,L1,Planck Mass (kg),2,8
GW151012-v1,L1,Neutron Mass (kg),2,9
GW151012-v1,L1,Muon Mass (kg),2,10
GW151012-v1,L1,Planck Time (s),2,11
GW151012-v1,L1,Gravitational Constant (m^3 kg^-1 s^-2),2,12
GW151012-v1,L1,Golden Ratio Conjugate,2,13
GW151012-v1,L1,Fine-Structure Constant,2,14
GW151012-v1,L1,Proton Mass (kg),2,15
GW151012-v1,L1,Planck Charge (C),2,16
GW151012-v1,L1,Planck Constant (J·s),2,17
GW151012-v1,L1,Euler–Mascheroni Constant,2,18
GW151012-v1,L1,Elementary Charge (C),2,19
GW151012-v1,L1,Electron Mass (kg),2,20
GW151012-v1,L1,Critical Density (kg/m^3),2,21
GW151012-v1,L1,Square Root of 2,2,22
GW151012-v1,L1,Boltzmann Constant (J/K),2,23
GW151012-v1,L1,Baryon-to-Photon Ratio,2,24
GW151012-v1,L1,Tau Mass (kg),2,25
GW151012-v1,L1,Square Root of 3,1,26
GW151012-v1,L1,Square Root of 5,1,27
GW151012-v1,L1,Solar Radius (m),0,28
GW151012-v1,L1,Speed of Light (m/s),0,29
GW151012-v1,L1,Planck Temperature (K),0,30
GW151012-v1,L1,Solar Mass (kg),0,31
GW151012-v1,L1,Hubble Constant (km/s/Mpc),0,32
GW151012-v1,L1,Pi,0,33
GW151012-v1,L1,Phi Squared,0,34
GW151012-v1,L1,Parsec (m),0,35
GW151012-v1,L1,Khinchin’s Constant,0,36
GW151012-v1,L1,Gas Constant R (J/(mol·K)),0,37
GW151012-v1,L1,Feigenbaum Delta,0,38
GW151012-v1,L1,Feigenbaum Alpha,0,39
GW151012-v1,L1,Euler’s Number,0,40
GW151012-v1,L1,Earth Radius (m),0,41
GW151012-v1,L1,Earth Mass (kg),0,42
GW151012-v1,L1,Coulomb Constant (N m^2 C^-2),0,43
GW151012-v1,L1,Cosmic Microwave Background Temp (K),0,44
GW151012-v1,L1,Avogadro Constant (1/mol),0,45
GW151012-v1,L1,Astronomical Unit (m),0,46
GW151012-v1,L1,Two Pi,0,47
GW151012-v2,H1,Golden Ratio Conjugate,75,1
GW151012-v2,H1,Catalan’s Constant,70,2
GW151012-v2,H1,Euler–Mascheroni Constant,52,3
GW151012-v2,H1,Golden Ratio,49,4
GW151012-v2,H1,Apéry’s Constant (zeta(3)),33,5
GW151012-v2,H1,Plastic Constant,9,6
GW151012-v2,H1,Absolute Zero (K),6,7
GW151012-v2,H1,Planck Mass (kg),6,8
GW151012-v2,H1,Planck Constant (J·s),6,9
GW151012-v2,H1,Planck Charge (C),6,10
GW151012-v2,H1,Planck Time (s),6,11
GW151012-v2,H1,Neutron Mass (kg),6,12
GW151012-v2,H1,Muon Mass (kg),6,13
GW151012-v2,H1,Gravitational Constant (m^3 kg^-1 s^-2),6,14
GW151012-v2,H1,Fine-Structure Constant,6,15
GW151012-v2,H1,Proton Mass (kg),6,16
GW151012-v2,H1,Reduced Planck Constant (J·s),6,17
GW151012-v2,H1,Elementary Charge (C),6,18
GW151012-v2,H1,Electron Mass (kg),6,19
GW151012-v2,H1,Critical Density (kg/m^3),6,20
GW151012-v2,H1,Square Root of 2,6,21
GW151012-v2,H1,Boltzmann Constant (J/K),6,22
GW151012-v2,H1,Baryon-to-Photon Ratio,6,23
GW151012-v2,H1,Tau Mass (kg),6,24
GW151012-v2,H1,Planck Length (m),6,25
GW151012-v2,H1,Khinchin’s Constant,1,26
GW151012-v2,H1,Phi Squared,1,27
GW151012-v2,H1,Square Root of 5,1,28
GW151012-v2,H1,Solar Mass (kg),0,29
GW151012-v2,H1,Solar Radius (m),0,30
GW151012-v2,H1,Speed of Light (m/s),0,31
GW151012-v2,H1,Square Root of 3,0,32
GW151012-v2,H1,Planck Temperature (K),0,33
GW151012-v2,H1,Hubble Constant (km/s/Mpc),0,34
GW151012-v2,H1,Pi,0,35
GW151012-v2,H1,Parsec (m),0,36
GW151012-v2,H1,Gas Constant R (J/(mol·K)),0,37
GW151012-v2,H1,Feigenbaum Delta,0,38
GW151012-v2,H1,Feigenbaum Alpha,0,39
GW151012-v2,H1,Euler’s Number,0,40
GW151012-v2,H1,Earth Radius (m),0,41
GW151012-v2,H1,Earth Mass (kg),0,42
GW151012-v2,H1,Coulomb Constant (N m^2 C^-2),0,43
GW151012-v2,H1,Cosmic Microwave Background Temp (K),0,44
GW151012-v2,H1,Avogadro Constant (1/mol),0,45
GW151012-v2,H1,Astronomical Unit (m),0,46
GW151012-v2,H1,Two Pi,0,47
GW151012-v2,L1,Catalan’s Constant,45,1
GW151012-v2,L1,Apéry’s Constant (zeta(3)),6,2
GW151012-v2,L1,Golden Ratio,6,3
GW151012-v2,L1,Plastic Constant,3,4
GW151012-v2,L1,Absolute Zero (K),2,5
GW151012-v2,L1,Reduced Planck Constant (J·s),2,6
GW151012-v2,L1,Planck Length (m),2,7
GW151012-v2,L1,Planck Mass (kg),2,8
GW151012-v2,L1,Neutron Mass (kg),2,9
GW151012-v2,L1,Muon Mass (kg),2,10
GW151012-v2,L1,Planck Time (s),2,11
GW151012-v2,L1,Gravitational Constant (m^3 kg^-1 s^-2),2,12
GW151012-v2,L1,Golden Ratio Conjugate,2,13
GW151012-v2,L1,Fine-Structure Constant,2,14
GW151012-v2,L1,Proton Mass (kg),2,15
GW151012-v2,L1,Planck Charge (C),2,16
GW151012-v2,L1,Planck Constant (J·s),2,17
GW151012-v2,L1,Euler–Mascheroni Constant,2,18
GW151012-v2,L1,Elementary Charge (C),2,19
GW151012-v2,L1,Electron Mass (kg),2,20
GW151012-v2,L1,Critical Density (kg/m^3),2,21
GW151012-v2,L1,Square Root of 2,2,22
GW151012-v2,L1,Boltzmann Constant (J/K),2,23
GW151012-v2,L1,Baryon-to-Photon Ratio,2,24
GW151012-v2,L1,Tau Mass (kg),2,25
GW151012-v2,L1,Square Root of 3,1,26
GW151012-v2,L1,Square Root of 5,1,27
GW151012-v2,L1,Solar Radius (m),0,28
GW151012-v2,L1,Speed of Light (m/s),0,29
GW151012-v2,L1,Planck Temperature (K),0,30
GW151012-v2,L1,Solar Mass (kg),0,31
GW151012-v2,L1,Hubble Constant (km/s/Mpc),0,32
GW151012-v2,L1,Pi,0,33
GW151012-v2,L1,Phi Squared,0,34
GW151012-v2,L1,Parsec (m),0,35
GW151012-v2,L1,Khinchin’s Constant,0,36
GW151012-v2,L1,Gas Constant R (J/(mol·K)),0,37
GW151012-v2,L1,Feigenbaum Delta,0,38
GW151012-v2,L1,Feigenbaum Alpha,0,39
GW151012-v2,L1,Euler’s Number,0,40
GW151012-v2,L1,Earth Radius (m),0,41
GW151012-v2,L1,Earth Mass (kg),0,42
GW151012-v2,L1,Coulomb Constant (N m^2 C^-2),0,43
GW151012-v2,L1,Cosmic Microwave Background Temp (K),0,44
GW151012-v2,L1,Avogadro Constant (1/mol),0,45
GW151012-v2,L1,Astronomical Unit (m),0,46
GW151012-v2,L1,Two Pi,0,47
GW151012-v3,H1,Golden Ratio Conjugate,75,1
GW151012-v3,H1,Catalan’s Constant,70,2
GW151012-v3,H1,Euler–Mascheroni Constant,52,3
GW151012-v3,H1,Golden Ratio,49,4
GW151012-v3,H1,Apéry’s Constant (zeta(3)),33,5
GW151012-v3,H1,Plastic Constant,9,6
GW151012-v3,H1,Absolute Zero (K),6,7
GW151012-v3,H1,Planck Mass (kg),6,8
GW151012-v3,H1,Planck Constant (J·s),6,9
GW151012-v3,H1,Planck Charge (C),6,10
GW151012-v3,H1,Planck Time (s),6,11
GW151012-v3,H1,Neutron Mass (kg),6,12
GW151012-v3,H1,Muon Mass (kg),6,13
GW151012-v3,H1,Gravitational Constant (m^3 kg^-1 s^-2),6,14
GW151012-v3,H1,Fine-Structure Constant,6,15
GW151012-v3,H1,Proton Mass (kg),6,16
GW151012-v3,H1,Reduced Planck Constant (J·s),6,17
GW151012-v3,H1,Elementary Charge (C),6,18
GW151012-v3,H1,Electron Mass (kg),6,19
GW151012-v3,H1,Critical Density (kg/m^3),6,20
GW151012-v3,H1,Square Root of 2,6,21
GW151012-v3,H1,Boltzmann Constant (J/K),6,22
GW151012-v3,H1,Baryon-to-Photon Ratio,6,23
GW151012-v3,H1,Tau Mass (kg),6,24
GW151012-v3,H1,Planck Length (m),6,25
GW151012-v3,H1,Khinchin’s Constant,1,26
GW151012-v3,H1,Phi Squared,1,27
GW151012-v3,H1,Square Root of 5,1,28
GW151012-v3,H1,Solar Mass (kg),0,29
GW151012-v3,H1,Solar Radius (m),0,30
GW151012-v3,H1,Speed of Light (m/s),0,31
GW151012-v3,H1,Square Root of 3,0,32
GW151012-v3,H1,Planck Temperature (K),0,33
GW151012-v3,H1,Hubble Constant (km/s/Mpc),0,34
GW151012-v3,H1,Pi,0,35
GW151012-v3,H1,Parsec (m),0,36
GW151012-v3,H1,Gas Constant R (J/(mol·K)),0,37
GW151012-v3,H1,Feigenbaum Delta,0,38
GW151012-v3,H1,Feigenbaum Alpha,0,39
GW151012-v3,H1,Euler’s Number,0,40
GW151012-v3,H1,Earth Radius (m),0,41
GW151012-v3,H1,Earth Mass (kg),0,42
GW151012-v3,H1,Coulomb Constant (N m^2 C^-2),0,43
GW151012-v3,H1,Cosmic Microwave Background Temp (K),0,44
GW151012-v3,H1,Avogadro Constant (1/mol),0,45
GW151012-v3,H1,Astronomical Unit (m),0,46
GW151012-v3,H1,Two Pi,0,47
GW151012-v3,L1,Catalan’s Constant,45,1
GW151012-v3,L1,Apéry’s Constant (zeta(3)),6,2
GW151012-v3,L1,Golden Ratio,6,3
GW151012-v3,L1,Plastic Constant,3,4
GW151012-v3,L1,Absolute Zero (K),2,5
GW151012-v3,L1,Reduced Planck Constant (J·s),2,6
GW151012-v3,L1,Planck Length (m),2,7
GW151012-v3,L1,Planck Mass (kg),2,8
GW151012-v3,L1,Neutron Mass (kg),2,9
GW151012-v3,L1,Muon Mass (kg),2,10
GW151012-v3,L1,Planck Time (s),2,11
GW151012-v3,L1,Gravitational Constant (m^3 kg^-1 s^-2),2,12
GW151012-v3,L1,Golden Ratio Conjugate,2,13
GW151012-v3,L1,Fine-Structure Constant,2,14
GW151012-v3,L1,Proton Mass (kg),2,15
GW151012-v3,L1,Planck Charge (C),2,16
GW151012-v3,L1,Planck Constant (J·s),2,17
GW151012-v3,L1,Euler–Mascheroni Constant,2,18
GW151012-v3,L1,Elementary Charge (C),2,19
GW151012-v3,L1,Electron Mass (kg),2,20
GW151012-v3,L1,Critical Density (kg/m^3),2,21
GW151012-v3,L1,Square Root of 2,2,22
GW151012-v3,L1,Boltzmann Constant (J/K),2,23
GW151012-v3,L1,Baryon-to-Photon Ratio,2,24
GW151012-v3,L1,Tau Mass (kg),2,25
GW151012-v3,L1,Square Root of 3,1,26
GW151012-v3,L1,Square Root of 5,1,27
GW151012-v3,L1,Solar Radius (m),0,28
GW151012-v3,L1,Speed of Light (m/s),0,29
GW151012-v3,L1,Planck Temperature (K),0,30
GW151012-v3,L1,Solar Mass (kg),0,31
GW151012-v3,L1,Hubble Constant (km/s/Mpc),0,32
GW151012-v3,L1,Pi,0,33
GW151012-v3,L1,Phi Squared,0,34
GW151012-v3,L1,Parsec (m),0,35
GW151012-v3,L1,Khinchin’s Constant,0,36
GW151012-v3,L1,Gas Constant R (J/(mol·K)),0,37
GW151012-v3,L1,Feigenbaum Delta,0,38
GW151012-v3,L1,Feigenbaum Alpha,0,39
GW151012-v3,L1,Euler’s Number,0,40
GW151012-v3,L1,Earth Radius (m),0,41
GW151012-v3,L1,Earth Mass (kg),0,42
GW151012-v3,L1,Coulomb Constant (N m^2 C^-2),0,43
GW151012-v3,L1,Cosmic Microwave Background Temp (K),0,44
GW151012-v3,L1,Avogadro Constant (1/mol),0,45
GW151012-v3,L1,Astronomical Unit (m),0,46
GW151012-v3,L1,Two Pi,0,47
GW151226-v1,H1,Golden Ratio Conjugate,103,1
GW151226-v1,H1,Catalan’s Constant,82,2
GW151226-v1,H1,Apéry’s Constant (zeta(3)),51,3
GW151226-v1,H1,Euler–Mascheroni Constant,45,4
GW151226-v1,H1,Golden Ratio,34,5
GW151226-v1,H1,Plastic Constant,17,6
GW151226-v1,H1,Fine-Structure Constant,14,7
GW151226-v1,H1,Proton Mass (kg),13,8
GW151226-v1,H1,Planck Time (s),13,9
GW151226-v1,H1,Muon Mass (kg),13,10
GW151226-v1,H1,Planck Charge (C),13,11
GW151226-v1,H1,Gravitational Constant (m^3 kg^-1 s^-2),13,12
GW151226-v1,H1,Planck Constant (J·s),13,13
GW151226-v1,H1,Planck Length (m),13,14
GW151226-v1,H1,Planck Mass (kg),13,15
GW151226-v1,H1,Reduced Planck Constant (J·s),13,16
GW151226-v1,H1,Neutron Mass (kg),13,17
GW151226-v1,H1,Absolute Zero (K),13,18
GW151226-v1,H1,Elementary Charge (C),13,19
GW151226-v1,H1,Electron Mass (kg),13,20
GW151226-v1,H1,Tau Mass (kg),13,21
GW151226-v1,H1,Critical Density (kg/m^3),13,22
GW151226-v1,H1,Boltzmann Constant (J/K),13,23
GW151226-v1,H1,Baryon-to-Photon Ratio,13,24
GW151226-v1,H1,Square Root of 2,9,25
GW151226-v1,H1,Square Root of 3,3,26
GW151226-v1,H1,Khinchin’s Constant,1,27
GW151226-v1,H1,Euler’s Number,1,28
GW151226-v1,H1,Cosmic Microwave Background Temp (K),1,29
GW151226-v1,H1,Phi Squared,1,30
GW151226-v1,H1,Pi,1,31
GW151226-v1,H1,Square Root of 5,0,32
GW151226-v1,H1,Solar Radius (m),0,33
GW151226-v1,H1,Speed of Light (m/s),0,34
GW151226-v1,H1,Solar Mass (kg),0,35
GW151226-v1,H1,Hubble Constant (km/s/Mpc),0,36
GW151226-v1,H1,Planck Temperature (K),0,37
GW151226-v1,H1,Parsec (m),0,38
GW151226-v1,H1,Gas Constant R (J/(mol·K)),0,39
GW151226-v1,H1,Feigenbaum Delta,0,40
GW151226-v1,H1,Feigenbaum Alpha,0,41
GW151226-v1,H1,Earth Radius (m),0,42
GW151226-v1,H1,Earth Mass (kg),0,43
GW151226-v1,H1,Coulomb Constant (N m^2 C^-2),0,44
GW151226-v1,H1,Avogadro Constant (1/mol),0,45
GW151226-v1,H1,Astronomical Unit (m),0,46
GW151226-v1,H1,Two Pi,0,47
GW151226-v1,L1,Catalan’s Constant,40,1
GW151226-v1,L1,Apéry’s Constant (zeta(3)),12,2
GW151226-v1,L1,Plastic Constant,6,3
GW151226-v1,L1,Absolute Zero (K),2,4
GW151226-v1,L1,Planck Charge (C),2,5
GW151226-v1,L1,Planck Length (m),2,6
GW151226-v1,L1,Planck Mass (kg),2,7
GW151226-v1,L1,Neutron Mass (kg),2,8
GW151226-v1,L1,Muon Mass (kg),2,9
GW151226-v1,L1,Gravitational Constant (m^3 kg^-1 s^-2),2,10
GW151226-v1,L1,Golden Ratio Conjugate,2,11
GW151226-v1,L1,Planck Time (s),2,12
GW151226-v1,L1,Fine-Structure Constant,2,13
GW151226-v1,L1,Proton Mass (kg),2,14
GW151226-v1,L1,Reduced Planck Constant (J·s),2,15
GW151226-v1,L1,Planck Constant (J·s),2,16
GW151226-v1,L1,Elementary Charge (C),2,17
GW151226-v1,L1,Electron Mass (kg),2,18
GW151226-v1,L1,Critical Density (kg/m^3),2,19
GW151226-v1,L1,Square Root of 2,2,20
GW151226-v1,L1,Square Root of 3,2,21
GW151226-v1,L1,Boltzmann Constant (J/K),2,22
GW151226-v1,L1,Baryon-to-Photon Ratio,2,23
GW151226-v1,L1,Tau Mass (kg),2,24
GW151226-v1,L1,Euler–Mascheroni Constant,1,25
GW151226-v1,L1,Square Root of 5,1,26
GW151226-v1,L1,Solar Radius (m),0,27
GW151226-v1,L1,Speed of Light (m/s),0,28
GW151226-v1,L1,Planck Temperature (K),0,29
GW151226-v1,L1,Solar Mass (kg),0,30
GW151226-v1,L1,Hubble Constant (km/s/Mpc),0,31
GW151226-v1,L1,Pi,0,32
GW151226-v1,L1,Phi Squared,0,33
GW151226-v1,L1,Parsec (m),0,34
GW151226-v1,L1,Khinchin’s Constant,0,35
GW151226-v1,L1,Golden Ratio,0,36
GW151226-v1,L1,Gas Constant R (J/(mol·K)),0,37
GW151226-v1,L1,Feigenbaum Delta,0,38
GW151226-v1,L1,Feigenbaum Alpha,0,39
GW151226-v1,L1,Euler’s Number,0,40
GW151226-v1,L1,Earth Radius (m),0,41
GW151226-v1,L1,Earth Mass (kg),0,42
GW151226-v1,L1,Coulomb Constant (N m^2 C^-2),0,43
GW151226-v1,L1,Cosmic Microwave Background Temp (K),0,44
GW151226-v1,L1,Avogadro Constant (1/mol),0,45
GW151226-v1,L1,Astronomical Unit (m),0,46
GW151226-v1,L1,Two Pi,0,47
GW151226-v2,H1,Golden Ratio Conjugate,103,1
GW151226-v2,H1,Catalan’s Constant,82,2
GW151226-v2,H1,Apéry’s Constant (zeta(3)),51,3
GW151226-v2,H1,Euler–Mascheroni Constant,45,4
GW151226-v2,H1,Golden Ratio,34,5
GW151226-v2,H1,Plastic Constant,17,6
GW151226-v2,H1,Fine-Structure Constant,14,7
GW151226-v2,H1,Proton Mass (kg),13,8
GW151226-v2,H1,Planck Time (s),13,9
GW151226-v2,H1,Muon Mass (kg),13,10
GW151226-v2,H1,Planck Charge (C),13,11
GW151226-v2,H1,Gravitational Constant (m^3 kg^-1 s^-2),13,12
GW151226-v2,H1,Planck Constant (J·s),13,13
GW151226-v2,H1,Planck Length (m),13,14
GW151226-v2,H1,Planck Mass (kg),13,15
GW151226-v2,H1,Reduced Planck Constant (J·s),13,16
GW151226-v2,H1,Neutron Mass (kg),13,17
GW151226-v2,H1,Absolute Zero (K),13,18
GW151226-v2,H1,Elementary Charge (C),13,19
GW151226-v2,H1,Electron Mass (kg),13,20
GW151226-v2,H1,Tau Mass (kg),13,21
GW151226-v2,H1,Critical Density (kg/m^3),13,22
GW151226-v2,H1,Boltzmann Constant (J/K),13,23
GW151226-v2,H1,Baryon-to-Photon Ratio,13,24
GW151226-v2,H1,Square Root of 2,9,25
GW151226-v2,H1,Square Root of 3,3,26
GW151226-v2,H1,Khinchin’s Constant,1,27
GW151226-v2,H1,Euler’s Number,1,28
GW151226-v2,H1,Cosmic Microwave Background Temp (K),1,29
GW151226-v2,H1,Phi Squared,1,30
GW151226-v2,H1,Pi,1,31
GW151226-v2,H1,Square Root of 5,0,32
GW151226-v2,H1,Solar Radius (m),0,33
GW151226-v2,H1,Speed of Light (m/s),0,34
GW151226-v2,H1,Solar Mass (kg),0,35
GW151226-v2,H1,Hubble Constant (km/s/Mpc),0,36
GW151226-v2,H1,Planck Temperature (K),0,37
GW151226-v2,H1,Parsec (m),0,38
GW151226-v2,H1,Gas Constant R (J/(mol·K)),0,39
GW151226-v2,H1,Feigenbaum Delta,0,40
GW151226-v2,H1,Feigenbaum Alpha,0,41
GW151226-v2,H1,Earth Radius (m),0,42
GW151226-v2,H1,Earth Mass (kg),0,43
GW151226-v2,H1,Coulomb Constant (N m^2 C^-2),0,44
GW151226-v2,H1,Avogadro Constant (1/mol),0,45
GW151226-v2,H1,Astronomical Unit (m),0,46
GW151226-v2,H1,Two Pi,0,47
GW151226-v2,L1,Catalan’s Constant,40,1
GW151226-v2,L1,Apéry’s Constant (zeta(3)),12,2
GW151226-v2,L1,Plastic Constant,6,3
GW151226-v2,L1,Absolute Zero (K),2,4
GW151226-v2,L1,Planck Charge (C),2,5
GW151226-v2,L1,Planck Length (m),2,6
GW151226-v2,L1,Planck Mass (kg),2,7
GW151226-v2,L1,Neutron Mass (kg),2,8
GW151226-v2,L1,Muon Mass (kg),2,9
GW151226-v2,L1,Gravitational Constant (m^3 kg^-1 s^-2),2,10
GW151226-v2,L1,Golden Ratio Conjugate,2,11
GW151226-v2,L1,Planck Time (s),2,12
GW151226-v2,L1,Fine-Structure Constant,2,13
GW151226-v2,L1,Proton Mass (kg),2,14
GW151226-v2,L1,Reduced Planck Constant (J·s),2,15
GW151226-v2,L1,Planck Constant (J·s),2,16
GW151226-v2,L1,Elementary Charge (C),2,17
GW151226-v2,L1,Electron Mass (kg),2,18
GW151226-v2,L1,Critical Density (kg/m^3),2,19
GW151226-v2,L1,Square Root of 2,2,20
GW151226-v2,L1,Square Root of 3,2,21
GW151226-v2,L1,Boltzmann Constant (J/K),2,22
GW151226-v2,L1,Baryon-to-Photon Ratio,2,23
GW151226-v2,L1,Tau Mass (kg),2,24
GW151226-v2,L1,Euler–Mascheroni Constant,1,25
GW151226-v2,L1,Square Root of 5,1,26
GW151226-v2,L1,Solar Radius (m),0,27
GW151226-v2,L1,Speed of Light (m/s),0,28
GW151226-v2,L1,Planck Temperature (K),0,29
GW151226-v2,L1,Solar Mass (kg),0,30
GW151226-v2,L1,Hubble Constant (km/s/Mpc),0,31
GW151226-v2,L1,Pi,0,32
GW151226-v2,L1,Phi Squared,0,33
GW151226-v2,L1,Parsec (m),0,34
GW151226-v2,L1,Khinchin’s Constant,0,35
GW151226-v2,L1,Golden Ratio,0,36
GW151226-v2,L1,Gas Constant R (J/(mol·K)),0,37
GW151226-v2,L1,Feigenbaum Delta,0,38
GW151226-v2,L1,Feigenbaum Alpha,0,39
GW151226-v2,L1,Euler’s Number,0,40
GW151226-v2,L1,Earth Radius (m),0,41
GW151226-v2,L1,Earth Mass (kg),0,42
GW151226-v2,L1,Coulomb Constant (N m^2 C^-2),0,43
GW151226-v2,L1,Cosmic Microwave Background Temp (K),0,44
GW151226-v2,L1,Avogadro Constant (1/mol),0,45
GW151226-v2,L1,Astronomical Unit (m),0,46
GW151226-v2,L1,Two Pi,0,47
GW170104-v1,H1,Catalan’s Constant,67,1
GW170104-v1,H1,Apéry’s Constant (zeta(3)),24,2
GW170104-v1,H1,Golden Ratio Conjugate,9,3
GW170104-v1,H1,Euler–Mascheroni Constant,9,4
GW170104-v1,H1,Absolute Zero (K),8,5
GW170104-v1,H1,Planck Constant (J·s),8,6
GW170104-v1,H1,Planck Length (m),8,7
GW170104-v1,H1,Planck Mass (kg),8,8
GW170104-v1,H1,Neutron Mass (kg),8,9
GW170104-v1,H1,Muon Mass (kg),8,10
GW170104-v1,H1,Planck Time (s),8,11
GW170104-v1,H1,Gravitational Constant (m^3 kg^-1 s^-2),8,12
GW170104-v1,H1,Fine-Structure Constant,8,13
GW170104-v1,H1,Proton Mass (kg),8,14
GW170104-v1,H1,Reduced Planck Constant (J·s),8,15
GW170104-v1,H1,Planck Charge (C),8,16
GW170104-v1,H1,Elementary Charge (C),8,17
GW170104-v1,H1,Electron Mass (kg),8,18
GW170104-v1,H1,Critical Density (kg/m^3),8,19
GW170104-v1,H1,Boltzmann Constant (J/K),8,20
GW170104-v1,H1,Baryon-to-Photon Ratio,8,21
GW170104-v1,H1,Tau Mass (kg),8,22
GW170104-v1,H1,Plastic Constant,6,23
GW170104-v1,H1,Golden Ratio,6,24
GW170104-v1,H1,Square Root of 2,3,25
GW170104-v1,H1,Square Root of 3,2,26
GW170104-v1,H1,Solar Radius (m),0,27
GW170104-v1,H1,Speed of Light (m/s),0,28
GW170104-v1,H1,Planck Temperature (K),0,29
GW170104-v1,H1,Square Root of 5,0,30
GW170104-v1,H1,Solar Mass (kg),0,31
GW170104-v1,H1,Hubble Constant (km/s/Mpc),0,32
GW170104-v1,H1,Pi,0,33
GW170104-v1,H1,Phi Squared,0,34
GW170104-v1,H1,Parsec (m),0,35
GW170104-v1,H1,Khinchin’s Constant,0,36
GW170104-v1,H1,Gas Constant R (J/(mol·K)),0,37
GW170104-v1,H1,Feigenbaum Delta,0,38
GW170104-v1,H1,Feigenbaum Alpha,0,39
GW170104-v1,H1,Euler’s Number,0,40
GW170104-v1,H1,Earth Radius (m),0,41
GW170104-v1,H1,Earth Mass (kg),0,42
GW170104-v1,H1,Coulomb Constant (N m^2 C^-2),0,43
GW170104-v1,H1,Cosmic Microwave Background Temp (K),0,44
GW170104-v1,H1,Avogadro Constant (1/mol),0,45
GW170104-v1,H1,Astronomical Unit (m),0,46
GW170104-v1,H1,Two Pi,0,47
GW170104-v1,L1,Golden Ratio Conjugate,24,1
GW170104-v1,L1,Euler–Mascheroni Constant,24,2
GW170104-v1,L1,Golden Ratio,22,3
GW170104-v1,L1,Apéry’s Constant (zeta(3)),8,4
GW170104-v1,L1,Plastic Constant,2,5
GW170104-v1,L1,Absolute Zero (K),0,6
GW170104-v1,L1,Planck Temperature (K),0,7
GW170104-v1,L1,Phi Squared,0,8
GW170104-v1,L1,Pi,0,9
GW170104-v1,L1,Planck Charge (C),0,10
GW170104-v1,L1,Planck Constant (J·s),0,11
GW170104-v1,L1,Planck Length (m),0,12
GW170104-v1,L1,Planck Mass (kg),0,13
GW170104-v1,L1,Planck Time (s),0,14
GW170104-v1,L1,Neutron Mass (kg),0,15
GW170104-v1,L1,Proton Mass (kg),0,16
GW170104-v1,L1,Reduced Planck Constant (J·s),0,17
GW170104-v1,L1,Solar Mass (kg),0,18
GW170104-v1,L1,Solar Radius (m),0,19
GW170104-v1,L1,Speed of Light (m/s),0,20
GW170104-v1,L1,Square Root of 2,0,21
GW170104-v1,L1,Square Root of 3,0,22
GW170104-v1,L1,Square Root of 5,0,23
GW170104-v1,L1,Tau Mass (kg),0,24
GW170104-v1,L1,Parsec (m),0,25
GW170104-v1,L1,Hubble Constant (km/s/Mpc),0,26
GW170104-v1,L1,Muon Mass (kg),0,27
GW170104-v1,L1,Earth Mass (kg),0,28
GW170104-v1,L1,Astronomical Unit (m),0,29
GW170104-v1,L1,Avogadro Constant (1/mol),0,30
GW170104-v1,L1,Baryon-to-Photon Ratio,0,31
GW170104-v1,L1,Boltzmann Constant (J/K),0,32
GW170104-v1,L1,Catalan’s Constant,0,33
GW170104-v1,L1,Cosmic Microwave Background Temp (K),0,34
GW170104-v1,L1,Coulomb Constant (N m^2 C^-2),0,35
GW170104-v1,L1,Critical Density (kg/m^3),0,36
GW170104-v1,L1,Earth Radius (m),0,37
GW170104-v1,L1,Khinchin’s Constant,0,38
GW170104-v1,L1,Electron Mass (kg),0,39
GW170104-v1,L1,Elementary Charge (C),0,40
GW170104-v1,L1,Euler’s Number,0,41
GW170104-v1,L1,Feigenbaum Alpha,0,42
GW170104-v1,L1,Feigenbaum Delta,0,43
GW170104-v1,L1,Fine-Structure Constant,0,44
GW170104-v1,L1,Gas Constant R (J/(mol·K)),0,45
GW170104-v1,L1,Gravitational Constant (m^3 kg^-1 s^-2),0,46
GW170104-v1,L1,Two Pi,0,47
GW170104-v2,H1,Catalan’s Constant,67,1
GW170104-v2,H1,Apéry’s Constant (zeta(3)),24,2
GW170104-v2,H1,Golden Ratio Conjugate,9,3
GW170104-v2,H1,Euler–Mascheroni Constant,9,4
GW170104-v2,H1,Absolute Zero (K),8,5
GW170104-v2,H1,Planck Constant (J·s),8,6
GW170104-v2,H1,Planck Length (m),8,7
GW170104-v2,H1,Planck Mass (kg),8,8
GW170104-v2,H1,Neutron Mass (kg),8,9
GW170104-v2,H1,Muon Mass (kg),8,10
GW170104-v2,H1,Planck Time (s),8,11
GW170104-v2,H1,Gravitational Constant (m^3 kg^-1 s^-2),8,12
GW170104-v2,H1,Fine-Structure Constant,8,13
GW170104-v2,H1,Proton Mass (kg),8,14
GW170104-v2,H1,Reduced Planck Constant (J·s),8,15
GW170104-v2,H1,Planck Charge (C),8,16
GW170104-v2,H1,Elementary Charge (C),8,17
GW170104-v2,H1,Electron Mass (kg),8,18
GW170104-v2,H1,Critical Density (kg/m^3),8,19
GW170104-v2,H1,Boltzmann Constant (J/K),8,20
GW170104-v2,H1,Baryon-to-Photon Ratio,8,21
GW170104-v2,H1,Tau Mass (kg),8,22
GW170104-v2,H1,Plastic Constant,6,23
GW170104-v2,H1,Golden Ratio,6,24
GW170104-v2,H1,Square Root of 2,3,25
GW170104-v2,H1,Square Root of 3,2,26
GW170104-v2,H1,Solar Radius (m),0,27
GW170104-v2,H1,Speed of Light (m/s),0,28
GW170104-v2,H1,Planck Temperature (K),0,29
GW170104-v2,H1,Square Root of 5,0,30
GW170104-v2,H1,Solar Mass (kg),0,31
GW170104-v2,H1,Hubble Constant (km/s/Mpc),0,32
GW170104-v2,H1,Pi,0,33
GW170104-v2,H1,Phi Squared,0,34
GW170104-v2,H1,Parsec (m),0,35
GW170104-v2,H1,Khinchin’s Constant,0,36
GW170104-v2,H1,Gas Constant R (J/(mol·K)),0,37
GW170104-v2,H1,Feigenbaum Delta,0,38
GW170104-v2,H1,Feigenbaum Alpha,0,39
GW170104-v2,H1,Euler’s Number,0,40
GW170104-v2,H1,Earth Radius (m),0,41
GW170104-v2,H1,Earth Mass (kg),0,42
GW170104-v2,H1,Coulomb Constant (N m^2 C^-2),0,43
GW170104-v2,H1,Cosmic Microwave Background Temp (K),0,44
GW170104-v2,H1,Avogadro Constant (1/mol),0,45
GW170104-v2,H1,Astronomical Unit (m),0,46
GW170104-v2,H1,Two Pi,0,47
GW170104-v2,L1,Golden Ratio Conjugate,24,1
GW170104-v2,L1,Euler–Mascheroni Constant,24,2
GW170104-v2,L1,Golden Ratio,22,3
GW170104-v2,L1,Apéry’s Constant (zeta(3)),8,4
GW170104-v2,L1,Plastic Constant,2,5
GW170104-v2,L1,Absolute Zero (K),0,6
GW170104-v2,L1,Planck Temperature (K),0,7
GW170104-v2,L1,Phi Squared,0,8
GW170104-v2,L1,Pi,0,9
GW170104-v2,L1,Planck Charge (C),0,10
GW170104-v2,L1,Planck Constant (J·s),0,11
GW170104-v2,L1,Planck Length (m),0,12
GW170104-v2,L1,Planck Mass (kg),0,13
GW170104-v2,L1,Planck Time (s),0,14
GW170104-v2,L1,Neutron Mass (kg),0,15
GW170104-v2,L1,Proton Mass (kg),0,16
GW170104-v2,L1,Reduced Planck Constant (J·s),0,17
GW170104-v2,L1,Solar Mass (kg),0,18
GW170104-v2,L1,Solar Radius (m),0,19
GW170104-v2,L1,Speed of Light (m/s),0,20
GW170104-v2,L1,Square Root of 2,0,21
GW170104-v2,L1,Square Root of 3,0,22
GW170104-v2,L1,Square Root of 5,0,23
GW170104-v2,L1,Tau Mass (kg),0,24
GW170104-v2,L1,Parsec (m),0,25
GW170104-v2,L1,Hubble Constant (km/s/Mpc),0,26
GW170104-v2,L1,Muon Mass (kg),0,27
GW170104-v2,L1,Earth Mass (kg),0,28
GW170104-v2,L1,Astronomical Unit (m),0,29
GW170104-v2,L1,Avogadro Constant (1/mol),0,30
GW170104-v2,L1,Baryon-to-Photon Ratio,0,31
GW170104-v2,L1,Boltzmann Constant (J/K),0,32
GW170104-v2,L1,Catalan’s Constant,0,33
GW170104-v2,L1,Cosmic Microwave Background Temp (K),0,34
GW170104-v2,L1,Coulomb Constant (N m^2 C^-2),0,35
GW170104-v2,L1,Critical Density (kg/m^3),0,36
GW170104-v2,L1,Earth Radius (m),0,37
GW170104-v2,L1,Khinchin’s Constant,0,38
GW170104-v2,L1,Electron Mass (kg),0,39
GW170104-v2,L1,Elementary Charge (C),0,40
GW170104-v2,L1,Euler’s Number,0,41
GW170104-v2,L1,Feigenbaum Alpha,0,42
GW170104-v2,L1,Feigenbaum Delta,0,43
GW170104-v2,L1,Fine-Structure Constant,0,44
GW170104-v2,L1,Gas Constant R (J/(mol·K)),0,45
GW170104-v2,L1,Gravitational Constant (m^3 kg^-1 s^-2),0,46
GW170104-v2,L1,Two Pi,0,47
GW170608-v1,H1,Catalan’s Constant,69,1
GW170608-v1,H1,Golden Ratio Conjugate,47,2
GW170608-v1,H1,Apéry’s Constant (zeta(3)),46,3
GW170608-v1,H1,Euler–Mascheroni Constant,41,4
GW170608-v1,H1,Golden Ratio,38,5
GW170608-v1,H1,Absolute Zero (K),14,6
GW170608-v1,H1,Reduced Planck Constant (J·s),14,7
GW170608-v1,H1,Planck Length (m),14,8
GW170608-v1,H1,Planck Constant (J·s),14,9
GW170608-v1,H1,Planck Charge (C),14,10
GW170608-v1,H1,Planck Time (s),14,11
GW170608-v1,H1,Neutron Mass (kg),14,12
GW170608-v1,H1,Muon Mass (kg),14,13
GW170608-v1,H1,Proton Mass (kg),14,14
GW170608-v1,H1,Gravitational Constant (m^3 kg^-1 s^-2),14,15
GW170608-v1,H1,Planck Mass (kg),14,16
GW170608-v1,H1,Tau Mass (kg),14,17
GW170608-v1,H1,Elementary Charge (C),14,18
GW170608-v1,H1,Electron Mass (kg),14,19
GW170608-v1,H1,Baryon-to-Photon Ratio,14,20
GW170608-v1,H1,Boltzmann Constant (J/K),14,21
GW170608-v1,H1,Critical Density (kg/m^3),14,22
GW170608-v1,H1,Fine-Structure Constant,13,23
GW170608-v1,H1,Plastic Constant,7,24
GW170608-v1,H1,Square Root of 2,2,25
GW170608-v1,H1,Feigenbaum Delta,2,26
GW170608-v1,H1,Square Root of 3,1,27
GW170608-v1,H1,Pi,1,28
GW170608-v1,H1,Square Root of 5,1,29
GW170608-v1,H1,Feigenbaum Alpha,1,30
GW170608-v1,H1,Planck Temperature (K),0,31
GW170608-v1,H1,Speed of Light (m/s),0,32
GW170608-v1,H1,Solar Radius (m),0,33
GW170608-v1,H1,Solar Mass (kg),0,34
GW170608-v1,H1,Hubble Constant (km/s/Mpc),0,35
GW170608-v1,H1,Phi Squared,0,36
GW170608-v1,H1,Parsec (m),0,37
GW170608-v1,H1,Khinchin’s Constant,0,38
GW170608-v1,H1,Gas Constant R (J/(mol·K)),0,39
GW170608-v1,H1,Euler’s Number,0,40
GW170608-v1,H1,Earth Radius (m),0,41
GW170608-v1,H1,Earth Mass (kg),0,42
GW170608-v1,H1,Coulomb Constant (N m^2 C^-2),0,43
GW170608-v1,H1,Cosmic Microwave Background Temp (K),0,44
GW170608-v1,H1,Avogadro Constant (1/mol),0,45
GW170608-v1,H1,Astronomical Unit (m),0,46
GW170608-v1,H1,Two Pi,0,47
GW170608-v1,L1,Golden Ratio Conjugate,44,1
GW170608-v1,L1,Catalan’s Constant,42,2
GW170608-v1,L1,Euler–Mascheroni Constant,17,3
GW170608-v1,L1,Golden Ratio,14,4
GW170608-v1,L1,Plastic Constant,9,5
GW170608-v1,L1,Apéry’s Constant (zeta(3)),8,6
GW170608-v1,L1,Phi Squared,7,7
GW170608-v1,L1,Khinchin’s Constant,7,8
GW170608-v1,L1,Absolute Zero (K),4,9
GW170608-v1,L1,Proton Mass (kg),4,10
GW170608-v1,L1,Planck Constant (J·s),4,11
GW170608-v1,L1,Planck Charge (C),4,12
GW170608-v1,L1,Planck Time (s),4,13
GW170608-v1,L1,Neutron Mass (kg),4,14
GW170608-v1,L1,Muon Mass (kg),4,15
GW170608-v1,L1,Gravitational Constant (m^3 kg^-1 s^-2),4,16
GW170608-v1,L1,Reduced Planck Constant (J·s),4,17
GW170608-v1,L1,Planck Mass (kg),4,18
GW170608-v1,L1,Elementary Charge (C),4,19
GW170608-v1,L1,Electron Mass (kg),4,20
GW170608-v1,L1,Critical Density (kg/m^3),4,21
GW170608-v1,L1,Boltzmann Constant (J/K),4,22
GW170608-v1,L1,Baryon-to-Photon Ratio,4,23
GW170608-v1,L1,Tau Mass (kg),4,24
GW170608-v1,L1,Planck Length (m),4,25
GW170608-v1,L1,Fine-Structure Constant,3,26
GW170608-v1,L1,Square Root of 2,1,27
GW170608-v1,L1,Square Root of 3,1,28
GW170608-v1,L1,Solar Mass (kg),0,29
GW170608-v1,L1,Solar Radius (m),0,30
GW170608-v1,L1,Speed of Light (m/s),0,31
GW170608-v1,L1,Planck Temperature (K),0,32
GW170608-v1,L1,Square Root of 5,0,33
GW170608-v1,L1,Hubble Constant (km/s/Mpc),0,34
GW170608-v1,L1,Pi,0,35
GW170608-v1,L1,Parsec (m),0,36
GW170608-v1,L1,Gas Constant R (J/(mol·K)),0,37
GW170608-v1,L1,Feigenbaum Delta,0,38
GW170608-v1,L1,Feigenbaum Alpha,0,39
GW170608-v1,L1,Euler’s Number,0,40
GW170608-v1,L1,Earth Radius (m),0,41
GW170608-v1,L1,Earth Mass (kg),0,42
GW170608-v1,L1,Coulomb Constant (N m^2 C^-2),0,43
GW170608-v1,L1,Cosmic Microwave Background Temp (K),0,44
GW170608-v1,L1,Avogadro Constant (1/mol),0,45
GW170608-v1,L1,Astronomical Unit (m),0,46
GW170608-v1,L1,Two Pi,0,47
GW170608-v2,H1,Catalan’s Constant,69,1
GW170608-v2,H1,Golden Ratio Conjugate,47,2
GW170608-v2,H1,Apéry’s Constant (zeta(3)),46,3
GW170608-v2,H1,Euler–Mascheroni Constant,41,4
GW170608-v2,H1,Golden Ratio,38,5
GW170608-v2,H1,Absolute Zero (K),14,6
GW170608-v2,H1,Reduced Planck Constant (J·s),14,7
GW170608-v2,H1,Planck Length (m),14,8
GW170608-v2,H1,Planck Constant (J·s),14,9
GW170608-v2,H1,Planck Charge (C),14,10
GW170608-v2,H1,Planck Time (s),14,11
GW170608-v2,H1,Neutron Mass (kg),14,12
GW170608-v2,H1,Muon Mass (kg),14,13
GW170608-v2,H1,Proton Mass (kg),14,14
GW170608-v2,H1,Gravitational Constant (m^3 kg^-1 s^-2),14,15
GW170608-v2,H1,Planck Mass (kg),14,16
GW170608-v2,H1,Tau Mass (kg),14,17
GW170608-v2,H1,Elementary Charge (C),14,18
GW170608-v2,H1,Electron Mass (kg),14,19
GW170608-v2,H1,Baryon-to-Photon Ratio,14,20
GW170608-v2,H1,Boltzmann Constant (J/K),14,21
GW170608-v2,H1,Critical Density (kg/m^3),14,22
GW170608-v2,H1,Fine-Structure Constant,13,23
GW170608-v2,H1,Plastic Constant,7,24
GW170608-v2,H1,Square Root of 2,2,25
GW170608-v2,H1,Feigenbaum Delta,2,26
GW170608-v2,H1,Square Root of 3,1,27
GW170608-v2,H1,Pi,1,28
GW170608-v2,H1,Square Root of 5,1,29
GW170608-v2,H1,Feigenbaum Alpha,1,30
GW170608-v2,H1,Planck Temperature (K),0,31
GW170608-v2,H1,Speed of Light (m/s),0,32
GW170608-v2,H1,Solar Radius (m),0,33
GW170608-v2,H1,Solar Mass (kg),0,34
GW170608-v2,H1,Hubble Constant (km/s/Mpc),0,35
GW170608-v2,H1,Phi Squared,0,36
GW170608-v2,H1,Parsec (m),0,37
GW170608-v2,H1,Khinchin’s Constant,0,38
GW170608-v2,H1,Gas Constant R (J/(mol·K)),0,39
GW170608-v2,H1,Euler’s Number,0,40
GW170608-v2,H1,Earth Radius (m),0,41
GW170608-v2,H1,Earth Mass (kg),0,42
GW170608-v2,H1,Coulomb Constant (N m^2 C^-2),0,43
GW170608-v2,H1,Cosmic Microwave Background Temp (K),0,44
GW170608-v2,H1,Avogadro Constant (1/mol),0,45
GW170608-v2,H1,Astronomical Unit (m),0,46
GW170608-v2,H1,Two Pi,0,47
GW170608-v2,L1,Golden Ratio Conjugate,44,1
GW170608-v2,L1,Catalan’s Constant,42,2
GW170608-v2,L1,Euler–Mascheroni Constant,17,3
GW170608-v2,L1,Golden Ratio,14,4
GW170608-v2,L1,Plastic Constant,9,5
GW170608-v2,L1,Apéry’s Constant (zeta(3)),8,6
GW170608-v2,L1,Phi Squared,7,7
GW170608-v2,L1,Khinchin’s Constant,7,8
GW170608-v2,L1,Absolute Zero (K),4,9
GW170608-v2,L1,Proton Mass (kg),4,10
GW170608-v2,L1,Planck Constant (J·s),4,11
GW170608-v2,L1,Planck Charge (C),4,12
GW170608-v2,L1,Planck Time (s),4,13
GW170608-v2,L1,Neutron Mass (kg),4,14
GW170608-v2,L1,Muon Mass (kg),4,15
GW170608-v2,L1,Gravitational Constant (m^3 kg^-1 s^-2),4,16
GW170608-v2,L1,Reduced Planck Constant (J·s),4,17
GW170608-v2,L1,Planck Mass (kg),4,18
GW170608-v2,L1,Elementary Charge (C),4,19
GW170608-v2,L1,Electron Mass (kg),4,20
GW170608-v2,L1,Critical Density (kg/m^3),4,21
GW170608-v2,L1,Boltzmann Constant (J/K),4,22
GW170608-v2,L1,Baryon-to-Photon Ratio,4,23
GW170608-v2,L1,Tau Mass (kg),4,24
GW170608-v2,L1,Planck Length (m),4,25
GW170608-v2,L1,Fine-Structure Constant,3,26
GW170608-v2,L1,Square Root of 2,1,27
GW170608-v2,L1,Square Root of 3,1,28
GW170608-v2,L1,Solar Mass (kg),0,29
GW170608-v2,L1,Solar Radius (m),0,30
GW170608-v2,L1,Speed of Light (m/s),0,31
GW170608-v2,L1,Planck Temperature (K),0,32
GW170608-v2,L1,Square Root of 5,0,33
GW170608-v2,L1,Hubble Constant (km/s/Mpc),0,34
GW170608-v2,L1,Pi,0,35
GW170608-v2,L1,Parsec (m),0,36
GW170608-v2,L1,Gas Constant R (J/(mol·K)),0,37
GW170608-v2,L1,Feigenbaum Delta,0,38
GW170608-v2,L1,Feigenbaum Alpha,0,39
GW170608-v2,L1,Euler’s Number,0,40
GW170608-v2,L1,Earth Radius (m),0,41
GW170608-v2,L1,Earth Mass (kg),0,42
GW170608-v2,L1,Coulomb Constant (N m^2 C^-2),0,43
GW170608-v2,L1,Cosmic Microwave Background Temp (K),0,44
GW170608-v2,L1,Avogadro Constant (1/mol),0,45
GW170608-v2,L1,Astronomical Unit (m),0,46
GW170608-v2,L1,Two Pi,0,47
GW170608-v3,H1,Catalan’s Constant,69,1
GW170608-v3,H1,Golden Ratio Conjugate,47,2
GW170608-v3,H1,Apéry’s Constant (zeta(3)),46,3
GW170608-v3,H1,Euler–Mascheroni Constant,41,4
GW170608-v3,H1,Golden Ratio,38,5
GW170608-v3,H1,Absolute Zero (K),14,6
GW170608-v3,H1,Reduced Planck Constant (J·s),14,7
GW170608-v3,H1,Planck Length (m),14,8
GW170608-v3,H1,Planck Constant (J·s),14,9
GW170608-v3,H1,Planck Charge (C),14,10
GW170608-v3,H1,Planck Time (s),14,11
GW170608-v3,H1,Neutron Mass (kg),14,12
GW170608-v3,H1,Muon Mass (kg),14,13
GW170608-v3,H1,Proton Mass (kg),14,14
GW170608-v3,H1,Gravitational Constant (m^3 kg^-1 s^-2),14,15
GW170608-v3,H1,Planck Mass (kg),14,16
GW170608-v3,H1,Tau Mass (kg),14,17
GW170608-v3,H1,Elementary Charge (C),14,18
GW170608-v3,H1,Electron Mass (kg),14,19
GW170608-v3,H1,Baryon-to-Photon Ratio,14,20
GW170608-v3,H1,Boltzmann Constant (J/K),14,21
GW170608-v3,H1,Critical Density (kg/m^3),14,22
GW170608-v3,H1,Fine-Structure Constant,13,23
GW170608-v3,H1,Plastic Constant,7,24
GW170608-v3,H1,Square Root of 2,2,25
GW170608-v3,H1,Feigenbaum Delta,2,26
GW170608-v3,H1,Square Root of 3,1,27
GW170608-v3,H1,Pi,1,28
GW170608-v3,H1,Square Root of 5,1,29
GW170608-v3,H1,Feigenbaum Alpha,1,30
GW170608-v3,H1,Planck Temperature (K),0,31
GW170608-v3,H1,Speed of Light (m/s),0,32
GW170608-v3,H1,Solar Radius (m),0,33
GW170608-v3,H1,Solar Mass (kg),0,34
GW170608-v3,H1,Hubble Constant (km/s/Mpc),0,35
GW170608-v3,H1,Phi Squared,0,36
GW170608-v3,H1,Parsec (m),0,37
GW170608-v3,H1,Khinchin’s Constant,0,38
GW170608-v3,H1,Gas Constant R (J/(mol·K)),0,39
GW170608-v3,H1,Euler’s Number,0,40
GW170608-v3,H1,Earth Radius (m),0,41
GW170608-v3,H1,Earth Mass (kg),0,42
GW170608-v3,H1,Coulomb Constant (N m^2 C^-2),0,43
GW170608-v3,H1,Cosmic Microwave Background Temp (K),0,44
GW170608-v3,H1,Avogadro Constant (1/mol),0,45
GW170608-v3,H1,Astronomical Unit (m),0,46
GW170608-v3,H1,Two Pi,0,47
GW170608-v3,L1,Golden Ratio Conjugate,44,1
GW170608-v3,L1,Catalan’s Constant,42,2
GW170608-v3,L1,Euler–Mascheroni Constant,17,3
GW170608-v3,L1,Golden Ratio,14,4
GW170608-v3,L1,Plastic Constant,9,5
GW170608-v3,L1,Apéry’s Constant (zeta(3)),8,6
GW170608-v3,L1,Phi Squared,7,7
GW170608-v3,L1,Khinchin’s Constant,7,8
GW170608-v3,L1,Absolute Zero (K),4,9
GW170608-v3,L1,Proton Mass (kg),4,10
GW170608-v3,L1,Planck Constant (J·s),4,11
GW170608-v3,L1,Planck Charge (C),4,12
GW170608-v3,L1,Planck Time (s),4,13
GW170608-v3,L1,Neutron Mass (kg),4,14
GW170608-v3,L1,Muon Mass (kg),4,15
GW170608-v3,L1,Gravitational Constant (m^3 kg^-1 s^-2),4,16
GW170608-v3,L1,Reduced Planck Constant (J·s),4,17
GW170608-v3,L1,Planck Mass (kg),4,18
GW170608-v3,L1,Elementary Charge (C),4,19
GW170608-v3,L1,Electron Mass (kg),4,20
GW170608-v3,L1,Critical Density (kg/m^3),4,21
GW170608-v3,L1,Boltzmann Constant (J/K),4,22
GW170608-v3,L1,Baryon-to-Photon Ratio,4,23
GW170608-v3,L1,Tau Mass (kg),4,24
GW170608-v3,L1,Planck Length (m),4,25
GW170608-v3,L1,Fine-Structure Constant,3,26
GW170608-v3,L1,Square Root of 2,1,27
GW170608-v3,L1,Square Root of 3,1,28
GW170608-v3,L1,Solar Mass (kg),0,29
GW170608-v3,L1,Solar Radius (m),0,30
GW170608-v3,L1,Speed of Light (m/s),0,31
GW170608-v3,L1,Planck Temperature (K),0,32
GW170608-v3,L1,Square Root of 5,0,33
GW170608-v3,L1,Hubble Constant (km/s/Mpc),0,34
GW170608-v3,L1,Pi,0,35
GW170608-v3,L1,Parsec (m),0,36
GW170608-v3,L1,Gas Constant R (J/(mol·K)),0,37
GW170608-v3,L1,Feigenbaum Delta,0,38
GW170608-v3,L1,Feigenbaum Alpha,0,39
GW170608-v3,L1,Euler’s Number,0,40
GW170608-v3,L1,Earth Radius (m),0,41
GW170608-v3,L1,Earth Mass (kg),0,42
GW170608-v3,L1,Coulomb Constant (N m^2 C^-2),0,43
GW170608-v3,L1,Cosmic Microwave Background Temp (K),0,44
GW170608-v3,L1,Avogadro Constant (1/mol),0,45
GW170608-v3,L1,Astronomical Unit (m),0,46
GW170608-v3,L1,Two Pi,0,47
GW170729-v1,H1,Golden Ratio Conjugate,121,1
GW170729-v1,H1,Catalan’s Constant,86,2
GW170729-v1,H1,Apéry’s Constant (zeta(3)),61,3
GW170729-v1,H1,Euler–Mascheroni Constant,50,4
GW170729-v1,H1,Golden Ratio,39,5
GW170729-v1,H1,Plastic Constant,18,6
GW170729-v1,H1,Planck Charge (C),14,7
GW170729-v1,H1,Neutron Mass (kg),14,8
GW170729-v1,H1,Muon Mass (kg),14,9
GW170729-v1,H1,Gravitational Constant (m^3 kg^-1 s^-2),14,10
GW170729-v1,H1,Planck Length (m),14,11
GW170729-v1,H1,Fine-Structure Constant,14,12
GW170729-v1,H1,Planck Mass (kg),14,13
GW170729-v1,H1,Planck Time (s),14,14
GW170729-v1,H1,Absolute Zero (K),14,15
GW170729-v1,H1,Elementary Charge (C),14,16
GW170729-v1,H1,Electron Mass (kg),14,17
GW170729-v1,H1,Proton Mass (kg),14,18
GW170729-v1,H1,Reduced Planck Constant (J·s),14,19
GW170729-v1,H1,Critical Density (kg/m^3),14,20
GW170729-v1,H1,Boltzmann Constant (J/K),14,21
GW170729-v1,H1,Baryon-to-Photon Ratio,14,22
GW170729-v1,H1,Tau Mass (kg),14,23
GW170729-v1,H1,Planck Constant (J·s),14,24
GW170729-v1,H1,Square Root of 2,8,25
GW170729-v1,H1,Square Root of 3,4,26
GW170729-v1,H1,Khinchin’s Constant,2,27
GW170729-v1,H1,Square Root of 5,1,28
GW170729-v1,H1,Two Pi,1,29
GW170729-v1,H1,Cosmic Microwave Background Temp (K),1,30
GW170729-v1,H1,Feigenbaum Alpha,1,31
GW170729-v1,H1,Euler’s Number,1,32
GW170729-v1,H1,Phi Squared,1,33
GW170729-v1,H1,Pi,0,34
GW170729-v1,H1,Solar Radius (m),0,35
GW170729-v1,H1,Astronomical Unit (m),0,36
GW170729-v1,H1,Avogadro Constant (1/mol),0,37
GW170729-v1,H1,Coulomb Constant (N m^2 C^-2),0,38
GW170729-v1,H1,Speed of Light (m/s),0,39
GW170729-v1,H1,Earth Mass (kg),0,40
GW170729-v1,H1,Solar Mass (kg),0,41
GW170729-v1,H1,Earth Radius (m),0,42
GW170729-v1,H1,Planck Temperature (K),0,43
GW170729-v1,H1,Feigenbaum Delta,0,44
GW170729-v1,H1,Gas Constant R (J/(mol·K)),0,45
GW170729-v1,H1,Parsec (m),0,46
GW170729-v1,H1,Hubble Constant (km/s/Mpc),0,47
GW170729-v1,L1,Catalan’s Constant,125,1
GW170729-v1,L1,Golden Ratio Conjugate,88,2
GW170729-v1,L1,Apéry’s Constant (zeta(3)),30,3
GW170729-v1,L1,Plastic Constant,8,4
GW170729-v1,L1,Euler–Mascheroni Constant,8,5
GW170729-v1,L1,Absolute Zero (K),7,6
GW170729-v1,L1,Reduced Planck Constant (J·s),7,7
GW170729-v1,L1,Planck Length (m),7,8
GW170729-v1,L1,Planck Constant (J·s),7,9
GW170729-v1,L1,Planck Charge (C),7,10
GW170729-v1,L1,Neutron Mass (kg),7,11
GW170729-v1,L1,Muon Mass (kg),7,12
GW170729-v1,L1,Gravitational Constant (m^3 kg^-1 s^-2),7,13
GW170729-v1,L1,Proton Mass (kg),7,14
GW170729-v1,L1,Fine-Structure Constant,7,15
GW170729-v1,L1,Planck Time (s),7,16
GW170729-v1,L1,Planck Mass (kg),7,17
GW170729-v1,L1,Baryon-to-Photon Ratio,7,18
GW170729-v1,L1,Electron Mass (kg),7,19
GW170729-v1,L1,Tau Mass (kg),7,20
GW170729-v1,L1,Critical Density (kg/m^3),7,21
GW170729-v1,L1,Elementary Charge (C),7,22
GW170729-v1,L1,Boltzmann Constant (J/K),7,23
GW170729-v1,L1,Square Root of 2,6,24
GW170729-v1,L1,Golden Ratio,4,25
GW170729-v1,L1,Khinchin’s Constant,2,26
GW170729-v1,L1,Square Root of 3,2,27
GW170729-v1,L1,Phi Squared,2,28
GW170729-v1,L1,Square Root of 5,1,29
GW170729-v1,L1,Feigenbaum Delta,1,30
GW170729-v1,L1,Pi,1,31
GW170729-v1,L1,Speed of Light (m/s),0,32
GW170729-v1,L1,Solar Radius (m),0,33
GW170729-v1,L1,Solar Mass (kg),0,34
GW170729-v1,L1,Hubble Constant (km/s/Mpc),0,35
GW170729-v1,L1,Planck Temperature (K),0,36
GW170729-v1,L1,Parsec (m),0,37
GW170729-v1,L1,Gas Constant R (J/(mol·K)),0,38
GW170729-v1,L1,Feigenbaum Alpha,0,39
GW170729-v1,L1,Euler’s Number,0,40
GW170729-v1,L1,Earth Radius (m),0,41
GW170729-v1,L1,Earth Mass (kg),0,42
GW170729-v1,L1,Coulomb Constant (N m^2 C^-2),0,43
GW170729-v1,L1,Cosmic Microwave Background Temp (K),0,44
GW170729-v1,L1,Avogadro Constant (1/mol),0,45
GW170729-v1,L1,Astronomical Unit (m),0,46
GW170729-v1,L1,Two Pi,0,47
GW170809-v1,H1,Catalan’s Constant,59,1
GW170809-v1,H1,Apéry’s Constant (zeta(3)),38,2
GW170809-v1,H1,Euler–Mascheroni Constant,8,3
GW170809-v1,H1,Golden Ratio,8,4
GW170809-v1,H1,Absolute Zero (K),7,5
GW170809-v1,H1,Planck Charge (C),7,6
GW170809-v1,H1,Planck Mass (kg),7,7
GW170809-v1,H1,Planck Time (s),7,8
GW170809-v1,H1,Neutron Mass (kg),7,9
GW170809-v1,H1,Muon Mass (kg),7,10
GW170809-v1,H1,Gravitational Constant (m^3 kg^-1 s^-2),7,11
GW170809-v1,H1,Golden Ratio Conjugate,7,12
GW170809-v1,H1,Proton Mass (kg),7,13
GW170809-v1,H1,Planck Length (m),7,14
GW170809-v1,H1,Reduced Planck Constant (J·s),7,15
GW170809-v1,H1,Planck Constant (J·s),7,16
GW170809-v1,H1,Tau Mass (kg),7,17
GW170809-v1,H1,Electron Mass (kg),7,18
GW170809-v1,H1,Baryon-to-Photon Ratio,7,19
GW170809-v1,H1,Boltzmann Constant (J/K),7,20
GW170809-v1,H1,Critical Density (kg/m^3),7,21
GW170809-v1,H1,Elementary Charge (C),7,22
GW170809-v1,H1,Plastic Constant,6,23
GW170809-v1,H1,Fine-Structure Constant,6,24
GW170809-v1,H1,Square Root of 2,2,25
GW170809-v1,H1,Square Root of 3,1,26
GW170809-v1,H1,Feigenbaum Delta,1,27
GW170809-v1,H1,Speed of Light (m/s),0,28
GW170809-v1,H1,Solar Radius (m),0,29
GW170809-v1,H1,Planck Temperature (K),0,30
GW170809-v1,H1,Square Root of 5,0,31
GW170809-v1,H1,Solar Mass (kg),0,32
GW170809-v1,H1,Hubble Constant (km/s/Mpc),0,33
GW170809-v1,H1,Pi,0,34
GW170809-v1,H1,Phi Squared,0,35
GW170809-v1,H1,Parsec (m),0,36
GW170809-v1,H1,Khinchin’s Constant,0,37
GW170809-v1,H1,Gas Constant R (J/(mol·K)),0,38
GW170809-v1,H1,Feigenbaum Alpha,0,39
GW170809-v1,H1,Euler’s Number,0,40
GW170809-v1,H1,Earth Radius (m),0,41
GW170809-v1,H1,Earth Mass (kg),0,42
GW170809-v1,H1,Coulomb Constant (N m^2 C^-2),0,43
GW170809-v1,H1,Cosmic Microwave Background Temp (K),0,44
GW170809-v1,H1,Avogadro Constant (1/mol),0,45
GW170809-v1,H1,Astronomical Unit (m),0,46
GW170809-v1,H1,Two Pi,0,47
GW170809-v1,L1,Golden Ratio Conjugate,96,1
GW170809-v1,L1,Catalan’s Constant,78,2
GW170809-v1,L1,Apéry’s Constant (zeta(3)),13,3
GW170809-v1,L1,Absolute Zero (K),8,4
GW170809-v1,L1,Planck Mass (kg),8,5
GW170809-v1,L1,Planck Constant (J·s),8,6
GW170809-v1,L1,Planck Charge (C),8,7
GW170809-v1,L1,Planck Time (s),8,8
GW170809-v1,L1,Neutron Mass (kg),8,9
GW170809-v1,L1,Muon Mass (kg),8,10
GW170809-v1,L1,Proton Mass (kg),8,11
GW170809-v1,L1,Gravitational Constant (m^3 kg^-1 s^-2),8,12
GW170809-v1,L1,Reduced Planck Constant (J·s),8,13
GW170809-v1,L1,Fine-Structure Constant,8,14
GW170809-v1,L1,Planck Length (m),8,15
GW170809-v1,L1,Boltzmann Constant (J/K),8,16
GW170809-v1,L1,Tau Mass (kg),8,17
GW170809-v1,L1,Elementary Charge (C),8,18
GW170809-v1,L1,Electron Mass (kg),8,19
GW170809-v1,L1,Baryon-to-Photon Ratio,8,20
GW170809-v1,L1,Critical Density (kg/m^3),8,21
GW170809-v1,L1,Euler–Mascheroni Constant,8,22
GW170809-v1,L1,Plastic Constant,7,23
GW170809-v1,L1,Golden Ratio,5,24
GW170809-v1,L1,Square Root of 2,4,25
GW170809-v1,L1,Feigenbaum Alpha,2,26
GW170809-v1,L1,Feigenbaum Delta,1,27
GW170809-v1,L1,Square Root of 3,0,28
GW170809-v1,L1,Speed of Light (m/s),0,29
GW170809-v1,L1,Solar Radius (m),0,30
GW170809-v1,L1,Planck Temperature (K),0,31
GW170809-v1,L1,Square Root of 5,0,32
GW170809-v1,L1,Solar Mass (kg),0,33
GW170809-v1,L1,Hubble Constant (km/s/Mpc),0,34
GW170809-v1,L1,Pi,0,35
GW170809-v1,L1,Phi Squared,0,36
GW170809-v1,L1,Parsec (m),0,37
GW170809-v1,L1,Khinchin’s Constant,0,38
GW170809-v1,L1,Gas Constant R (J/(mol·K)),0,39
GW170809-v1,L1,Euler’s Number,0,40
GW170809-v1,L1,Earth Radius (m),0,41
GW170809-v1,L1,Earth Mass (kg),0,42
GW170809-v1,L1,Coulomb Constant (N m^2 C^-2),0,43
GW170809-v1,L1,Cosmic Microwave Background Temp (K),0,44
GW170809-v1,L1,Avogadro Constant (1/mol),0,45
GW170809-v1,L1,Astronomical Unit (m),0,46
GW170809-v1,L1,Two Pi,0,47
GW170814-v1,H1,Catalan’s Constant,66,1
GW170814-v1,H1,Golden Ratio Conjugate,40,2
GW170814-v1,H1,Apéry’s Constant (zeta(3)),33,3
GW170814-v1,H1,Euler–Mascheroni Constant,33,4
GW170814-v1,H1,Golden Ratio,29,5
GW170814-v1,H1,Plastic Constant,9,6
GW170814-v1,H1,Absolute Zero (K),3,7
GW170814-v1,H1,Reduced Planck Constant (J·s),3,8
GW170814-v1,H1,Planck Length (m),3,9
GW170814-v1,H1,Planck Mass (kg),3,10
GW170814-v1,H1,Neutron Mass (kg),3,11
GW170814-v1,H1,Muon Mass (kg),3,12
GW170814-v1,H1,Planck Time (s),3,13
GW170814-v1,H1,Gravitational Constant (m^3 kg^-1 s^-2),3,14
GW170814-v1,H1,Fine-Structure Constant,3,15
GW170814-v1,H1,Proton Mass (kg),3,16
GW170814-v1,H1,Planck Charge (C),3,17
GW170814-v1,H1,Planck Constant (J·s),3,18
GW170814-v1,H1,Elementary Charge (C),3,19
GW170814-v1,H1,Electron Mass (kg),3,20
GW170814-v1,H1,Critical Density (kg/m^3),3,21
GW170814-v1,H1,Square Root of 2,3,22
GW170814-v1,H1,Boltzmann Constant (J/K),3,23
GW170814-v1,H1,Baryon-to-Photon Ratio,3,24
GW170814-v1,H1,Tau Mass (kg),3,25
GW170814-v1,H1,Square Root of 3,2,26
GW170814-v1,H1,Solar Radius (m),0,27
GW170814-v1,H1,Speed of Light (m/s),0,28
GW170814-v1,H1,Planck Temperature (K),0,29
GW170814-v1,H1,Square Root of 5,0,30
GW170814-v1,H1,Solar Mass (kg),0,31
GW170814-v1,H1,Hubble Constant (km/s/Mpc),0,32
GW170814-v1,H1,Pi,0,33
GW170814-v1,H1,Phi Squared,0,34
GW170814-v1,H1,Parsec (m),0,35
GW170814-v1,H1,Khinchin’s Constant,0,36
GW170814-v1,H1,Gas Constant R (J/(mol·K)),0,37
GW170814-v1,H1,Feigenbaum Delta,0,38
GW170814-v1,H1,Feigenbaum Alpha,0,39
GW170814-v1,H1,Euler’s Number,0,40
GW170814-v1,H1,Earth Radius (m),0,41
GW170814-v1,H1,Earth Mass (kg),0,42
GW170814-v1,H1,Coulomb Constant (N m^2 C^-2),0,43
GW170814-v1,H1,Cosmic Microwave Background Temp (K),0,44
GW170814-v1,H1,Avogadro Constant (1/mol),0,45
GW170814-v1,H1,Astronomical Unit (m),0,46
GW170814-v1,H1,Two Pi,0,47
GW170814-v1,L1,Golden Ratio Conjugate,129,1
GW170814-v1,L1,Catalan’s Constant,95,2
GW170814-v1,L1,Apéry’s Constant (zeta(3)),11,3
GW170814-v1,L1,Absolute Zero (K),8,4
GW170814-v1,L1,Planck Length (m),8,5
GW170814-v1,L1,Planck Charge (C),8,6
GW170814-v1,L1,Planck Mass (kg),8,7
GW170814-v1,L1,Neutron Mass (kg),8,8
GW170814-v1,L1,Muon Mass (kg),8,9
GW170814-v1,L1,Planck Time (s),8,10
GW170814-v1,L1,Gravitational Constant (m^3 kg^-1 s^-2),8,11
GW170814-v1,L1,Fine-Structure Constant,8,12
GW170814-v1,L1,Proton Mass (kg),8,13
GW170814-v1,L1,Reduced Planck Constant (J·s),8,14
GW170814-v1,L1,Planck Constant (J·s),8,15
GW170814-v1,L1,Critical Density (kg/m^3),8,16
GW170814-v1,L1,Elementary Charge (C),8,17
GW170814-v1,L1,Electron Mass (kg),8,18
GW170814-v1,L1,Tau Mass (kg),8,19
GW170814-v1,L1,Baryon-to-Photon Ratio,8,20
GW170814-v1,L1,Boltzmann Constant (J/K),8,21
GW170814-v1,L1,Plastic Constant,5,22
GW170814-v1,L1,Euler–Mascheroni Constant,3,23
GW170814-v1,L1,Square Root of 3,2,24
GW170814-v1,L1,Square Root of 2,2,25
GW170814-v1,L1,Golden Ratio,1,26
GW170814-v1,L1,Phi Squared,1,27
GW170814-v1,L1,Solar Mass (kg),0,28
GW170814-v1,L1,Speed of Light (m/s),0,29
GW170814-v1,L1,Planck Temperature (K),0,30
GW170814-v1,L1,Square Root of 5,0,31
GW170814-v1,L1,Solar Radius (m),0,32
GW170814-v1,L1,Hubble Constant (km/s/Mpc),0,33
GW170814-v1,L1,Pi,0,34
GW170814-v1,L1,Parsec (m),0,35
GW170814-v1,L1,Khinchin’s Constant,0,36
GW170814-v1,L1,Gas Constant R (J/(mol·K)),0,37
GW170814-v1,L1,Feigenbaum Delta,0,38
GW170814-v1,L1,Feigenbaum Alpha,0,39
GW170814-v1,L1,Euler’s Number,0,40
GW170814-v1,L1,Earth Radius (m),0,41
GW170814-v1,L1,Earth Mass (kg),0,42
GW170814-v1,L1,Coulomb Constant (N m^2 C^-2),0,43
GW170814-v1,L1,Cosmic Microwave Background Temp (K),0,44
GW170814-v1,L1,Avogadro Constant (1/mol),0,45
GW170814-v1,L1,Astronomical Unit (m),0,46
GW170814-v1,L1,Two Pi,0,47
GW170814-v2,H1,Catalan’s Constant,66,1
GW170814-v2,H1,Golden Ratio Conjugate,40,2
GW170814-v2,H1,Apéry’s Constant (zeta(3)),33,3
GW170814-v2,H1,Euler–Mascheroni Constant,33,4
GW170814-v2,H1,Golden Ratio,29,5
GW170814-v2,H1,Plastic Constant,9,6
GW170814-v2,H1,Absolute Zero (K),3,7
GW170814-v2,H1,Reduced Planck Constant (J·s),3,8
GW170814-v2,H1,Planck Length (m),3,9
GW170814-v2,H1,Planck Mass (kg),3,10
GW170814-v2,H1,Neutron Mass (kg),3,11
GW170814-v2,H1,Muon Mass (kg),3,12
GW170814-v2,H1,Planck Time (s),3,13
GW170814-v2,H1,Gravitational Constant (m^3 kg^-1 s^-2),3,14
GW170814-v2,H1,Fine-Structure Constant,3,15
GW170814-v2,H1,Proton Mass (kg),3,16
GW170814-v2,H1,Planck Charge (C),3,17
GW170814-v2,H1,Planck Constant (J·s),3,18
GW170814-v2,H1,Elementary Charge (C),3,19
GW170814-v2,H1,Electron Mass (kg),3,20
GW170814-v2,H1,Critical Density (kg/m^3),3,21
GW170814-v2,H1,Square Root of 2,3,22
GW170814-v2,H1,Boltzmann Constant (J/K),3,23
GW170814-v2,H1,Baryon-to-Photon Ratio,3,24
GW170814-v2,H1,Tau Mass (kg),3,25
GW170814-v2,H1,Square Root of 3,2,26
GW170814-v2,H1,Solar Radius (m),0,27
GW170814-v2,H1,Speed of Light (m/s),0,28
GW170814-v2,H1,Planck Temperature (K),0,29
GW170814-v2,H1,Square Root of 5,0,30
GW170814-v2,H1,Solar Mass (kg),0,31
GW170814-v2,H1,Hubble Constant (km/s/Mpc),0,32
GW170814-v2,H1,Pi,0,33
GW170814-v2,H1,Phi Squared,0,34
GW170814-v2,H1,Parsec (m),0,35
GW170814-v2,H1,Khinchin’s Constant,0,36
GW170814-v2,H1,Gas Constant R (J/(mol·K)),0,37
GW170814-v2,H1,Feigenbaum Delta,0,38
GW170814-v2,H1,Feigenbaum Alpha,0,39
GW170814-v2,H1,Euler’s Number,0,40
GW170814-v2,H1,Earth Radius (m),0,41
GW170814-v2,H1,Earth Mass (kg),0,42
GW170814-v2,H1,Coulomb Constant (N m^2 C^-2),0,43
GW170814-v2,H1,Cosmic Microwave Background Temp (K),0,44
GW170814-v2,H1,Avogadro Constant (1/mol),0,45
GW170814-v2,H1,Astronomical Unit (m),0,46
GW170814-v2,H1,Two Pi,0,47
GW170814-v2,L1,Golden Ratio Conjugate,129,1
GW170814-v2,L1,Catalan’s Constant,95,2
GW170814-v2,L1,Apéry’s Constant (zeta(3)),11,3
GW170814-v2,L1,Absolute Zero (K),8,4
GW170814-v2,L1,Planck Length (m),8,5
GW170814-v2,L1,Planck Charge (C),8,6
GW170814-v2,L1,Planck Mass (kg),8,7
GW170814-v2,L1,Neutron Mass (kg),8,8
GW170814-v2,L1,Muon Mass (kg),8,9
GW170814-v2,L1,Planck Time (s),8,10
GW170814-v2,L1,Gravitational Constant (m^3 kg^-1 s^-2),8,11
GW170814-v2,L1,Fine-Structure Constant,8,12
GW170814-v2,L1,Proton Mass (kg),8,13
GW170814-v2,L1,Reduced Planck Constant (J·s),8,14
GW170814-v2,L1,Planck Constant (J·s),8,15
GW170814-v2,L1,Critical Density (kg/m^3),8,16
GW170814-v2,L1,Elementary Charge (C),8,17
GW170814-v2,L1,Electron Mass (kg),8,18
GW170814-v2,L1,Tau Mass (kg),8,19
GW170814-v2,L1,Baryon-to-Photon Ratio,8,20
GW170814-v2,L1,Boltzmann Constant (J/K),8,21
GW170814-v2,L1,Plastic Constant,5,22
GW170814-v2,L1,Euler–Mascheroni Constant,3,23
GW170814-v2,L1,Square Root of 3,2,24
GW170814-v2,L1,Square Root of 2,2,25
GW170814-v2,L1,Golden Ratio,1,26
GW170814-v2,L1,Phi Squared,1,27
GW170814-v2,L1,Solar Mass (kg),0,28
GW170814-v2,L1,Speed of Light (m/s),0,29
GW170814-v2,L1,Planck Temperature (K),0,30
GW170814-v2,L1,Square Root of 5,0,31
GW170814-v2,L1,Solar Radius (m),0,32
GW170814-v2,L1,Hubble Constant (km/s/Mpc),0,33
GW170814-v2,L1,Pi,0,34
GW170814-v2,L1,Parsec (m),0,35
GW170814-v2,L1,Khinchin’s Constant,0,36
GW170814-v2,L1,Gas Constant R (J/(mol·K)),0,37
GW170814-v2,L1,Feigenbaum Delta,0,38
GW170814-v2,L1,Feigenbaum Alpha,0,39
GW170814-v2,L1,Euler’s Number,0,40
GW170814-v2,L1,Earth Radius (m),0,41
GW170814-v2,L1,Earth Mass (kg),0,42
GW170814-v2,L1,Coulomb Constant (N m^2 C^-2),0,43
GW170814-v2,L1,Cosmic Microwave Background Temp (K),0,44
GW170814-v2,L1,Avogadro Constant (1/mol),0,45
GW170814-v2,L1,Astronomical Unit (m),0,46
GW170814-v2,L1,Two Pi,0,47
GW170814-v3,H1,Catalan’s Constant,66,1
GW170814-v3,H1,Golden Ratio Conjugate,40,2
GW170814-v3,H1,Apéry’s Constant (zeta(3)),33,3
GW170814-v3,H1,Euler–Mascheroni Constant,33,4
GW170814-v3,H1,Golden Ratio,29,5
GW170814-v3,H1,Plastic Constant,9,6
GW170814-v3,H1,Absolute Zero (K),3,7
GW170814-v3,H1,Reduced Planck Constant (J·s),3,8
GW170814-v3,H1,Planck Length (m),3,9
GW170814-v3,H1,Planck Mass (kg),3,10
GW170814-v3,H1,Neutron Mass (kg),3,11
GW170814-v3,H1,Muon Mass (kg),3,12
GW170814-v3,H1,Planck Time (s),3,13
GW170814-v3,H1,Gravitational Constant (m^3 kg^-1 s^-2),3,14
GW170814-v3,H1,Fine-Structure Constant,3,15
GW170814-v3,H1,Proton Mass (kg),3,16
GW170814-v3,H1,Planck Charge (C),3,17
GW170814-v3,H1,Planck Constant (J·s),3,18
GW170814-v3,H1,Elementary Charge (C),3,19
GW170814-v3,H1,Electron Mass (kg),3,20
GW170814-v3,H1,Critical Density (kg/m^3),3,21
GW170814-v3,H1,Square Root of 2,3,22
GW170814-v3,H1,Boltzmann Constant (J/K),3,23
GW170814-v3,H1,Baryon-to-Photon Ratio,3,24
GW170814-v3,H1,Tau Mass (kg),3,25
GW170814-v3,H1,Square Root of 3,2,26
GW170814-v3,H1,Solar Radius (m),0,27
GW170814-v3,H1,Speed of Light (m/s),0,28
GW170814-v3,H1,Planck Temperature (K),0,29
GW170814-v3,H1,Square Root of 5,0,30
GW170814-v3,H1,Solar Mass (kg),0,31
GW170814-v3,H1,Hubble Constant (km/s/Mpc),0,32
GW170814-v3,H1,Pi,0,33
GW170814-v3,H1,Phi Squared,0,34
GW170814-v3,H1,Parsec (m),0,35
GW170814-v3,H1,Khinchin’s Constant,0,36
GW170814-v3,H1,Gas Constant R (J/(mol·K)),0,37
GW170814-v3,H1,Feigenbaum Delta,0,38
GW170814-v3,H1,Feigenbaum Alpha,0,39
GW170814-v3,H1,Euler’s Number,0,40
GW170814-v3,H1,Earth Radius (m),0,41
GW170814-v3,H1,Earth Mass (kg),0,42
GW170814-v3,H1,Coulomb Constant (N m^2 C^-2),0,43
GW170814-v3,H1,Cosmic Microwave Background Temp (K),0,44
GW170814-v3,H1,Avogadro Constant (1/mol),0,45
GW170814-v3,H1,Astronomical Unit (m),0,46
GW170814-v3,H1,Two Pi,0,47
GW170814-v3,L1,Golden Ratio Conjugate,129,1
GW170814-v3,L1,Catalan’s Constant,95,2
GW170814-v3,L1,Apéry’s Constant (zeta(3)),11,3
GW170814-v3,L1,Absolute Zero (K),8,4
GW170814-v3,L1,Planck Length (m),8,5
GW170814-v3,L1,Planck Charge (C),8,6
GW170814-v3,L1,Planck Mass (kg),8,7
GW170814-v3,L1,Neutron Mass (kg),8,8
GW170814-v3,L1,Muon Mass (kg),8,9
GW170814-v3,L1,Planck Time (s),8,10
GW170814-v3,L1,Gravitational Constant (m^3 kg^-1 s^-2),8,11
GW170814-v3,L1,Fine-Structure Constant,8,12
GW170814-v3,L1,Proton Mass (kg),8,13
GW170814-v3,L1,Reduced Planck Constant (J·s),8,14
GW170814-v3,L1,Planck Constant (J·s),8,15
GW170814-v3,L1,Critical Density (kg/m^3),8,16
GW170814-v3,L1,Elementary Charge (C),8,17
GW170814-v3,L1,Electron Mass (kg),8,18
GW170814-v3,L1,Tau Mass (kg),8,19
GW170814-v3,L1,Baryon-to-Photon Ratio,8,20
GW170814-v3,L1,Boltzmann Constant (J/K),8,21
GW170814-v3,L1,Plastic Constant,5,22
GW170814-v3,L1,Euler–Mascheroni Constant,3,23
GW170814-v3,L1,Square Root of 3,2,24
GW170814-v3,L1,Square Root of 2,2,25
GW170814-v3,L1,Golden Ratio,1,26
GW170814-v3,L1,Phi Squared,1,27
GW170814-v3,L1,Solar Mass (kg),0,28
GW170814-v3,L1,Speed of Light (m/s),0,29
GW170814-v3,L1,Planck Temperature (K),0,30
GW170814-v3,L1,Square Root of 5,0,31
GW170814-v3,L1,Solar Radius (m),0,32
GW170814-v3,L1,Hubble Constant (km/s/Mpc),0,33
GW170814-v3,L1,Pi,0,34
GW170814-v3,L1,Parsec (m),0,35
GW170814-v3,L1,Khinchin’s Constant,0,36
GW170814-v3,L1,Gas Constant R (J/(mol·K)),0,37
GW170814-v3,L1,Feigenbaum Delta,0,38
GW170814-v3,L1,Feigenbaum Alpha,0,39
GW170814-v3,L1,Euler’s Number,0,40
GW170814-v3,L1,Earth Radius (m),0,41
GW170814-v3,L1,Earth Mass (kg),0,42
GW170814-v3,L1,Coulomb Constant (N m^2 C^-2),0,43
GW170814-v3,L1,Cosmic Microwave Background Temp (K),0,44
GW170814-v3,L1,Avogadro Constant (1/mol),0,45
GW170814-v3,L1,Astronomical Unit (m),0,46
GW170814-v3,L1,Two Pi,0,47
GW170817-v1,H1,Catalan’s Constant,64,1
GW170817-v1,H1,Apéry’s Constant (zeta(3)),39,2
GW170817-v1,H1,Golden Ratio Conjugate,16,3
GW170817-v1,H1,Euler–Mascheroni Constant,14,4
GW170817-v1,H1,Golden Ratio,13,5
GW170817-v1,H1,Absolute Zero (K),9,6
GW170817-v1,H1,Fine-Structure Constant,9,7
GW170817-v1,H1,Planck Length (m),9,8
GW170817-v1,H1,Planck Constant (J·s),9,9
GW170817-v1,H1,Planck Charge (C),9,10
GW170817-v1,H1,Planck Time (s),9,11
GW170817-v1,H1,Neutron Mass (kg),9,12
GW170817-v1,H1,Muon Mass (kg),9,13
GW170817-v1,H1,Gravitational Constant (m^3 kg^-1 s^-2),9,14
GW170817-v1,H1,Proton Mass (kg),9,15
GW170817-v1,H1,Reduced Planck Constant (J·s),9,16
GW170817-v1,H1,Planck Mass (kg),9,17
GW170817-v1,H1,Tau Mass (kg),9,18
GW170817-v1,H1,Elementary Charge (C),9,19
GW170817-v1,H1,Electron Mass (kg),9,20
GW170817-v1,H1,Baryon-to-Photon Ratio,9,21
GW170817-v1,H1,Boltzmann Constant (J/K),9,22
GW170817-v1,H1,Critical Density (kg/m^3),9,23
GW170817-v1,H1,Plastic Constant,5,24
GW170817-v1,H1,Square Root of 3,3,25
GW170817-v1,H1,Square Root of 2,3,26
GW170817-v1,H1,Feigenbaum Alpha,2,27
GW170817-v1,H1,Phi Squared,1,28
GW170817-v1,H1,Pi,1,29
GW170817-v1,H1,Planck Temperature (K),0,30
GW170817-v1,H1,Speed of Light (m/s),0,31
GW170817-v1,H1,Solar Radius (m),0,32
GW170817-v1,H1,Square Root of 5,0,33
GW170817-v1,H1,Solar Mass (kg),0,34
GW170817-v1,H1,Hubble Constant (km/s/Mpc),0,35
GW170817-v1,H1,Parsec (m),0,36
GW170817-v1,H1,Khinchin’s Constant,0,37
GW170817-v1,H1,Gas Constant R (J/(mol·K)),0,38
GW170817-v1,H1,Feigenbaum Delta,0,39
GW170817-v1,H1,Euler’s Number,0,40
GW170817-v1,H1,Earth Radius (m),0,41
GW170817-v1,H1,Earth Mass (kg),0,42
GW170817-v1,H1,Coulomb Constant (N m^2 C^-2),0,43
GW170817-v1,H1,Cosmic Microwave Background Temp (K),0,44
GW170817-v1,H1,Avogadro Constant (1/mol),0,45
GW170817-v1,H1,Astronomical Unit (m),0,46
GW170817-v1,H1,Two Pi,0,47
GW170817-v1,L1,Golden Ratio Conjugate,100,1
GW170817-v1,L1,Catalan’s Constant,80,2
GW170817-v1,L1,Apéry’s Constant (zeta(3)),17,3
GW170817-v1,L1,Euler–Mascheroni Constant,11,4
GW170817-v1,L1,Electron Mass (kg),9,5
GW170817-v1,L1,Golden Ratio,9,6
GW170817-v1,L1,Muon Mass (kg),9,7
GW170817-v1,L1,Planck Time (s),9,8
GW170817-v1,L1,Neutron Mass (kg),9,9
GW170817-v1,L1,Reduced Planck Constant (J·s),9,10
GW170817-v1,L1,Elementary Charge (C),9,11
GW170817-v1,L1,Absolute Zero (K),9,12
GW170817-v1,L1,Gravitational Constant (m^3 kg^-1 s^-2),9,13
GW170817-v1,L1,Planck Charge (C),9,14
GW170817-v1,L1,Critical Density (kg/m^3),9,15
GW170817-v1,L1,Planck Constant (J·s),9,16
GW170817-v1,L1,Planck Length (m),9,17
GW170817-v1,L1,Boltzmann Constant (J/K),9,18
GW170817-v1,L1,Baryon-to-Photon Ratio,9,19
GW170817-v1,L1,Planck Mass (kg),9,20
GW170817-v1,L1,Tau Mass (kg),9,21
GW170817-v1,L1,Proton Mass (kg),9,22
GW170817-v1,L1,Plastic Constant,8,23
GW170817-v1,L1,Fine-Structure Constant,8,24
GW170817-v1,L1,Square Root of 2,4,25
GW170817-v1,L1,Khinchin’s Constant,3,26
GW170817-v1,L1,Phi Squared,3,27
GW170817-v1,L1,Square Root of 3,3,28
GW170817-v1,L1,Feigenbaum Alpha,1,29
GW170817-v1,L1,Euler’s Number,1,30
GW170817-v1,L1,Cosmic Microwave Background Temp (K),1,31
GW170817-v1,L1,Solar Mass (kg),0,32
GW170817-v1,L1,Speed of Light (m/s),0,33
GW170817-v1,L1,Square Root of 5,0,34
GW170817-v1,L1,Solar Radius (m),0,35
GW170817-v1,L1,Hubble Constant (km/s/Mpc),0,36
GW170817-v1,L1,Planck Temperature (K),0,37
GW170817-v1,L1,Pi,0,38
GW170817-v1,L1,Parsec (m),0,39
GW170817-v1,L1,Gas Constant R (J/(mol·K)),0,40
GW170817-v1,L1,Feigenbaum Delta,0,41
GW170817-v1,L1,Earth Radius (m),0,42
GW170817-v1,L1,Earth Mass (kg),0,43
GW170817-v1,L1,Coulomb Constant (N m^2 C^-2),0,44
GW170817-v1,L1,Avogadro Constant (1/mol),0,45
GW170817-v1,L1,Astronomical Unit (m),0,46
GW170817-v1,L1,Two Pi,0,47
GW170817-v2,H1,Catalan’s Constant,64,1
GW170817-v2,H1,Apéry’s Constant (zeta(3)),39,2
GW170817-v2,H1,Golden Ratio Conjugate,16,3
GW170817-v2,H1,Euler–Mascheroni Constant,14,4
GW170817-v2,H1,Golden Ratio,13,5
GW170817-v2,H1,Absolute Zero (K),9,6
GW170817-v2,H1,Fine-Structure Constant,9,7
GW170817-v2,H1,Planck Length (m),9,8
GW170817-v2,H1,Planck Constant (J·s),9,9
GW170817-v2,H1,Planck Charge (C),9,10
GW170817-v2,H1,Planck Time (s),9,11
GW170817-v2,H1,Neutron Mass (kg),9,12
GW170817-v2,H1,Muon Mass (kg),9,13
GW170817-v2,H1,Gravitational Constant (m^3 kg^-1 s^-2),9,14
GW170817-v2,H1,Proton Mass (kg),9,15
GW170817-v2,H1,Reduced Planck Constant (J·s),9,16
GW170817-v2,H1,Planck Mass (kg),9,17
GW170817-v2,H1,Tau Mass (kg),9,18
GW170817-v2,H1,Elementary Charge (C),9,19
GW170817-v2,H1,Electron Mass (kg),9,20
GW170817-v2,H1,Baryon-to-Photon Ratio,9,21
GW170817-v2,H1,Boltzmann Constant (J/K),9,22
GW170817-v2,H1,Critical Density (kg/m^3),9,23
GW170817-v2,H1,Plastic Constant,5,24
GW170817-v2,H1,Square Root of 3,3,25
GW170817-v2,H1,Square Root of 2,3,26
GW170817-v2,H1,Feigenbaum Alpha,2,27
GW170817-v2,H1,Phi Squared,1,28
GW170817-v2,H1,Pi,1,29
GW170817-v2,H1,Planck Temperature (K),0,30
GW170817-v2,H1,Speed of Light (m/s),0,31
GW170817-v2,H1,Solar Radius (m),0,32
GW170817-v2,H1,Square Root of 5,0,33
GW170817-v2,H1,Solar Mass (kg),0,34
GW170817-v2,H1,Hubble Constant (km/s/Mpc),0,35
GW170817-v2,H1,Parsec (m),0,36
GW170817-v2,H1,Khinchin’s Constant,0,37
GW170817-v2,H1,Gas Constant R (J/(mol·K)),0,38
GW170817-v2,H1,Feigenbaum Delta,0,39
GW170817-v2,H1,Euler’s Number,0,40
GW170817-v2,H1,Earth Radius (m),0,41
GW170817-v2,H1,Earth Mass (kg),0,42
GW170817-v2,H1,Coulomb Constant (N m^2 C^-2),0,43
GW170817-v2,H1,Cosmic Microwave Background Temp (K),0,44
GW170817-v2,H1,Avogadro Constant (1/mol),0,45
GW170817-v2,H1,Astronomical Unit (m),0,46
GW170817-v2,H1,Two Pi,0,47
GW170817-v2,L1,Golden Ratio Conjugate,100,1
GW170817-v2,L1,Catalan’s Constant,80,2
GW170817-v2,L1,Apéry’s Constant (zeta(3)),17,3
GW170817-v2,L1,Euler–Mascheroni Constant,11,4
GW170817-v2,L1,Electron Mass (kg),9,5
GW170817-v2,L1,Golden Ratio,9,6
GW170817-v2,L1,Muon Mass (kg),9,7
GW170817-v2,L1,Planck Time (s),9,8
GW170817-v2,L1,Neutron Mass (kg),9,9
GW170817-v2,L1,Reduced Planck Constant (J·s),9,10
GW170817-v2,L1,Elementary Charge (C),9,11
GW170817-v2,L1,Absolute Zero (K),9,12
GW170817-v2,L1,Gravitational Constant (m^3 kg^-1 s^-2),9,13
GW170817-v2,L1,Planck Charge (C),9,14
GW170817-v2,L1,Critical Density (kg/m^3),9,15
GW170817-v2,L1,Planck Constant (J·s),9,16
GW170817-v2,L1,Planck Length (m),9,17
GW170817-v2,L1,Boltzmann Constant (J/K),9,18
GW170817-v2,L1,Baryon-to-Photon Ratio,9,19
GW170817-v2,L1,Planck Mass (kg),9,20
GW170817-v2,L1,Tau Mass (kg),9,21
GW170817-v2,L1,Proton Mass (kg),9,22
GW170817-v2,L1,Plastic Constant,8,23
GW170817-v2,L1,Fine-Structure Constant,8,24
GW170817-v2,L1,Square Root of 2,4,25
GW170817-v2,L1,Khinchin’s Constant,3,26
GW170817-v2,L1,Phi Squared,3,27
GW170817-v2,L1,Square Root of 3,3,28
GW170817-v2,L1,Feigenbaum Alpha,1,29
GW170817-v2,L1,Euler’s Number,1,30
GW170817-v2,L1,Cosmic Microwave Background Temp (K),1,31
GW170817-v2,L1,Solar Mass (kg),0,32
GW170817-v2,L1,Speed of Light (m/s),0,33
GW170817-v2,L1,Square Root of 5,0,34
GW170817-v2,L1,Solar Radius (m),0,35
GW170817-v2,L1,Hubble Constant (km/s/Mpc),0,36
GW170817-v2,L1,Planck Temperature (K),0,37
GW170817-v2,L1,Pi,0,38
GW170817-v2,L1,Parsec (m),0,39
GW170817-v2,L1,Gas Constant R (J/(mol·K)),0,40
GW170817-v2,L1,Feigenbaum Delta,0,41
GW170817-v2,L1,Earth Radius (m),0,42
GW170817-v2,L1,Earth Mass (kg),0,43
GW170817-v2,L1,Coulomb Constant (N m^2 C^-2),0,44
GW170817-v2,L1,Avogadro Constant (1/mol),0,45
GW170817-v2,L1,Astronomical Unit (m),0,46
GW170817-v2,L1,Two Pi,0,47
GW170817-v3,H1,Catalan’s Constant,64,1
GW170817-v3,H1,Apéry’s Constant (zeta(3)),39,2
GW170817-v3,H1,Golden Ratio Conjugate,16,3
GW170817-v3,H1,Euler–Mascheroni Constant,14,4
GW170817-v3,H1,Golden Ratio,13,5
GW170817-v3,H1,Absolute Zero (K),9,6
GW170817-v3,H1,Fine-Structure Constant,9,7
GW170817-v3,H1,Planck Length (m),9,8
GW170817-v3,H1,Planck Constant (J·s),9,9
GW170817-v3,H1,Planck Charge (C),9,10
GW170817-v3,H1,Planck Time (s),9,11
GW170817-v3,H1,Neutron Mass (kg),9,12
GW170817-v3,H1,Muon Mass (kg),9,13
GW170817-v3,H1,Gravitational Constant (m^3 kg^-1 s^-2),9,14
GW170817-v3,H1,Proton Mass (kg),9,15
GW170817-v3,H1,Reduced Planck Constant (J·s),9,16
GW170817-v3,H1,Planck Mass (kg),9,17
GW170817-v3,H1,Tau Mass (kg),9,18
GW170817-v3,H1,Elementary Charge (C),9,19
GW170817-v3,H1,Electron Mass (kg),9,20
GW170817-v3,H1,Baryon-to-Photon Ratio,9,21
GW170817-v3,H1,Boltzmann Constant (J/K),9,22
GW170817-v3,H1,Critical Density (kg/m^3),9,23
GW170817-v3,H1,Plastic Constant,5,24
GW170817-v3,H1,Square Root of 3,3,25
GW170817-v3,H1,Square Root of 2,3,26
GW170817-v3,H1,Feigenbaum Alpha,2,27
GW170817-v3,H1,Phi Squared,1,28
GW170817-v3,H1,Pi,1,29
GW170817-v3,H1,Planck Temperature (K),0,30
GW170817-v3,H1,Speed of Light (m/s),0,31
GW170817-v3,H1,Solar Radius (m),0,32
GW170817-v3,H1,Square Root of 5,0,33
GW170817-v3,H1,Solar Mass (kg),0,34
GW170817-v3,H1,Hubble Constant (km/s/Mpc),0,35
GW170817-v3,H1,Parsec (m),0,36
GW170817-v3,H1,Khinchin’s Constant,0,37
GW170817-v3,H1,Gas Constant R (J/(mol·K)),0,38
GW170817-v3,H1,Feigenbaum Delta,0,39
GW170817-v3,H1,Euler’s Number,0,40
GW170817-v3,H1,Earth Radius (m),0,41
GW170817-v3,H1,Earth Mass (kg),0,42
GW170817-v3,H1,Coulomb Constant (N m^2 C^-2),0,43
GW170817-v3,H1,Cosmic Microwave Background Temp (K),0,44
GW170817-v3,H1,Avogadro Constant (1/mol),0,45
GW170817-v3,H1,Astronomical Unit (m),0,46
GW170817-v3,H1,Two Pi,0,47
GW170817-v3,L1,Golden Ratio Conjugate,100,1
GW170817-v3,L1,Catalan’s Constant,80,2
GW170817-v3,L1,Apéry’s Constant (zeta(3)),17,3
GW170817-v3,L1,Euler–Mascheroni Constant,11,4
GW170817-v3,L1,Electron Mass (kg),9,5
GW170817-v3,L1,Golden Ratio,9,6
GW170817-v3,L1,Muon Mass (kg),9,7
GW170817-v3,L1,Planck Time (s),9,8
GW170817-v3,L1,Neutron Mass (kg),9,9
GW170817-v3,L1,Reduced Planck Constant (J·s),9,10
GW170817-v3,L1,Elementary Charge (C),9,11
GW170817-v3,L1,Absolute Zero (K),9,12
GW170817-v3,L1,Gravitational Constant (m^3 kg^-1 s^-2),9,13
GW170817-v3,L1,Planck Charge (C),9,14
GW170817-v3,L1,Critical Density (kg/m^3),9,15
GW170817-v3,L1,Planck Constant (J·s),9,16
GW170817-v3,L1,Planck Length (m),9,17
GW170817-v3,L1,Boltzmann Constant (J/K),9,18
GW170817-v3,L1,Baryon-to-Photon Ratio,9,19
GW170817-v3,L1,Planck Mass (kg),9,20
GW170817-v3,L1,Tau Mass (kg),9,21
GW170817-v3,L1,Proton Mass (kg),9,22
GW170817-v3,L1,Plastic Constant,8,23
GW170817-v3,L1,Fine-Structure Constant,8,24
GW170817-v3,L1,Square Root of 2,4,25
GW170817-v3,L1,Khinchin’s Constant,3,26
GW170817-v3,L1,Phi Squared,3,27
GW170817-v3,L1,Square Root of 3,3,28
GW170817-v3,L1,Feigenbaum Alpha,1,29
GW170817-v3,L1,Euler’s Number,1,30
GW170817-v3,L1,Cosmic Microwave Background Temp (K),1,31
GW170817-v3,L1,Solar Mass (kg),0,32
GW170817-v3,L1,Speed of Light (m/s),0,33
GW170817-v3,L1,Square Root of 5,0,34
GW170817-v3,L1,Solar Radius (m),0,35
GW170817-v3,L1,Hubble Constant (km/s/Mpc),0,36
GW170817-v3,L1,Planck Temperature (K),0,37
GW170817-v3,L1,Pi,0,38
GW170817-v3,L1,Parsec (m),0,39
GW170817-v3,L1,Gas Constant R (J/(mol·K)),0,40
GW170817-v3,L1,Feigenbaum Delta,0,41
GW170817-v3,L1,Earth Radius (m),0,42
GW170817-v3,L1,Earth Mass (kg),0,43
GW170817-v3,L1,Coulomb Constant (N m^2 C^-2),0,44
GW170817-v3,L1,Avogadro Constant (1/mol),0,45
GW170817-v3,L1,Astronomical Unit (m),0,46
GW170817-v3,L1,Two Pi,0,47
GW170818-v1,H1,Catalan’s Constant,62,1
GW170818-v1,H1,Apéry’s Constant (zeta(3)),39,2
GW170818-v1,H1,Golden Ratio Conjugate,16,3
GW170818-v1,H1,Golden Ratio,16,4
GW170818-v1,H1,Euler–Mascheroni Constant,12,5
GW170818-v1,H1,Absolute Zero (K),6,6
GW170818-v1,H1,Planck Length (m),6,7
GW170818-v1,H1,Planck Constant (J·s),6,8
GW170818-v1,H1,Planck Charge (C),6,9
GW170818-v1,H1,Planck Time (s),6,10
GW170818-v1,H1,Neutron Mass (kg),6,11
GW170818-v1,H1,Muon Mass (kg),6,12
GW170818-v1,H1,Gravitational Constant (m^3 kg^-1 s^-2),6,13
GW170818-v1,H1,Proton Mass (kg),6,14
GW170818-v1,H1,Reduced Planck Constant (J·s),6,15
GW170818-v1,H1,Planck Mass (kg),6,16
GW170818-v1,H1,Tau Mass (kg),6,17
GW170818-v1,H1,Elementary Charge (C),6,18
GW170818-v1,H1,Electron Mass (kg),6,19
GW170818-v1,H1,Baryon-to-Photon Ratio,6,20
GW170818-v1,H1,Critical Density (kg/m^3),6,21
GW170818-v1,H1,Boltzmann Constant (J/K),6,22
GW170818-v1,H1,Fine-Structure Constant,5,23
GW170818-v1,H1,Square Root of 5,4,24
GW170818-v1,H1,Plastic Constant,4,25
GW170818-v1,H1,Square Root of 2,2,26
GW170818-v1,H1,Square Root of 3,2,27
GW170818-v1,H1,Phi Squared,1,28
GW170818-v1,H1,Khinchin’s Constant,1,29
GW170818-v1,H1,Feigenbaum Alpha,1,30
GW170818-v1,H1,Speed of Light (m/s),0,31
GW170818-v1,H1,Solar Radius (m),0,32
GW170818-v1,H1,Planck Temperature (K),0,33
GW170818-v1,H1,Solar Mass (kg),0,34
GW170818-v1,H1,Hubble Constant (km/s/Mpc),0,35
GW170818-v1,H1,Pi,0,36
GW170818-v1,H1,Parsec (m),0,37
GW170818-v1,H1,Gas Constant R (J/(mol·K)),0,38
GW170818-v1,H1,Feigenbaum Delta,0,39
GW170818-v1,H1,Euler’s Number,0,40
GW170818-v1,H1,Earth Radius (m),0,41
GW170818-v1,H1,Earth Mass (kg),0,42
GW170818-v1,H1,Coulomb Constant (N m^2 C^-2),0,43
GW170818-v1,H1,Cosmic Microwave Background Temp (K),0,44
GW170818-v1,H1,Avogadro Constant (1/mol),0,45
GW170818-v1,H1,Astronomical Unit (m),0,46
GW170818-v1,H1,Two Pi,0,47
GW170818-v1,L1,Golden Ratio Conjugate,96,1
GW170818-v1,L1,Catalan’s Constant,80,2
GW170818-v1,L1,Apéry’s Constant (zeta(3)),12,3
GW170818-v1,L1,Euler–Mascheroni Constant,11,4
GW170818-v1,L1,Golden Ratio,9,5
GW170818-v1,L1,Absolute Zero (K),7,6
GW170818-v1,L1,Planck Mass (kg),7,7
GW170818-v1,L1,Planck Constant (J·s),7,8
GW170818-v1,L1,Planck Charge (C),7,9
GW170818-v1,L1,Planck Time (s),7,10
GW170818-v1,L1,Neutron Mass (kg),7,11
GW170818-v1,L1,Muon Mass (kg),7,12
GW170818-v1,L1,Gravitational Constant (m^3 kg^-1 s^-2),7,13
GW170818-v1,L1,Proton Mass (kg),7,14
GW170818-v1,L1,Fine-Structure Constant,7,15
GW170818-v1,L1,Reduced Planck Constant (J·s),7,16
GW170818-v1,L1,Planck Length (m),7,17
GW170818-v1,L1,Elementary Charge (C),7,18
GW170818-v1,L1,Electron Mass (kg),7,19
GW170818-v1,L1,Critical Density (kg/m^3),7,20
GW170818-v1,L1,Boltzmann Constant (J/K),7,21
GW170818-v1,L1,Baryon-to-Photon Ratio,7,22
GW170818-v1,L1,Tau Mass (kg),7,23
GW170818-v1,L1,Plastic Constant,5,24
GW170818-v1,L1,Square Root of 2,2,25
GW170818-v1,L1,Square Root of 3,1,26
GW170818-v1,L1,Phi Squared,1,27
GW170818-v1,L1,Feigenbaum Alpha,1,28
GW170818-v1,L1,Solar Mass (kg),0,29
GW170818-v1,L1,Solar Radius (m),0,30
GW170818-v1,L1,Speed of Light (m/s),0,31
GW170818-v1,L1,Planck Temperature (K),0,32
GW170818-v1,L1,Square Root of 5,0,33
GW170818-v1,L1,Hubble Constant (km/s/Mpc),0,34
GW170818-v1,L1,Pi,0,35
GW170818-v1,L1,Parsec (m),0,36
GW170818-v1,L1,Khinchin’s Constant,0,37
GW170818-v1,L1,Gas Constant R (J/(mol·K)),0,38
GW170818-v1,L1,Feigenbaum Delta,0,39
GW170818-v1,L1,Euler’s Number,0,40
GW170818-v1,L1,Earth Radius (m),0,41
GW170818-v1,L1,Earth Mass (kg),0,42
GW170818-v1,L1,Coulomb Constant (N m^2 C^-2),0,43
GW170818-v1,L1,Cosmic Microwave Background Temp (K),0,44
GW170818-v1,L1,Avogadro Constant (1/mol),0,45
GW170818-v1,L1,Astronomical Unit (m),0,46
GW170818-v1,L1,Two Pi,0,47
GW170823-v1,H1,Catalan’s Constant,56,1
GW170823-v1,H1,Apéry’s Constant (zeta(3)),45,2
GW170823-v1,H1,Golden Ratio Conjugate,26,3
GW170823-v1,H1,Golden Ratio,25,4
GW170823-v1,H1,Euler–Mascheroni Constant,25,5
GW170823-v1,H1,Absolute Zero (K),7,6
GW170823-v1,H1,Fine-Structure Constant,7,7
GW170823-v1,H1,Planck Length (m),7,8
GW170823-v1,H1,Planck Constant (J·s),7,9
GW170823-v1,H1,Planck Charge (C),7,10
GW170823-v1,H1,Planck Time (s),7,11
GW170823-v1,H1,Neutron Mass (kg),7,12
GW170823-v1,H1,Muon Mass (kg),7,13
GW170823-v1,H1,Proton Mass (kg),7,14
GW170823-v1,H1,Gravitational Constant (m^3 kg^-1 s^-2),7,15
GW170823-v1,H1,Reduced Planck Constant (J·s),7,16
GW170823-v1,H1,Planck Mass (kg),7,17
GW170823-v1,H1,Tau Mass (kg),7,18
GW170823-v1,H1,Elementary Charge (C),7,19
GW170823-v1,H1,Electron Mass (kg),7,20
GW170823-v1,H1,Baryon-to-Photon Ratio,7,21
GW170823-v1,H1,Boltzmann Constant (J/K),7,22
GW170823-v1,H1,Critical Density (kg/m^3),7,23
GW170823-v1,H1,Plastic Constant,6,24
GW170823-v1,H1,Square Root of 2,3,25
GW170823-v1,H1,Square Root of 3,2,26
GW170823-v1,H1,Phi Squared,1,27
GW170823-v1,H1,Feigenbaum Delta,1,28
GW170823-v1,H1,Feigenbaum Alpha,1,29
GW170823-v1,H1,Speed of Light (m/s),0,30
GW170823-v1,H1,Solar Radius (m),0,31
GW170823-v1,H1,Square Root of 5,0,32
GW170823-v1,H1,Solar Mass (kg),0,33
GW170823-v1,H1,Planck Temperature (K),0,34
GW170823-v1,H1,Hubble Constant (km/s/Mpc),0,35
GW170823-v1,H1,Pi,0,36
GW170823-v1,H1,Parsec (m),0,37
GW170823-v1,H1,Khinchin’s Constant,0,38
GW170823-v1,H1,Gas Constant R (J/(mol·K)),0,39
GW170823-v1,H1,Euler’s Number,0,40
GW170823-v1,H1,Earth Radius (m),0,41
GW170823-v1,H1,Earth Mass (kg),0,42
GW170823-v1,H1,Coulomb Constant (N m^2 C^-2),0,43
GW170823-v1,H1,Cosmic Microwave Background Temp (K),0,44
GW170823-v1,H1,Avogadro Constant (1/mol),0,45
GW170823-v1,H1,Astronomical Unit (m),0,46
GW170823-v1,H1,Two Pi,0,47
GW170823-v1,L1,Golden Ratio Conjugate,117,1
GW170823-v1,L1,Catalan’s Constant,95,2
GW170823-v1,L1,Apéry’s Constant (zeta(3)),34,3
GW170823-v1,L1,Euler–Mascheroni Constant,21,4
GW170823-v1,L1,Plastic Constant,21,5
GW170823-v1,L1,Square Root of 2,11,6
GW170823-v1,L1,Golden Ratio,10,7
GW170823-v1,L1,Absolute Zero (K),9,8
GW170823-v1,L1,Gravitational Constant (m^3 kg^-1 s^-2),9,9
GW170823-v1,L1,Neutron Mass (kg),9,10
GW170823-v1,L1,Muon Mass (kg),9,11
GW170823-v1,L1,Planck Time (s),9,12
GW170823-v1,L1,Proton Mass (kg),9,13
GW170823-v1,L1,Planck Charge (C),9,14
GW170823-v1,L1,Planck Constant (J·s),9,15
GW170823-v1,L1,Planck Length (m),9,16
GW170823-v1,L1,Reduced Planck Constant (J·s),9,17
GW170823-v1,L1,Planck Mass (kg),9,18
GW170823-v1,L1,Elementary Charge (C),9,19
GW170823-v1,L1,Electron Mass (kg),9,20
GW170823-v1,L1,Critical Density (kg/m^3),9,21
GW170823-v1,L1,Boltzmann Constant (J/K),9,22
GW170823-v1,L1,Baryon-to-Photon Ratio,9,23
GW170823-v1,L1,Tau Mass (kg),9,24
GW170823-v1,L1,Fine-Structure Constant,8,25
GW170823-v1,L1,Square Root of 3,5,26
GW170823-v1,L1,Khinchin’s Constant,4,27
GW170823-v1,L1,Phi Squared,4,28
GW170823-v1,L1,Euler’s Number,1,29
GW170823-v1,L1,Cosmic Microwave Background Temp (K),1,30
GW170823-v1,L1,Square Root of 5,1,31
GW170823-v1,L1,Solar Radius (m),0,32
GW170823-v1,L1,Speed of Light (m/s),0,33
GW170823-v1,L1,Solar Mass (kg),0,34
GW170823-v1,L1,Hubble Constant (km/s/Mpc),0,35
GW170823-v1,L1,Planck Temperature (K),0,36
GW170823-v1,L1,Pi,0,37
GW170823-v1,L1,Parsec (m),0,38
GW170823-v1,L1,Gas Constant R (J/(mol·K)),0,39
GW170823-v1,L1,Feigenbaum Delta,0,40
GW170823-v1,L1,Feigenbaum Alpha,0,41
GW170823-v1,L1,Earth Radius (m),0,42
GW170823-v1,L1,Earth Mass (kg),0,43
GW170823-v1,L1,Coulomb Constant (N m^2 C^-2),0,44
GW170823-v1,L1,Avogadro Constant (1/mol),0,45
GW170823-v1,L1,Astronomical Unit (m),0,46
GW170823-v1,L1,Two Pi,0,47
GW190403_051519-v1,H1,Catalan’s Constant,29,1
GW190403_051519-v1,H1,Golden Ratio Conjugate,20,2
GW190403_051519-v1,H1,Euler–Mascheroni Constant,17,3
GW190403_051519-v1,H1,Golden Ratio,15,4
GW190403_051519-v1,H1,Apéry’s Constant (zeta(3)),10,5
GW190403_051519-v1,H1,Absolute Zero (K),5,6
GW190403_051519-v1,H1,Planck Length (m),5,7
GW190403_051519-v1,H1,Planck Constant (J·s),5,8
GW190403_051519-v1,H1,Planck Charge (C),5,9
GW190403_051519-v1,H1,Planck Time (s),5,10
GW190403_051519-v1,H1,Neutron Mass (kg),5,11
GW190403_051519-v1,H1,Muon Mass (kg),5,12
GW190403_051519-v1,H1,Gravitational Constant (m^3 kg^-1 s^-2),5,13
GW190403_051519-v1,H1,Proton Mass (kg),5,14
GW190403_051519-v1,H1,Reduced Planck Constant (J·s),5,15
GW190403_051519-v1,H1,Planck Mass (kg),5,16
GW190403_051519-v1,H1,Critical Density (kg/m^3),5,17
GW190403_051519-v1,H1,Tau Mass (kg),5,18
GW190403_051519-v1,H1,Baryon-to-Photon Ratio,5,19
GW190403_051519-v1,H1,Elementary Charge (C),5,20
GW190403_051519-v1,H1,Electron Mass (kg),5,21
GW190403_051519-v1,H1,Boltzmann Constant (J/K),5,22
GW190403_051519-v1,H1,Plastic Constant,4,23
GW190403_051519-v1,H1,Fine-Structure Constant,4,24
GW190403_051519-v1,H1,Feigenbaum Alpha,2,25
GW190403_051519-v1,H1,Square Root of 2,1,26
GW190403_051519-v1,H1,Phi Squared,1,27
GW190403_051519-v1,H1,Pi,1,28
GW190403_051519-v1,H1,Square Root of 5,1,29
GW190403_051519-v1,H1,Speed of Light (m/s),0,30
GW190403_051519-v1,H1,Square Root of 3,0,31
GW190403_051519-v1,H1,Solar Radius (m),0,32
GW190403_051519-v1,H1,Planck Temperature (K),0,33
GW190403_051519-v1,H1,Solar Mass (kg),0,34
GW190403_051519-v1,H1,Hubble Constant (km/s/Mpc),0,35
GW190403_051519-v1,H1,Parsec (m),0,36
GW190403_051519-v1,H1,Khinchin’s Constant,0,37
GW190403_051519-v1,H1,Gas Constant R (J/(mol·K)),0,38
GW190403_051519-v1,H1,Feigenbaum Delta,0,39
GW190403_051519-v1,H1,Euler’s Number,0,40
GW190403_051519-v1,H1,Earth Radius (m),0,41
GW190403_051519-v1,H1,Earth Mass (kg),0,42
GW190403_051519-v1,H1,Coulomb Constant (N m^2 C^-2),0,43
GW190403_051519-v1,H1,Cosmic Microwave Background Temp (K),0,44
GW190403_051519-v1,H1,Avogadro Constant (1/mol),0,45
GW190403_051519-v1,H1,Astronomical Unit (m),0,46
GW190403_051519-v1,H1,Two Pi,0,47
GW190403_051519-v1,L1,Golden Ratio,9,1
GW190403_051519-v1,L1,Golden Ratio Conjugate,8,2
GW190403_051519-v1,L1,Euler–Mascheroni Constant,8,3
GW190403_051519-v1,L1,Catalan’s Constant,7,4
GW190403_051519-v1,L1,Plastic Constant,5,5
GW190403_051519-v1,L1,Absolute Zero (K),4,6
GW190403_051519-v1,L1,Fine-Structure Constant,4,7
GW190403_051519-v1,L1,Planck Length (m),4,8
GW190403_051519-v1,L1,Planck Constant (J·s),4,9
GW190403_051519-v1,L1,Planck Charge (C),4,10
GW190403_051519-v1,L1,Planck Time (s),4,11
GW190403_051519-v1,L1,Proton Mass (kg),4,12
GW190403_051519-v1,L1,Neutron Mass (kg),4,13
GW190403_051519-v1,L1,Muon Mass (kg),4,14
GW190403_051519-v1,L1,Gravitational Constant (m^3 kg^-1 s^-2),4,15
GW190403_051519-v1,L1,Reduced Planck Constant (J·s),4,16
GW190403_051519-v1,L1,Planck Mass (kg),4,17
GW190403_051519-v1,L1,Boltzmann Constant (J/K),4,18
GW190403_051519-v1,L1,Elementary Charge (C),4,19
GW190403_051519-v1,L1,Electron Mass (kg),4,20
GW190403_051519-v1,L1,Tau Mass (kg),4,21
GW190403_051519-v1,L1,Critical Density (kg/m^3),4,22
GW190403_051519-v1,L1,Baryon-to-Photon Ratio,4,23
GW190403_051519-v1,L1,Apéry’s Constant (zeta(3)),2,24
GW190403_051519-v1,L1,Square Root of 2,1,25
GW190403_051519-v1,L1,Euler’s Number,1,26
GW190403_051519-v1,L1,Khinchin’s Constant,1,27
GW190403_051519-v1,L1,Square Root of 5,1,28
GW190403_051519-v1,L1,Cosmic Microwave Background Temp (K),1,29
GW190403_051519-v1,L1,Planck Temperature (K),0,30
GW190403_051519-v1,L1,Square Root of 3,0,31
GW190403_051519-v1,L1,Solar Radius (m),0,32
GW190403_051519-v1,L1,Speed of Light (m/s),0,33
GW190403_051519-v1,L1,Solar Mass (kg),0,34
GW190403_051519-v1,L1,Hubble Constant (km/s/Mpc),0,35
GW190403_051519-v1,L1,Pi,0,36
GW190403_051519-v1,L1,Phi Squared,0,37
GW190403_051519-v1,L1,Parsec (m),0,38
GW190403_051519-v1,L1,Gas Constant R (J/(mol·K)),0,39
GW190403_051519-v1,L1,Feigenbaum Delta,0,40
GW190403_051519-v1,L1,Feigenbaum Alpha,0,41
GW190403_051519-v1,L1,Earth Radius (m),0,42
GW190403_051519-v1,L1,Earth Mass (kg),0,43
GW190403_051519-v1,L1,Coulomb Constant (N m^2 C^-2),0,44
GW190403_051519-v1,L1,Avogadro Constant (1/mol),0,45
GW190403_051519-v1,L1,Astronomical Unit (m),0,46
GW190403_051519-v1,L1,Two Pi,0,47
GW190408_181802-v1,H1,Catalan’s Constant,10,1
GW190408_181802-v1,H1,Golden Ratio Conjugate,8,2
GW190408_181802-v1,H1,Golden Ratio,8,3
GW190408_181802-v1,H1,Euler–Mascheroni Constant,7,4
GW190408_181802-v1,H1,Plastic Constant,4,5
GW190408_181802-v1,H1,Absolute Zero (K),2,6
GW190408_181802-v1,H1,Planck Length (m),2,7
GW190408_181802-v1,H1,Planck Charge (C),2,8
GW190408_181802-v1,H1,Planck Mass (kg),2,9
GW190408_181802-v1,H1,Neutron Mass (kg),2,10
GW190408_181802-v1,H1,Muon Mass (kg),2,11
GW190408_181802-v1,H1,Planck Time (s),2,12
GW190408_181802-v1,H1,Gravitational Constant (m^3 kg^-1 s^-2),2,13
GW190408_181802-v1,H1,Fine-Structure Constant,2,14
GW190408_181802-v1,H1,Proton Mass (kg),2,15
GW190408_181802-v1,H1,Reduced Planck Constant (J·s),2,16
GW190408_181802-v1,H1,Elementary Charge (C),2,17
GW190408_181802-v1,H1,Electron Mass (kg),2,18
GW190408_181802-v1,H1,Critical Density (kg/m^3),2,19
GW190408_181802-v1,H1,Boltzmann Constant (J/K),2,20
GW190408_181802-v1,H1,Baryon-to-Photon Ratio,2,21
GW190408_181802-v1,H1,Tau Mass (kg),2,22
GW190408_181802-v1,H1,Planck Constant (J·s),2,23
GW190408_181802-v1,H1,Square Root of 2,1,24
GW190408_181802-v1,H1,Apéry’s Constant (zeta(3)),1,25
GW190408_181802-v1,H1,Pi,1,26
GW190408_181802-v1,H1,Solar Mass (kg),0,27
GW190408_181802-v1,H1,Solar Radius (m),0,28
GW190408_181802-v1,H1,Speed of Light (m/s),0,29
GW190408_181802-v1,H1,Square Root of 3,0,30
GW190408_181802-v1,H1,Planck Temperature (K),0,31
GW190408_181802-v1,H1,Square Root of 5,0,32
GW190408_181802-v1,H1,Hubble Constant (km/s/Mpc),0,33
GW190408_181802-v1,H1,Phi Squared,0,34
GW190408_181802-v1,H1,Parsec (m),0,35
GW190408_181802-v1,H1,Khinchin’s Constant,0,36
GW190408_181802-v1,H1,Gas Constant R (J/(mol·K)),0,37
GW190408_181802-v1,H1,Feigenbaum Delta,0,38
GW190408_181802-v1,H1,Feigenbaum Alpha,0,39
GW190408_181802-v1,H1,Euler’s Number,0,40
GW190408_181802-v1,H1,Earth Radius (m),0,41
GW190408_181802-v1,H1,Earth Mass (kg),0,42
GW190408_181802-v1,H1,Coulomb Constant (N m^2 C^-2),0,43
GW190408_181802-v1,H1,Cosmic Microwave Background Temp (K),0,44
GW190408_181802-v1,H1,Avogadro Constant (1/mol),0,45
GW190408_181802-v1,H1,Astronomical Unit (m),0,46
GW190408_181802-v1,H1,Two Pi,0,47
GW190408_181802-v1,L1,Absolute Zero (K),4,1
GW190408_181802-v1,L1,Elementary Charge (C),4,2
GW190408_181802-v1,L1,Planck Length (m),4,3
GW190408_181802-v1,L1,Planck Mass (kg),4,4
GW190408_181802-v1,L1,Neutron Mass (kg),4,5
GW190408_181802-v1,L1,Muon Mass (kg),4,6
GW190408_181802-v1,L1,Planck Time (s),4,7
GW190408_181802-v1,L1,Gravitational Constant (m^3 kg^-1 s^-2),4,8
GW190408_181802-v1,L1,Proton Mass (kg),4,9
GW190408_181802-v1,L1,Fine-Structure Constant,4,10
GW190408_181802-v1,L1,Reduced Planck Constant (J·s),4,11
GW190408_181802-v1,L1,Planck Constant (J·s),4,12
GW190408_181802-v1,L1,Planck Charge (C),4,13
GW190408_181802-v1,L1,Electron Mass (kg),4,14
GW190408_181802-v1,L1,Tau Mass (kg),4,15
GW190408_181802-v1,L1,Baryon-to-Photon Ratio,4,16
GW190408_181802-v1,L1,Boltzmann Constant (J/K),4,17
GW190408_181802-v1,L1,Critical Density (kg/m^3),4,18
GW190408_181802-v1,L1,Catalan’s Constant,4,19
GW190408_181802-v1,L1,Plastic Constant,3,20
GW190408_181802-v1,L1,Euler–Mascheroni Constant,1,21
GW190408_181802-v1,L1,Apéry’s Constant (zeta(3)),1,22
GW190408_181802-v1,L1,Square Root of 3,1,23
GW190408_181802-v1,L1,Golden Ratio,1,24
GW190408_181802-v1,L1,Square Root of 2,1,25
GW190408_181802-v1,L1,Feigenbaum Alpha,1,26
GW190408_181802-v1,L1,Speed of Light (m/s),0,27
GW190408_181802-v1,L1,Planck Temperature (K),0,28
GW190408_181802-v1,L1,Square Root of 5,0,29
GW190408_181802-v1,L1,Solar Radius (m),0,30
GW190408_181802-v1,L1,Solar Mass (kg),0,31
GW190408_181802-v1,L1,Hubble Constant (km/s/Mpc),0,32
GW190408_181802-v1,L1,Pi,0,33
GW190408_181802-v1,L1,Phi Squared,0,34
GW190408_181802-v1,L1,Parsec (m),0,35
GW190408_181802-v1,L1,Khinchin’s Constant,0,36
GW190408_181802-v1,L1,Golden Ratio Conjugate,0,37
GW190408_181802-v1,L1,Gas Constant R (J/(mol·K)),0,38
GW190408_181802-v1,L1,Feigenbaum Delta,0,39
GW190408_181802-v1,L1,Euler’s Number,0,40
GW190408_181802-v1,L1,Earth Radius (m),0,41
GW190408_181802-v1,L1,Earth Mass (kg),0,42
GW190408_181802-v1,L1,Coulomb Constant (N m^2 C^-2),0,43
GW190408_181802-v1,L1,Cosmic Microwave Background Temp (K),0,44
GW190408_181802-v1,L1,Avogadro Constant (1/mol),0,45
GW190408_181802-v1,L1,Astronomical Unit (m),0,46
GW190408_181802-v1,L1,Two Pi,0,47
GW190408_181802-v2,H1,Catalan’s Constant,10,1
GW190408_181802-v2,H1,Golden Ratio Conjugate,9,2
GW190408_181802-v2,H1,Golden Ratio,8,3
GW190408_181802-v2,H1,Euler–Mascheroni Constant,8,4
GW190408_181802-v2,H1,Absolute Zero (K),3,5
GW190408_181802-v2,H1,Planck Mass (kg),3,6
GW190408_181802-v2,H1,Planck Constant (J·s),3,7
GW190408_181802-v2,H1,Planck Charge (C),3,8
GW190408_181802-v2,H1,Planck Time (s),3,9
GW190408_181802-v2,H1,Neutron Mass (kg),3,10
GW190408_181802-v2,H1,Muon Mass (kg),3,11
GW190408_181802-v2,H1,Gravitational Constant (m^3 kg^-1 s^-2),3,12
GW190408_181802-v2,H1,Proton Mass (kg),3,13
GW190408_181802-v2,H1,Fine-Structure Constant,3,14
GW190408_181802-v2,H1,Reduced Planck Constant (J·s),3,15
GW190408_181802-v2,H1,Planck Length (m),3,16
GW190408_181802-v2,H1,Elementary Charge (C),3,17
GW190408_181802-v2,H1,Electron Mass (kg),3,18
GW190408_181802-v2,H1,Tau Mass (kg),3,19
GW190408_181802-v2,H1,Baryon-to-Photon Ratio,3,20
GW190408_181802-v2,H1,Critical Density (kg/m^3),3,21
GW190408_181802-v2,H1,Boltzmann Constant (J/K),3,22
GW190408_181802-v2,H1,Plastic Constant,2,23
GW190408_181802-v2,H1,Feigenbaum Alpha,2,24
GW190408_181802-v2,H1,Apéry’s Constant (zeta(3)),1,25
GW190408_181802-v2,H1,Pi,1,26
GW190408_181802-v2,H1,Square Root of 3,0,27
GW190408_181802-v2,H1,Square Root of 2,0,28
GW190408_181802-v2,H1,Speed of Light (m/s),0,29
GW190408_181802-v2,H1,Planck Temperature (K),0,30
GW190408_181802-v2,H1,Square Root of 5,0,31
GW190408_181802-v2,H1,Solar Radius (m),0,32
GW190408_181802-v2,H1,Solar Mass (kg),0,33
GW190408_181802-v2,H1,Hubble Constant (km/s/Mpc),0,34
GW190408_181802-v2,H1,Phi Squared,0,35
GW190408_181802-v2,H1,Parsec (m),0,36
GW190408_181802-v2,H1,Khinchin’s Constant,0,37
GW190408_181802-v2,H1,Gas Constant R (J/(mol·K)),0,38
GW190408_181802-v2,H1,Feigenbaum Delta,0,39
GW190408_181802-v2,H1,Euler’s Number,0,40
GW190408_181802-v2,H1,Earth Radius (m),0,41
GW190408_181802-v2,H1,Earth Mass (kg),0,42
GW190408_181802-v2,H1,Coulomb Constant (N m^2 C^-2),0,43
GW190408_181802-v2,H1,Cosmic Microwave Background Temp (K),0,44
GW190408_181802-v2,H1,Avogadro Constant (1/mol),0,45
GW190408_181802-v2,H1,Astronomical Unit (m),0,46
GW190408_181802-v2,H1,Two Pi,0,47
GW190408_181802-v2,L1,Catalan’s Constant,7,1
GW190408_181802-v2,L1,Plastic Constant,4,2
GW190408_181802-v2,L1,Absolute Zero (K),3,3
GW190408_181802-v2,L1,Planck Length (m),3,4
GW190408_181802-v2,L1,Planck Charge (C),3,5
GW190408_181802-v2,L1,Planck Mass (kg),3,6
GW190408_181802-v2,L1,Planck Time (s),3,7
GW190408_181802-v2,L1,Neutron Mass (kg),3,8
GW190408_181802-v2,L1,Muon Mass (kg),3,9
GW190408_181802-v2,L1,Gravitational Constant (m^3 kg^-1 s^-2),3,10
GW190408_181802-v2,L1,Golden Ratio Conjugate,3,11
GW190408_181802-v2,L1,Proton Mass (kg),3,12
GW190408_181802-v2,L1,Fine-Structure Constant,3,13
GW190408_181802-v2,L1,Reduced Planck Constant (J·s),3,14
GW190408_181802-v2,L1,Feigenbaum Alpha,3,15
GW190408_181802-v2,L1,Planck Constant (J·s),3,16
GW190408_181802-v2,L1,Elementary Charge (C),3,17
GW190408_181802-v2,L1,Electron Mass (kg),3,18
GW190408_181802-v2,L1,Tau Mass (kg),3,19
GW190408_181802-v2,L1,Baryon-to-Photon Ratio,3,20
GW190408_181802-v2,L1,Boltzmann Constant (J/K),3,21
GW190408_181802-v2,L1,Critical Density (kg/m^3),3,22
GW190408_181802-v2,L1,Euler–Mascheroni Constant,3,23
GW190408_181802-v2,L1,Square Root of 2,1,24
GW190408_181802-v2,L1,Apéry’s Constant (zeta(3)),1,25
GW190408_181802-v2,L1,Golden Ratio,1,26
GW190408_181802-v2,L1,Square Root of 3,0,27
GW190408_181802-v2,L1,Speed of Light (m/s),0,28
GW190408_181802-v2,L1,Planck Temperature (K),0,29
GW190408_181802-v2,L1,Square Root of 5,0,30
GW190408_181802-v2,L1,Solar Radius (m),0,31
GW190408_181802-v2,L1,Solar Mass (kg),0,32
GW190408_181802-v2,L1,Hubble Constant (km/s/Mpc),0,33
GW190408_181802-v2,L1,Pi,0,34
GW190408_181802-v2,L1,Phi Squared,0,35
GW190408_181802-v2,L1,Parsec (m),0,36
GW190408_181802-v2,L1,Khinchin’s Constant,0,37
GW190408_181802-v2,L1,Gas Constant R (J/(mol·K)),0,38
GW190408_181802-v2,L1,Feigenbaum Delta,0,39
GW190408_181802-v2,L1,Euler’s Number,0,40
GW190408_181802-v2,L1,Earth Radius (m),0,41
GW190408_181802-v2,L1,Earth Mass (kg),0,42
GW190408_181802-v2,L1,Coulomb Constant (N m^2 C^-2),0,43
GW190408_181802-v2,L1,Cosmic Microwave Background Temp (K),0,44
GW190408_181802-v2,L1,Avogadro Constant (1/mol),0,45
GW190408_181802-v2,L1,Astronomical Unit (m),0,46
GW190408_181802-v2,L1,Two Pi,0,47
GW190412-v1,H1,Catalan’s Constant,61,1
GW190412-v1,H1,Golden Ratio Conjugate,45,2
GW190412-v1,H1,Euler–Mascheroni Constant,45,3
GW190412-v1,H1,Golden Ratio,42,4
GW190412-v1,H1,Apéry’s Constant (zeta(3)),32,5
GW190412-v1,H1,Absolute Zero (K),9,6
GW190412-v1,H1,Planck Constant (J·s),9,7
GW190412-v1,H1,Planck Length (m),9,8
GW190412-v1,H1,Planck Mass (kg),9,9
GW190412-v1,H1,Neutron Mass (kg),9,10
GW190412-v1,H1,Muon Mass (kg),9,11
GW190412-v1,H1,Planck Time (s),9,12
GW190412-v1,H1,Gravitational Constant (m^3 kg^-1 s^-2),9,13
GW190412-v1,H1,Proton Mass (kg),9,14
GW190412-v1,H1,Reduced Planck Constant (J·s),9,15
GW190412-v1,H1,Planck Charge (C),9,16
GW190412-v1,H1,Elementary Charge (C),9,17
GW190412-v1,H1,Electron Mass (kg),9,18
GW190412-v1,H1,Critical Density (kg/m^3),9,19
GW190412-v1,H1,Boltzmann Constant (J/K),9,20
GW190412-v1,H1,Baryon-to-Photon Ratio,9,21
GW190412-v1,H1,Tau Mass (kg),9,22
GW190412-v1,H1,Fine-Structure Constant,8,23
GW190412-v1,H1,Plastic Constant,6,24
GW190412-v1,H1,Square Root of 2,5,25
GW190412-v1,H1,Square Root of 5,4,26
GW190412-v1,H1,Square Root of 3,1,27
GW190412-v1,H1,Solar Radius (m),0,28
GW190412-v1,H1,Speed of Light (m/s),0,29
GW190412-v1,H1,Planck Temperature (K),0,30
GW190412-v1,H1,Solar Mass (kg),0,31
GW190412-v1,H1,Hubble Constant (km/s/Mpc),0,32
GW190412-v1,H1,Pi,0,33
GW190412-v1,H1,Phi Squared,0,34
GW190412-v1,H1,Parsec (m),0,35
GW190412-v1,H1,Khinchin’s Constant,0,36
GW190412-v1,H1,Gas Constant R (J/(mol·K)),0,37
GW190412-v1,H1,Feigenbaum Delta,0,38
GW190412-v1,H1,Feigenbaum Alpha,0,39
GW190412-v1,H1,Euler’s Number,0,40
GW190412-v1,H1,Earth Radius (m),0,41
GW190412-v1,H1,Earth Mass (kg),0,42
GW190412-v1,H1,Coulomb Constant (N m^2 C^-2),0,43
GW190412-v1,H1,Cosmic Microwave Background Temp (K),0,44
GW190412-v1,H1,Avogadro Constant (1/mol),0,45
GW190412-v1,H1,Astronomical Unit (m),0,46
GW190412-v1,H1,Two Pi,0,47
GW190412-v1,L1,Catalan’s Constant,33,1
GW190412-v1,L1,Apéry’s Constant (zeta(3)),8,2
GW190412-v1,L1,Absolute Zero (K),4,3
GW190412-v1,L1,Planck Charge (C),4,4
GW190412-v1,L1,Planck Length (m),4,5
GW190412-v1,L1,Planck Mass (kg),4,6
GW190412-v1,L1,Neutron Mass (kg),4,7
GW190412-v1,L1,Muon Mass (kg),4,8
GW190412-v1,L1,Gravitational Constant (m^3 kg^-1 s^-2),4,9
GW190412-v1,L1,Planck Time (s),4,10
GW190412-v1,L1,Plastic Constant,4,11
GW190412-v1,L1,Proton Mass (kg),4,12
GW190412-v1,L1,Reduced Planck Constant (J·s),4,13
GW190412-v1,L1,Planck Constant (J·s),4,14
GW190412-v1,L1,Elementary Charge (C),4,15
GW190412-v1,L1,Electron Mass (kg),4,16
GW190412-v1,L1,Critical Density (kg/m^3),4,17
GW190412-v1,L1,Boltzmann Constant (J/K),4,18
GW190412-v1,L1,Baryon-to-Photon Ratio,4,19
GW190412-v1,L1,Tau Mass (kg),4,20
GW190412-v1,L1,Fine-Structure Constant,3,21
GW190412-v1,L1,Euler–Mascheroni Constant,2,22
GW190412-v1,L1,Golden Ratio Conjugate,2,23
GW190412-v1,L1,Square Root of 2,2,24
GW190412-v1,L1,Solar Radius (m),0,25
GW190412-v1,L1,Speed of Light (m/s),0,26
GW190412-v1,L1,Square Root of 3,0,27
GW190412-v1,L1,Planck Temperature (K),0,28
GW190412-v1,L1,Square Root of 5,0,29
GW190412-v1,L1,Solar Mass (kg),0,30
GW190412-v1,L1,Hubble Constant (km/s/Mpc),0,31
GW190412-v1,L1,Pi,0,32
GW190412-v1,L1,Phi Squared,0,33
GW190412-v1,L1,Parsec (m),0,34
GW190412-v1,L1,Khinchin’s Constant,0,35
GW190412-v1,L1,Golden Ratio,0,36
GW190412-v1,L1,Gas Constant R (J/(mol·K)),0,37
GW190412-v1,L1,Feigenbaum Delta,0,38
GW190412-v1,L1,Feigenbaum Alpha,0,39
GW190412-v1,L1,Euler’s Number,0,40
GW190412-v1,L1,Earth Radius (m),0,41
GW190412-v1,L1,Earth Mass (kg),0,42
GW190412-v1,L1,Coulomb Constant (N m^2 C^-2),0,43
GW190412-v1,L1,Cosmic Microwave Background Temp (K),0,44
GW190412-v1,L1,Avogadro Constant (1/mol),0,45
GW190412-v1,L1,Astronomical Unit (m),0,46
GW190412-v1,L1,Two Pi,0,47
GW190412-v2,H1,Catalan’s Constant,61,1
GW190412-v2,H1,Golden Ratio Conjugate,45,2
GW190412-v2,H1,Euler–Mascheroni Constant,45,3
GW190412-v2,H1,Golden Ratio,42,4
GW190412-v2,H1,Apéry’s Constant (zeta(3)),32,5
GW190412-v2,H1,Absolute Zero (K),9,6
GW190412-v2,H1,Planck Constant (J·s),9,7
GW190412-v2,H1,Planck Length (m),9,8
GW190412-v2,H1,Planck Mass (kg),9,9
GW190412-v2,H1,Neutron Mass (kg),9,10
GW190412-v2,H1,Muon Mass (kg),9,11
GW190412-v2,H1,Planck Time (s),9,12
GW190412-v2,H1,Gravitational Constant (m^3 kg^-1 s^-2),9,13
GW190412-v2,H1,Proton Mass (kg),9,14
GW190412-v2,H1,Reduced Planck Constant (J·s),9,15
GW190412-v2,H1,Planck Charge (C),9,16
GW190412-v2,H1,Elementary Charge (C),9,17
GW190412-v2,H1,Electron Mass (kg),9,18
GW190412-v2,H1,Critical Density (kg/m^3),9,19
GW190412-v2,H1,Boltzmann Constant (J/K),9,20
GW190412-v2,H1,Baryon-to-Photon Ratio,9,21
GW190412-v2,H1,Tau Mass (kg),9,22
GW190412-v2,H1,Fine-Structure Constant,8,23
GW190412-v2,H1,Plastic Constant,6,24
GW190412-v2,H1,Square Root of 2,5,25
GW190412-v2,H1,Square Root of 5,4,26
GW190412-v2,H1,Square Root of 3,1,27
GW190412-v2,H1,Solar Radius (m),0,28
GW190412-v2,H1,Speed of Light (m/s),0,29
GW190412-v2,H1,Planck Temperature (K),0,30
GW190412-v2,H1,Solar Mass (kg),0,31
GW190412-v2,H1,Hubble Constant (km/s/Mpc),0,32
GW190412-v2,H1,Pi,0,33
GW190412-v2,H1,Phi Squared,0,34
GW190412-v2,H1,Parsec (m),0,35
GW190412-v2,H1,Khinchin’s Constant,0,36
GW190412-v2,H1,Gas Constant R (J/(mol·K)),0,37
GW190412-v2,H1,Feigenbaum Delta,0,38
GW190412-v2,H1,Feigenbaum Alpha,0,39
GW190412-v2,H1,Euler’s Number,0,40
GW190412-v2,H1,Earth Radius (m),0,41
GW190412-v2,H1,Earth Mass (kg),0,42
GW190412-v2,H1,Coulomb Constant (N m^2 C^-2),0,43
GW190412-v2,H1,Cosmic Microwave Background Temp (K),0,44
GW190412-v2,H1,Avogadro Constant (1/mol),0,45
GW190412-v2,H1,Astronomical Unit (m),0,46
GW190412-v2,H1,Two Pi,0,47
GW190412-v2,L1,Catalan’s Constant,33,1
GW190412-v2,L1,Apéry’s Constant (zeta(3)),8,2
GW190412-v2,L1,Absolute Zero (K),4,3
GW190412-v2,L1,Planck Charge (C),4,4
GW190412-v2,L1,Planck Length (m),4,5
GW190412-v2,L1,Planck Mass (kg),4,6
GW190412-v2,L1,Neutron Mass (kg),4,7
GW190412-v2,L1,Muon Mass (kg),4,8
GW190412-v2,L1,Gravitational Constant (m^3 kg^-1 s^-2),4,9
GW190412-v2,L1,Planck Time (s),4,10
GW190412-v2,L1,Plastic Constant,4,11
GW190412-v2,L1,Proton Mass (kg),4,12
GW190412-v2,L1,Reduced Planck Constant (J·s),4,13
GW190412-v2,L1,Planck Constant (J·s),4,14
GW190412-v2,L1,Elementary Charge (C),4,15
GW190412-v2,L1,Electron Mass (kg),4,16
GW190412-v2,L1,Critical Density (kg/m^3),4,17
GW190412-v2,L1,Boltzmann Constant (J/K),4,18
GW190412-v2,L1,Baryon-to-Photon Ratio,4,19
GW190412-v2,L1,Tau Mass (kg),4,20
GW190412-v2,L1,Fine-Structure Constant,3,21
GW190412-v2,L1,Euler–Mascheroni Constant,2,22
GW190412-v2,L1,Golden Ratio Conjugate,2,23
GW190412-v2,L1,Square Root of 2,2,24
GW190412-v2,L1,Solar Radius (m),0,25
GW190412-v2,L1,Speed of Light (m/s),0,26
GW190412-v2,L1,Square Root of 3,0,27
GW190412-v2,L1,Planck Temperature (K),0,28
GW190412-v2,L1,Square Root of 5,0,29
GW190412-v2,L1,Solar Mass (kg),0,30
GW190412-v2,L1,Hubble Constant (km/s/Mpc),0,31
GW190412-v2,L1,Pi,0,32
GW190412-v2,L1,Phi Squared,0,33
GW190412-v2,L1,Parsec (m),0,34
GW190412-v2,L1,Khinchin’s Constant,0,35
GW190412-v2,L1,Golden Ratio,0,36
GW190412-v2,L1,Gas Constant R (J/(mol·K)),0,37
GW190412-v2,L1,Feigenbaum Delta,0,38
GW190412-v2,L1,Feigenbaum Alpha,0,39
GW190412-v2,L1,Euler’s Number,0,40
GW190412-v2,L1,Earth Radius (m),0,41
GW190412-v2,L1,Earth Mass (kg),0,42
GW190412-v2,L1,Coulomb Constant (N m^2 C^-2),0,43
GW190412-v2,L1,Cosmic Microwave Background Temp (K),0,44
GW190412-v2,L1,Avogadro Constant (1/mol),0,45
GW190412-v2,L1,Astronomical Unit (m),0,46
GW190412-v2,L1,Two Pi,0,47
GW190412-v3,H1,Catalan’s Constant,61,1
GW190412-v3,H1,Golden Ratio Conjugate,45,2
GW190412-v3,H1,Euler–Mascheroni Constant,45,3
GW190412-v3,H1,Golden Ratio,42,4
GW190412-v3,H1,Apéry’s Constant (zeta(3)),32,5
GW190412-v3,H1,Absolute Zero (K),9,6
GW190412-v3,H1,Planck Constant (J·s),9,7
GW190412-v3,H1,Planck Length (m),9,8
GW190412-v3,H1,Planck Mass (kg),9,9
GW190412-v3,H1,Neutron Mass (kg),9,10
GW190412-v3,H1,Muon Mass (kg),9,11
GW190412-v3,H1,Planck Time (s),9,12
GW190412-v3,H1,Gravitational Constant (m^3 kg^-1 s^-2),9,13
GW190412-v3,H1,Proton Mass (kg),9,14
GW190412-v3,H1,Reduced Planck Constant (J·s),9,15
GW190412-v3,H1,Planck Charge (C),9,16
GW190412-v3,H1,Elementary Charge (C),9,17
GW190412-v3,H1,Electron Mass (kg),9,18
GW190412-v3,H1,Critical Density (kg/m^3),9,19
GW190412-v3,H1,Boltzmann Constant (J/K),9,20
GW190412-v3,H1,Baryon-to-Photon Ratio,9,21
GW190412-v3,H1,Tau Mass (kg),9,22
GW190412-v3,H1,Fine-Structure Constant,8,23
GW190412-v3,H1,Plastic Constant,6,24
GW190412-v3,H1,Square Root of 2,5,25
GW190412-v3,H1,Square Root of 5,4,26
GW190412-v3,H1,Square Root of 3,1,27
GW190412-v3,H1,Solar Radius (m),0,28
GW190412-v3,H1,Speed of Light (m/s),0,29
GW190412-v3,H1,Planck Temperature (K),0,30
GW190412-v3,H1,Solar Mass (kg),0,31
GW190412-v3,H1,Hubble Constant (km/s/Mpc),0,32
GW190412-v3,H1,Pi,0,33
GW190412-v3,H1,Phi Squared,0,34
GW190412-v3,H1,Parsec (m),0,35
GW190412-v3,H1,Khinchin’s Constant,0,36
GW190412-v3,H1,Gas Constant R (J/(mol·K)),0,37
GW190412-v3,H1,Feigenbaum Delta,0,38
GW190412-v3,H1,Feigenbaum Alpha,0,39
GW190412-v3,H1,Euler’s Number,0,40
GW190412-v3,H1,Earth Radius (m),0,41
GW190412-v3,H1,Earth Mass (kg),0,42
GW190412-v3,H1,Coulomb Constant (N m^2 C^-2),0,43
GW190412-v3,H1,Cosmic Microwave Background Temp (K),0,44
GW190412-v3,H1,Avogadro Constant (1/mol),0,45
GW190412-v3,H1,Astronomical Unit (m),0,46
GW190412-v3,H1,Two Pi,0,47
GW190412-v3,L1,Catalan’s Constant,33,1
GW190412-v3,L1,Apéry’s Constant (zeta(3)),8,2
GW190412-v3,L1,Absolute Zero (K),4,3
GW190412-v3,L1,Planck Charge (C),4,4
GW190412-v3,L1,Planck Length (m),4,5
GW190412-v3,L1,Planck Mass (kg),4,6
GW190412-v3,L1,Neutron Mass (kg),4,7
GW190412-v3,L1,Muon Mass (kg),4,8
GW190412-v3,L1,Gravitational Constant (m^3 kg^-1 s^-2),4,9
GW190412-v3,L1,Planck Time (s),4,10
GW190412-v3,L1,Plastic Constant,4,11
GW190412-v3,L1,Proton Mass (kg),4,12
GW190412-v3,L1,Reduced Planck Constant (J·s),4,13
GW190412-v3,L1,Planck Constant (J·s),4,14
GW190412-v3,L1,Elementary Charge (C),4,15
GW190412-v3,L1,Electron Mass (kg),4,16
GW190412-v3,L1,Critical Density (kg/m^3),4,17
GW190412-v3,L1,Boltzmann Constant (J/K),4,18
GW190412-v3,L1,Baryon-to-Photon Ratio,4,19
GW190412-v3,L1,Tau Mass (kg),4,20
GW190412-v3,L1,Fine-Structure Constant,3,21
GW190412-v3,L1,Euler–Mascheroni Constant,2,22
GW190412-v3,L1,Golden Ratio Conjugate,2,23
GW190412-v3,L1,Square Root of 2,2,24
GW190412-v3,L1,Solar Radius (m),0,25
GW190412-v3,L1,Speed of Light (m/s),0,26
GW190412-v3,L1,Square Root of 3,0,27
GW190412-v3,L1,Planck Temperature (K),0,28
GW190412-v3,L1,Square Root of 5,0,29
GW190412-v3,L1,Solar Mass (kg),0,30
GW190412-v3,L1,Hubble Constant (km/s/Mpc),0,31
GW190412-v3,L1,Pi,0,32
GW190412-v3,L1,Phi Squared,0,33
GW190412-v3,L1,Parsec (m),0,34
GW190412-v3,L1,Khinchin’s Constant,0,35
GW190412-v3,L1,Golden Ratio,0,36
GW190412-v3,L1,Gas Constant R (J/(mol·K)),0,37
GW190412-v3,L1,Feigenbaum Delta,0,38
GW190412-v3,L1,Feigenbaum Alpha,0,39
GW190412-v3,L1,Euler’s Number,0,40
GW190412-v3,L1,Earth Radius (m),0,41
GW190412-v3,L1,Earth Mass (kg),0,42
GW190412-v3,L1,Coulomb Constant (N m^2 C^-2),0,43
GW190412-v3,L1,Cosmic Microwave Background Temp (K),0,44
GW190412-v3,L1,Avogadro Constant (1/mol),0,45
GW190412-v3,L1,Astronomical Unit (m),0,46
GW190412-v3,L1,Two Pi,0,47
GW190412_053044-v4,H1,Catalan’s Constant,58,1
GW190412_053044-v4,H1,Golden Ratio Conjugate,38,2
GW190412_053044-v4,H1,Euler–Mascheroni Constant,37,3
GW190412_053044-v4,H1,Golden Ratio,33,4
GW190412_053044-v4,H1,Apéry’s Constant (zeta(3)),25,5
GW190412_053044-v4,H1,Absolute Zero (K),7,6
GW190412_053044-v4,H1,Planck Constant (J·s),7,7
GW190412_053044-v4,H1,Planck Length (m),7,8
GW190412_053044-v4,H1,Planck Mass (kg),7,9
GW190412_053044-v4,H1,Neutron Mass (kg),7,10
GW190412_053044-v4,H1,Muon Mass (kg),7,11
GW190412_053044-v4,H1,Planck Time (s),7,12
GW190412_053044-v4,H1,Gravitational Constant (m^3 kg^-1 s^-2),7,13
GW190412_053044-v4,H1,Proton Mass (kg),7,14
GW190412_053044-v4,H1,Reduced Planck Constant (J·s),7,15
GW190412_053044-v4,H1,Planck Charge (C),7,16
GW190412_053044-v4,H1,Elementary Charge (C),7,17
GW190412_053044-v4,H1,Electron Mass (kg),7,18
GW190412_053044-v4,H1,Critical Density (kg/m^3),7,19
GW190412_053044-v4,H1,Boltzmann Constant (J/K),7,20
GW190412_053044-v4,H1,Baryon-to-Photon Ratio,7,21
GW190412_053044-v4,H1,Tau Mass (kg),7,22
GW190412_053044-v4,H1,Plastic Constant,6,23
GW190412_053044-v4,H1,Fine-Structure Constant,5,24
GW190412_053044-v4,H1,Square Root of 2,5,25
GW190412_053044-v4,H1,Square Root of 5,4,26
GW190412_053044-v4,H1,Square Root of 3,2,27
GW190412_053044-v4,H1,Solar Radius (m),0,28
GW190412_053044-v4,H1,Speed of Light (m/s),0,29
GW190412_053044-v4,H1,Planck Temperature (K),0,30
GW190412_053044-v4,H1,Solar Mass (kg),0,31
GW190412_053044-v4,H1,Hubble Constant (km/s/Mpc),0,32
GW190412_053044-v4,H1,Pi,0,33
GW190412_053044-v4,H1,Phi Squared,0,34
GW190412_053044-v4,H1,Parsec (m),0,35
GW190412_053044-v4,H1,Khinchin’s Constant,0,36
GW190412_053044-v4,H1,Gas Constant R (J/(mol·K)),0,37
GW190412_053044-v4,H1,Feigenbaum Delta,0,38
GW190412_053044-v4,H1,Feigenbaum Alpha,0,39
GW190412_053044-v4,H1,Euler’s Number,0,40
GW190412_053044-v4,H1,Earth Radius (m),0,41
GW190412_053044-v4,H1,Earth Mass (kg),0,42
GW190412_053044-v4,H1,Coulomb Constant (N m^2 C^-2),0,43
GW190412_053044-v4,H1,Cosmic Microwave Background Temp (K),0,44
GW190412_053044-v4,H1,Avogadro Constant (1/mol),0,45
GW190412_053044-v4,H1,Astronomical Unit (m),0,46
GW190412_053044-v4,H1,Two Pi,0,47
GW190412_053044-v4,L1,Catalan’s Constant,35,1
GW190412_053044-v4,L1,Apéry’s Constant (zeta(3)),6,2
GW190412_053044-v4,L1,Absolute Zero (K),5,3
GW190412_053044-v4,L1,Planck Constant (J·s),5,4
GW190412_053044-v4,L1,Planck Length (m),5,5
GW190412_053044-v4,L1,Planck Mass (kg),5,6
GW190412_053044-v4,L1,Neutron Mass (kg),5,7
GW190412_053044-v4,L1,Muon Mass (kg),5,8
GW190412_053044-v4,L1,Planck Time (s),5,9
GW190412_053044-v4,L1,Gravitational Constant (m^3 kg^-1 s^-2),5,10
GW190412_053044-v4,L1,Fine-Structure Constant,5,11
GW190412_053044-v4,L1,Proton Mass (kg),5,12
GW190412_053044-v4,L1,Reduced Planck Constant (J·s),5,13
GW190412_053044-v4,L1,Planck Charge (C),5,14
GW190412_053044-v4,L1,Critical Density (kg/m^3),5,15
GW190412_053044-v4,L1,Elementary Charge (C),5,16
GW190412_053044-v4,L1,Electron Mass (kg),5,17
GW190412_053044-v4,L1,Tau Mass (kg),5,18
GW190412_053044-v4,L1,Baryon-to-Photon Ratio,5,19
GW190412_053044-v4,L1,Boltzmann Constant (J/K),5,20
GW190412_053044-v4,L1,Euler–Mascheroni Constant,4,21
GW190412_053044-v4,L1,Plastic Constant,4,22
GW190412_053044-v4,L1,Golden Ratio Conjugate,3,23
GW190412_053044-v4,L1,Golden Ratio,2,24
GW190412_053044-v4,L1,Square Root of 2,2,25
GW190412_053044-v4,L1,Square Root of 3,0,26
GW190412_053044-v4,L1,Speed of Light (m/s),0,27
GW190412_053044-v4,L1,Planck Temperature (K),0,28
GW190412_053044-v4,L1,Square Root of 5,0,29
GW190412_053044-v4,L1,Solar Radius (m),0,30
GW190412_053044-v4,L1,Solar Mass (kg),0,31
GW190412_053044-v4,L1,Hubble Constant (km/s/Mpc),0,32
GW190412_053044-v4,L1,Pi,0,33
GW190412_053044-v4,L1,Phi Squared,0,34
GW190412_053044-v4,L1,Parsec (m),0,35
GW190412_053044-v4,L1,Khinchin’s Constant,0,36
GW190412_053044-v4,L1,Gas Constant R (J/(mol·K)),0,37
GW190412_053044-v4,L1,Feigenbaum Delta,0,38
GW190412_053044-v4,L1,Feigenbaum Alpha,0,39
GW190412_053044-v4,L1,Euler’s Number,0,40
GW190412_053044-v4,L1,Earth Radius (m),0,41
GW190412_053044-v4,L1,Earth Mass (kg),0,42
GW190412_053044-v4,L1,Coulomb Constant (N m^2 C^-2),0,43
GW190412_053044-v4,L1,Cosmic Microwave Background Temp (K),0,44
GW190412_053044-v4,L1,Avogadro Constant (1/mol),0,45
GW190412_053044-v4,L1,Astronomical Unit (m),0,46
GW190412_053044-v4,L1,Two Pi,0,47
GW190413_052954-v1,H1,Golden Ratio Conjugate,35,1
GW190413_052954-v1,H1,Catalan’s Constant,34,2
GW190413_052954-v1,H1,Euler–Mascheroni Constant,34,3
GW190413_052954-v1,H1,Golden Ratio,26,4
GW190413_052954-v1,H1,Apéry’s Constant (zeta(3)),16,5
GW190413_052954-v1,H1,Absolute Zero (K),4,6
GW190413_052954-v1,H1,Reduced Planck Constant (J·s),4,7
GW190413_052954-v1,H1,Planck Length (m),4,8
GW190413_052954-v1,H1,Planck Mass (kg),4,9
GW190413_052954-v1,H1,Neutron Mass (kg),4,10
GW190413_052954-v1,H1,Muon Mass (kg),4,11
GW190413_052954-v1,H1,Planck Time (s),4,12
GW190413_052954-v1,H1,Gravitational Constant (m^3 kg^-1 s^-2),4,13
GW190413_052954-v1,H1,Plastic Constant,4,14
GW190413_052954-v1,H1,Fine-Structure Constant,4,15
GW190413_052954-v1,H1,Proton Mass (kg),4,16
GW190413_052954-v1,H1,Planck Charge (C),4,17
GW190413_052954-v1,H1,Planck Constant (J·s),4,18
GW190413_052954-v1,H1,Elementary Charge (C),4,19
GW190413_052954-v1,H1,Electron Mass (kg),4,20
GW190413_052954-v1,H1,Critical Density (kg/m^3),4,21
GW190413_052954-v1,H1,Boltzmann Constant (J/K),4,22
GW190413_052954-v1,H1,Baryon-to-Photon Ratio,4,23
GW190413_052954-v1,H1,Tau Mass (kg),4,24
GW190413_052954-v1,H1,Square Root of 2,1,25
GW190413_052954-v1,H1,Solar Radius (m),0,26
GW190413_052954-v1,H1,Speed of Light (m/s),0,27
GW190413_052954-v1,H1,Square Root of 3,0,28
GW190413_052954-v1,H1,Planck Temperature (K),0,29
GW190413_052954-v1,H1,Square Root of 5,0,30
GW190413_052954-v1,H1,Solar Mass (kg),0,31
GW190413_052954-v1,H1,Hubble Constant (km/s/Mpc),0,32
GW190413_052954-v1,H1,Pi,0,33
GW190413_052954-v1,H1,Phi Squared,0,34
GW190413_052954-v1,H1,Parsec (m),0,35
GW190413_052954-v1,H1,Khinchin’s Constant,0,36
GW190413_052954-v1,H1,Gas Constant R (J/(mol·K)),0,37
GW190413_052954-v1,H1,Feigenbaum Delta,0,38
GW190413_052954-v1,H1,Feigenbaum Alpha,0,39
GW190413_052954-v1,H1,Euler’s Number,0,40
GW190413_052954-v1,H1,Earth Radius (m),0,41
GW190413_052954-v1,H1,Earth Mass (kg),0,42
GW190413_052954-v1,H1,Coulomb Constant (N m^2 C^-2),0,43
GW190413_052954-v1,H1,Cosmic Microwave Background Temp (K),0,44
GW190413_052954-v1,H1,Avogadro Constant (1/mol),0,45
GW190413_052954-v1,H1,Astronomical Unit (m),0,46
GW190413_052954-v1,H1,Two Pi,0,47
GW190413_052954-v1,L1,Catalan’s Constant,7,1
GW190413_052954-v1,L1,Absolute Zero (K),4,2
GW190413_052954-v1,L1,Elementary Charge (C),4,3
GW190413_052954-v1,L1,Planck Length (m),4,4
GW190413_052954-v1,L1,Neutron Mass (kg),4,5
GW190413_052954-v1,L1,Muon Mass (kg),4,6
GW190413_052954-v1,L1,Planck Mass (kg),4,7
GW190413_052954-v1,L1,Gravitational Constant (m^3 kg^-1 s^-2),4,8
GW190413_052954-v1,L1,Planck Time (s),4,9
GW190413_052954-v1,L1,Fine-Structure Constant,4,10
GW190413_052954-v1,L1,Proton Mass (kg),4,11
GW190413_052954-v1,L1,Reduced Planck Constant (J·s),4,12
GW190413_052954-v1,L1,Planck Charge (C),4,13
GW190413_052954-v1,L1,Planck Constant (J·s),4,14
GW190413_052954-v1,L1,Electron Mass (kg),4,15
GW190413_052954-v1,L1,Critical Density (kg/m^3),4,16
GW190413_052954-v1,L1,Boltzmann Constant (J/K),4,17
GW190413_052954-v1,L1,Baryon-to-Photon Ratio,4,18
GW190413_052954-v1,L1,Tau Mass (kg),4,19
GW190413_052954-v1,L1,Plastic Constant,2,20
GW190413_052954-v1,L1,Golden Ratio Conjugate,1,21
GW190413_052954-v1,L1,Apéry’s Constant (zeta(3)),1,22
GW190413_052954-v1,L1,Solar Radius (m),0,23
GW190413_052954-v1,L1,Speed of Light (m/s),0,24
GW190413_052954-v1,L1,Square Root of 2,0,25
GW190413_052954-v1,L1,Planck Temperature (K),0,26
GW190413_052954-v1,L1,Square Root of 3,0,27
GW190413_052954-v1,L1,Square Root of 5,0,28
GW190413_052954-v1,L1,Solar Mass (kg),0,29
GW190413_052954-v1,L1,Hubble Constant (km/s/Mpc),0,30
GW190413_052954-v1,L1,Pi,0,31
GW190413_052954-v1,L1,Euler–Mascheroni Constant,0,32
GW190413_052954-v1,L1,Astronomical Unit (m),0,33
GW190413_052954-v1,L1,Avogadro Constant (1/mol),0,34
GW190413_052954-v1,L1,Cosmic Microwave Background Temp (K),0,35
GW190413_052954-v1,L1,Coulomb Constant (N m^2 C^-2),0,36
GW190413_052954-v1,L1,Earth Mass (kg),0,37
GW190413_052954-v1,L1,Earth Radius (m),0,38
GW190413_052954-v1,L1,Euler’s Number,0,39
GW190413_052954-v1,L1,Phi Squared,0,40
GW190413_052954-v1,L1,Feigenbaum Alpha,0,41
GW190413_052954-v1,L1,Feigenbaum Delta,0,42
GW190413_052954-v1,L1,Gas Constant R (J/(mol·K)),0,43
GW190413_052954-v1,L1,Golden Ratio,0,44
GW190413_052954-v1,L1,Khinchin’s Constant,0,45
GW190413_052954-v1,L1,Parsec (m),0,46
GW190413_052954-v1,L1,Two Pi,0,47
GW190413_052954-v2,H1,Golden Ratio Conjugate,35,1
GW190413_052954-v2,H1,Catalan’s Constant,34,2
GW190413_052954-v2,H1,Euler–Mascheroni Constant,34,3
GW190413_052954-v2,H1,Golden Ratio,26,4
GW190413_052954-v2,H1,Apéry’s Constant (zeta(3)),16,5
GW190413_052954-v2,H1,Absolute Zero (K),4,6
GW190413_052954-v2,H1,Reduced Planck Constant (J·s),4,7
GW190413_052954-v2,H1,Planck Length (m),4,8
GW190413_052954-v2,H1,Planck Mass (kg),4,9
GW190413_052954-v2,H1,Neutron Mass (kg),4,10
GW190413_052954-v2,H1,Muon Mass (kg),4,11
GW190413_052954-v2,H1,Planck Time (s),4,12
GW190413_052954-v2,H1,Gravitational Constant (m^3 kg^-1 s^-2),4,13
GW190413_052954-v2,H1,Plastic Constant,4,14
GW190413_052954-v2,H1,Fine-Structure Constant,4,15
GW190413_052954-v2,H1,Proton Mass (kg),4,16
GW190413_052954-v2,H1,Planck Charge (C),4,17
GW190413_052954-v2,H1,Planck Constant (J·s),4,18
GW190413_052954-v2,H1,Elementary Charge (C),4,19
GW190413_052954-v2,H1,Electron Mass (kg),4,20
GW190413_052954-v2,H1,Critical Density (kg/m^3),4,21
GW190413_052954-v2,H1,Boltzmann Constant (J/K),4,22
GW190413_052954-v2,H1,Baryon-to-Photon Ratio,4,23
GW190413_052954-v2,H1,Tau Mass (kg),4,24
GW190413_052954-v2,H1,Square Root of 2,1,25
GW190413_052954-v2,H1,Solar Radius (m),0,26
GW190413_052954-v2,H1,Speed of Light (m/s),0,27
GW190413_052954-v2,H1,Square Root of 3,0,28
GW190413_052954-v2,H1,Planck Temperature (K),0,29
GW190413_052954-v2,H1,Square Root of 5,0,30
GW190413_052954-v2,H1,Solar Mass (kg),0,31
GW190413_052954-v2,H1,Hubble Constant (km/s/Mpc),0,32
GW190413_052954-v2,H1,Pi,0,33
GW190413_052954-v2,H1,Phi Squared,0,34
GW190413_052954-v2,H1,Parsec (m),0,35
GW190413_052954-v2,H1,Khinchin’s Constant,0,36
GW190413_052954-v2,H1,Gas Constant R (J/(mol·K)),0,37
GW190413_052954-v2,H1,Feigenbaum Delta,0,38
GW190413_052954-v2,H1,Feigenbaum Alpha,0,39
GW190413_052954-v2,H1,Euler’s Number,0,40
GW190413_052954-v2,H1,Earth Radius (m),0,41
GW190413_052954-v2,H1,Earth Mass (kg),0,42
GW190413_052954-v2,H1,Coulomb Constant (N m^2 C^-2),0,43
GW190413_052954-v2,H1,Cosmic Microwave Background Temp (K),0,44
GW190413_052954-v2,H1,Avogadro Constant (1/mol),0,45
GW190413_052954-v2,H1,Astronomical Unit (m),0,46
GW190413_052954-v2,H1,Two Pi,0,47
GW190413_052954-v2,L1,Catalan’s Constant,7,1
GW190413_052954-v2,L1,Absolute Zero (K),4,2
GW190413_052954-v2,L1,Elementary Charge (C),4,3
GW190413_052954-v2,L1,Planck Length (m),4,4
GW190413_052954-v2,L1,Neutron Mass (kg),4,5
GW190413_052954-v2,L1,Muon Mass (kg),4,6
GW190413_052954-v2,L1,Planck Mass (kg),4,7
GW190413_052954-v2,L1,Gravitational Constant (m^3 kg^-1 s^-2),4,8
GW190413_052954-v2,L1,Planck Time (s),4,9
GW190413_052954-v2,L1,Fine-Structure Constant,4,10
GW190413_052954-v2,L1,Proton Mass (kg),4,11
GW190413_052954-v2,L1,Reduced Planck Constant (J·s),4,12
GW190413_052954-v2,L1,Planck Charge (C),4,13
GW190413_052954-v2,L1,Planck Constant (J·s),4,14
GW190413_052954-v2,L1,Electron Mass (kg),4,15
GW190413_052954-v2,L1,Critical Density (kg/m^3),4,16
GW190413_052954-v2,L1,Boltzmann Constant (J/K),4,17
GW190413_052954-v2,L1,Baryon-to-Photon Ratio,4,18
GW190413_052954-v2,L1,Tau Mass (kg),4,19
GW190413_052954-v2,L1,Plastic Constant,2,20
GW190413_052954-v2,L1,Golden Ratio Conjugate,1,21
GW190413_052954-v2,L1,Apéry’s Constant (zeta(3)),1,22
GW190413_052954-v2,L1,Solar Radius (m),0,23
GW190413_052954-v2,L1,Speed of Light (m/s),0,24
GW190413_052954-v2,L1,Square Root of 2,0,25
GW190413_052954-v2,L1,Planck Temperature (K),0,26
GW190413_052954-v2,L1,Square Root of 3,0,27
GW190413_052954-v2,L1,Square Root of 5,0,28
GW190413_052954-v2,L1,Solar Mass (kg),0,29
GW190413_052954-v2,L1,Hubble Constant (km/s/Mpc),0,30
GW190413_052954-v2,L1,Pi,0,31
GW190413_052954-v2,L1,Euler–Mascheroni Constant,0,32
GW190413_052954-v2,L1,Astronomical Unit (m),0,33
GW190413_052954-v2,L1,Avogadro Constant (1/mol),0,34
GW190413_052954-v2,L1,Cosmic Microwave Background Temp (K),0,35
GW190413_052954-v2,L1,Coulomb Constant (N m^2 C^-2),0,36
GW190413_052954-v2,L1,Earth Mass (kg),0,37
GW190413_052954-v2,L1,Earth Radius (m),0,38
GW190413_052954-v2,L1,Euler’s Number,0,39
GW190413_052954-v2,L1,Phi Squared,0,40
GW190413_052954-v2,L1,Feigenbaum Alpha,0,41
GW190413_052954-v2,L1,Feigenbaum Delta,0,42
GW190413_052954-v2,L1,Gas Constant R (J/(mol·K)),0,43
GW190413_052954-v2,L1,Golden Ratio,0,44
GW190413_052954-v2,L1,Khinchin’s Constant,0,45
GW190413_052954-v2,L1,Parsec (m),0,46
GW190413_052954-v2,L1,Two Pi,0,47
GW190413_134308-v1,H1,Catalan’s Constant,42,1
GW190413_134308-v1,H1,Golden Ratio Conjugate,26,2
GW190413_134308-v1,H1,Euler–Mascheroni Constant,25,3
GW190413_134308-v1,H1,Golden Ratio,23,4
GW190413_134308-v1,H1,Apéry’s Constant (zeta(3)),8,5
GW190413_134308-v1,H1,Plastic Constant,4,6
GW190413_134308-v1,H1,Absolute Zero (K),3,7
GW190413_134308-v1,H1,Reduced Planck Constant (J·s),3,8
GW190413_134308-v1,H1,Planck Length (m),3,9
GW190413_134308-v1,H1,Planck Mass (kg),3,10
GW190413_134308-v1,H1,Neutron Mass (kg),3,11
GW190413_134308-v1,H1,Muon Mass (kg),3,12
GW190413_134308-v1,H1,Planck Time (s),3,13
GW190413_134308-v1,H1,Gravitational Constant (m^3 kg^-1 s^-2),3,14
GW190413_134308-v1,H1,Fine-Structure Constant,3,15
GW190413_134308-v1,H1,Proton Mass (kg),3,16
GW190413_134308-v1,H1,Planck Charge (C),3,17
GW190413_134308-v1,H1,Planck Constant (J·s),3,18
GW190413_134308-v1,H1,Elementary Charge (C),3,19
GW190413_134308-v1,H1,Electron Mass (kg),3,20
GW190413_134308-v1,H1,Critical Density (kg/m^3),3,21
GW190413_134308-v1,H1,Boltzmann Constant (J/K),3,22
GW190413_134308-v1,H1,Baryon-to-Photon Ratio,3,23
GW190413_134308-v1,H1,Tau Mass (kg),3,24
GW190413_134308-v1,H1,Square Root of 2,2,25
GW190413_134308-v1,H1,Square Root of 3,1,26
GW190413_134308-v1,H1,Solar Radius (m),0,27
GW190413_134308-v1,H1,Speed of Light (m/s),0,28
GW190413_134308-v1,H1,Planck Temperature (K),0,29
GW190413_134308-v1,H1,Square Root of 5,0,30
GW190413_134308-v1,H1,Solar Mass (kg),0,31
GW190413_134308-v1,H1,Hubble Constant (km/s/Mpc),0,32
GW190413_134308-v1,H1,Pi,0,33
GW190413_134308-v1,H1,Phi Squared,0,34
GW190413_134308-v1,H1,Parsec (m),0,35
GW190413_134308-v1,H1,Khinchin’s Constant,0,36
GW190413_134308-v1,H1,Gas Constant R (J/(mol·K)),0,37
GW190413_134308-v1,H1,Feigenbaum Delta,0,38
GW190413_134308-v1,H1,Feigenbaum Alpha,0,39
GW190413_134308-v1,H1,Euler’s Number,0,40
GW190413_134308-v1,H1,Earth Radius (m),0,41
GW190413_134308-v1,H1,Earth Mass (kg),0,42
GW190413_134308-v1,H1,Coulomb Constant (N m^2 C^-2),0,43
GW190413_134308-v1,H1,Cosmic Microwave Background Temp (K),0,44
GW190413_134308-v1,H1,Avogadro Constant (1/mol),0,45
GW190413_134308-v1,H1,Astronomical Unit (m),0,46
GW190413_134308-v1,H1,Two Pi,0,47
GW190413_134308-v1,L1,Catalan’s Constant,16,1
GW190413_134308-v1,L1,Absolute Zero (K),3,2
GW190413_134308-v1,L1,Elementary Charge (C),3,3
GW190413_134308-v1,L1,Planck Charge (C),3,4
GW190413_134308-v1,L1,Planck Mass (kg),3,5
GW190413_134308-v1,L1,Neutron Mass (kg),3,6
GW190413_134308-v1,L1,Muon Mass (kg),3,7
GW190413_134308-v1,L1,Gravitational Constant (m^3 kg^-1 s^-2),3,8
GW190413_134308-v1,L1,Planck Time (s),3,9
GW190413_134308-v1,L1,Fine-Structure Constant,3,10
GW190413_134308-v1,L1,Proton Mass (kg),3,11
GW190413_134308-v1,L1,Planck Length (m),3,12
GW190413_134308-v1,L1,Reduced Planck Constant (J·s),3,13
GW190413_134308-v1,L1,Electron Mass (kg),3,14
GW190413_134308-v1,L1,Critical Density (kg/m^3),3,15
GW190413_134308-v1,L1,Tau Mass (kg),3,16
GW190413_134308-v1,L1,Baryon-to-Photon Ratio,3,17
GW190413_134308-v1,L1,Boltzmann Constant (J/K),3,18
GW190413_134308-v1,L1,Planck Constant (J·s),3,19
GW190413_134308-v1,L1,Euler–Mascheroni Constant,2,20
GW190413_134308-v1,L1,Apéry’s Constant (zeta(3)),2,21
GW190413_134308-v1,L1,Square Root of 2,1,22
GW190413_134308-v1,L1,Golden Ratio Conjugate,1,23
GW190413_134308-v1,L1,Khinchin’s Constant,1,24
GW190413_134308-v1,L1,Phi Squared,1,25
GW190413_134308-v1,L1,Square Root of 5,1,26
GW190413_134308-v1,L1,Plastic Constant,0,27
GW190413_134308-v1,L1,Speed of Light (m/s),0,28
GW190413_134308-v1,L1,Solar Radius (m),0,29
GW190413_134308-v1,L1,Planck Temperature (K),0,30
GW190413_134308-v1,L1,Solar Mass (kg),0,31
GW190413_134308-v1,L1,Square Root of 3,0,32
GW190413_134308-v1,L1,Hubble Constant (km/s/Mpc),0,33
GW190413_134308-v1,L1,Pi,0,34
GW190413_134308-v1,L1,Parsec (m),0,35
GW190413_134308-v1,L1,Golden Ratio,0,36
GW190413_134308-v1,L1,Gas Constant R (J/(mol·K)),0,37
GW190413_134308-v1,L1,Feigenbaum Delta,0,38
GW190413_134308-v1,L1,Feigenbaum Alpha,0,39
GW190413_134308-v1,L1,Euler’s Number,0,40
GW190413_134308-v1,L1,Earth Radius (m),0,41
GW190413_134308-v1,L1,Earth Mass (kg),0,42
GW190413_134308-v1,L1,Coulomb Constant (N m^2 C^-2),0,43
GW190413_134308-v1,L1,Cosmic Microwave Background Temp (K),0,44
GW190413_134308-v1,L1,Avogadro Constant (1/mol),0,45
GW190413_134308-v1,L1,Astronomical Unit (m),0,46
GW190413_134308-v1,L1,Two Pi,0,47
GW190413_134308-v2,H1,Catalan’s Constant,42,1
GW190413_134308-v2,H1,Golden Ratio Conjugate,26,2
GW190413_134308-v2,H1,Euler–Mascheroni Constant,25,3
GW190413_134308-v2,H1,Golden Ratio,23,4
GW190413_134308-v2,H1,Apéry’s Constant (zeta(3)),8,5
GW190413_134308-v2,H1,Plastic Constant,4,6
GW190413_134308-v2,H1,Absolute Zero (K),3,7
GW190413_134308-v2,H1,Reduced Planck Constant (J·s),3,8
GW190413_134308-v2,H1,Planck Length (m),3,9
GW190413_134308-v2,H1,Planck Mass (kg),3,10
GW190413_134308-v2,H1,Neutron Mass (kg),3,11
GW190413_134308-v2,H1,Muon Mass (kg),3,12
GW190413_134308-v2,H1,Planck Time (s),3,13
GW190413_134308-v2,H1,Gravitational Constant (m^3 kg^-1 s^-2),3,14
GW190413_134308-v2,H1,Fine-Structure Constant,3,15
GW190413_134308-v2,H1,Proton Mass (kg),3,16
GW190413_134308-v2,H1,Planck Charge (C),3,17
GW190413_134308-v2,H1,Planck Constant (J·s),3,18
GW190413_134308-v2,H1,Elementary Charge (C),3,19
GW190413_134308-v2,H1,Electron Mass (kg),3,20
GW190413_134308-v2,H1,Critical Density (kg/m^3),3,21
GW190413_134308-v2,H1,Boltzmann Constant (J/K),3,22
GW190413_134308-v2,H1,Baryon-to-Photon Ratio,3,23
GW190413_134308-v2,H1,Tau Mass (kg),3,24
GW190413_134308-v2,H1,Square Root of 2,2,25
GW190413_134308-v2,H1,Square Root of 3,1,26
GW190413_134308-v2,H1,Solar Radius (m),0,27
GW190413_134308-v2,H1,Speed of Light (m/s),0,28
GW190413_134308-v2,H1,Planck Temperature (K),0,29
GW190413_134308-v2,H1,Square Root of 5,0,30
GW190413_134308-v2,H1,Solar Mass (kg),0,31
GW190413_134308-v2,H1,Hubble Constant (km/s/Mpc),0,32
GW190413_134308-v2,H1,Pi,0,33
GW190413_134308-v2,H1,Phi Squared,0,34
GW190413_134308-v2,H1,Parsec (m),0,35
GW190413_134308-v2,H1,Khinchin’s Constant,0,36
GW190413_134308-v2,H1,Gas Constant R (J/(mol·K)),0,37
GW190413_134308-v2,H1,Feigenbaum Delta,0,38
GW190413_134308-v2,H1,Feigenbaum Alpha,0,39
GW190413_134308-v2,H1,Euler’s Number,0,40
GW190413_134308-v2,H1,Earth Radius (m),0,41
GW190413_134308-v2,H1,Earth Mass (kg),0,42
GW190413_134308-v2,H1,Coulomb Constant (N m^2 C^-2),0,43
GW190413_134308-v2,H1,Cosmic Microwave Background Temp (K),0,44
GW190413_134308-v2,H1,Avogadro Constant (1/mol),0,45
GW190413_134308-v2,H1,Astronomical Unit (m),0,46
GW190413_134308-v2,H1,Two Pi,0,47
GW190413_134308-v2,L1,Catalan’s Constant,16,1
GW190413_134308-v2,L1,Absolute Zero (K),3,2
GW190413_134308-v2,L1,Elementary Charge (C),3,3
GW190413_134308-v2,L1,Planck Charge (C),3,4
GW190413_134308-v2,L1,Planck Mass (kg),3,5
GW190413_134308-v2,L1,Neutron Mass (kg),3,6
GW190413_134308-v2,L1,Muon Mass (kg),3,7
GW190413_134308-v2,L1,Gravitational Constant (m^3 kg^-1 s^-2),3,8
GW190413_134308-v2,L1,Planck Time (s),3,9
GW190413_134308-v2,L1,Fine-Structure Constant,3,10
GW190413_134308-v2,L1,Proton Mass (kg),3,11
GW190413_134308-v2,L1,Planck Length (m),3,12
GW190413_134308-v2,L1,Reduced Planck Constant (J·s),3,13
GW190413_134308-v2,L1,Electron Mass (kg),3,14
GW190413_134308-v2,L1,Critical Density (kg/m^3),3,15
GW190413_134308-v2,L1,Tau Mass (kg),3,16
GW190413_134308-v2,L1,Baryon-to-Photon Ratio,3,17
GW190413_134308-v2,L1,Boltzmann Constant (J/K),3,18
GW190413_134308-v2,L1,Planck Constant (J·s),3,19
GW190413_134308-v2,L1,Euler–Mascheroni Constant,2,20
GW190413_134308-v2,L1,Apéry’s Constant (zeta(3)),2,21
GW190413_134308-v2,L1,Square Root of 2,1,22
GW190413_134308-v2,L1,Golden Ratio Conjugate,1,23
GW190413_134308-v2,L1,Khinchin’s Constant,1,24
GW190413_134308-v2,L1,Phi Squared,1,25
GW190413_134308-v2,L1,Square Root of 5,1,26
GW190413_134308-v2,L1,Plastic Constant,0,27
GW190413_134308-v2,L1,Speed of Light (m/s),0,28
GW190413_134308-v2,L1,Solar Radius (m),0,29
GW190413_134308-v2,L1,Planck Temperature (K),0,30
GW190413_134308-v2,L1,Solar Mass (kg),0,31
GW190413_134308-v2,L1,Square Root of 3,0,32
GW190413_134308-v2,L1,Hubble Constant (km/s/Mpc),0,33
GW190413_134308-v2,L1,Pi,0,34
GW190413_134308-v2,L1,Parsec (m),0,35
GW190413_134308-v2,L1,Golden Ratio,0,36
GW190413_134308-v2,L1,Gas Constant R (J/(mol·K)),0,37
GW190413_134308-v2,L1,Feigenbaum Delta,0,38
GW190413_134308-v2,L1,Feigenbaum Alpha,0,39
GW190413_134308-v2,L1,Euler’s Number,0,40
GW190413_134308-v2,L1,Earth Radius (m),0,41
GW190413_134308-v2,L1,Earth Mass (kg),0,42
GW190413_134308-v2,L1,Coulomb Constant (N m^2 C^-2),0,43
GW190413_134308-v2,L1,Cosmic Microwave Background Temp (K),0,44
GW190413_134308-v2,L1,Avogadro Constant (1/mol),0,45
GW190413_134308-v2,L1,Astronomical Unit (m),0,46
GW190413_134308-v2,L1,Two Pi,0,47
GW190421_213856-v1,H1,Catalan’s Constant,50,1
GW190421_213856-v1,H1,Apéry’s Constant (zeta(3)),26,2
GW190421_213856-v1,H1,Euler–Mascheroni Constant,23,3
GW190421_213856-v1,H1,Golden Ratio Conjugate,22,4
GW190421_213856-v1,H1,Golden Ratio,20,5
GW190421_213856-v1,H1,Plastic Constant,7,6
GW190421_213856-v1,H1,Absolute Zero (K),6,7
GW190421_213856-v1,H1,Planck Time (s),6,8
GW190421_213856-v1,H1,Planck Length (m),6,9
GW190421_213856-v1,H1,Planck Constant (J·s),6,10
GW190421_213856-v1,H1,Planck Charge (C),6,11
GW190421_213856-v1,H1,Proton Mass (kg),6,12
GW190421_213856-v1,H1,Reduced Planck Constant (J·s),6,13
GW190421_213856-v1,H1,Neutron Mass (kg),6,14
GW190421_213856-v1,H1,Muon Mass (kg),6,15
GW190421_213856-v1,H1,Gravitational Constant (m^3 kg^-1 s^-2),6,16
GW190421_213856-v1,H1,Planck Mass (kg),6,17
GW190421_213856-v1,H1,Tau Mass (kg),6,18
GW190421_213856-v1,H1,Elementary Charge (C),6,19
GW190421_213856-v1,H1,Electron Mass (kg),6,20
GW190421_213856-v1,H1,Baryon-to-Photon Ratio,6,21
GW190421_213856-v1,H1,Boltzmann Constant (J/K),6,22
GW190421_213856-v1,H1,Critical Density (kg/m^3),6,23
GW190421_213856-v1,H1,Fine-Structure Constant,5,24
GW190421_213856-v1,H1,Feigenbaum Alpha,1,25
GW190421_213856-v1,H1,Cosmic Microwave Background Temp (K),1,26
GW190421_213856-v1,H1,Square Root of 5,1,27
GW190421_213856-v1,H1,Square Root of 2,1,28
GW190421_213856-v1,H1,Square Root of 3,1,29
GW190421_213856-v1,H1,Khinchin’s Constant,1,30
GW190421_213856-v1,H1,Euler’s Number,1,31
GW190421_213856-v1,H1,Speed of Light (m/s),0,32
GW190421_213856-v1,H1,Solar Mass (kg),0,33
GW190421_213856-v1,H1,Solar Radius (m),0,34
GW190421_213856-v1,H1,Hubble Constant (km/s/Mpc),0,35
GW190421_213856-v1,H1,Planck Temperature (K),0,36
GW190421_213856-v1,H1,Pi,0,37
GW190421_213856-v1,H1,Phi Squared,0,38
GW190421_213856-v1,H1,Parsec (m),0,39
GW190421_213856-v1,H1,Gas Constant R (J/(mol·K)),0,40
GW190421_213856-v1,H1,Feigenbaum Delta,0,41
GW190421_213856-v1,H1,Earth Radius (m),0,42
GW190421_213856-v1,H1,Earth Mass (kg),0,43
GW190421_213856-v1,H1,Coulomb Constant (N m^2 C^-2),0,44
GW190421_213856-v1,H1,Avogadro Constant (1/mol),0,45
GW190421_213856-v1,H1,Astronomical Unit (m),0,46
GW190421_213856-v1,H1,Two Pi,0,47
GW190421_213856-v1,L1,Catalan’s Constant,48,1
GW190421_213856-v1,L1,Plastic Constant,11,2
GW190421_213856-v1,L1,Apéry’s Constant (zeta(3)),9,3
GW190421_213856-v1,L1,Fine-Structure Constant,6,4
GW190421_213856-v1,L1,Absolute Zero (K),5,5
GW190421_213856-v1,L1,Planck Constant (J·s),5,6
GW190421_213856-v1,L1,Planck Length (m),5,7
GW190421_213856-v1,L1,Planck Mass (kg),5,8
GW190421_213856-v1,L1,Neutron Mass (kg),5,9
GW190421_213856-v1,L1,Muon Mass (kg),5,10
GW190421_213856-v1,L1,Planck Time (s),5,11
GW190421_213856-v1,L1,Gravitational Constant (m^3 kg^-1 s^-2),5,12
GW190421_213856-v1,L1,Proton Mass (kg),5,13
GW190421_213856-v1,L1,Reduced Planck Constant (J·s),5,14
GW190421_213856-v1,L1,Planck Charge (C),5,15
GW190421_213856-v1,L1,Elementary Charge (C),5,16
GW190421_213856-v1,L1,Electron Mass (kg),5,17
GW190421_213856-v1,L1,Critical Density (kg/m^3),5,18
GW190421_213856-v1,L1,Boltzmann Constant (J/K),5,19
GW190421_213856-v1,L1,Baryon-to-Photon Ratio,5,20
GW190421_213856-v1,L1,Tau Mass (kg),5,21
GW190421_213856-v1,L1,Golden Ratio Conjugate,2,22
GW190421_213856-v1,L1,Square Root of 2,2,23
GW190421_213856-v1,L1,Euler–Mascheroni Constant,1,24
GW190421_213856-v1,L1,Golden Ratio,1,25
GW190421_213856-v1,L1,Square Root of 3,1,26
GW190421_213856-v1,L1,Solar Radius (m),0,27
GW190421_213856-v1,L1,Speed of Light (m/s),0,28
GW190421_213856-v1,L1,Planck Temperature (K),0,29
GW190421_213856-v1,L1,Square Root of 5,0,30
GW190421_213856-v1,L1,Solar Mass (kg),0,31
GW190421_213856-v1,L1,Hubble Constant (km/s/Mpc),0,32
GW190421_213856-v1,L1,Pi,0,33
GW190421_213856-v1,L1,Phi Squared,0,34
GW190421_213856-v1,L1,Parsec (m),0,35
GW190421_213856-v1,L1,Khinchin’s Constant,0,36
GW190421_213856-v1,L1,Gas Constant R (J/(mol·K)),0,37
GW190421_213856-v1,L1,Feigenbaum Delta,0,38
GW190421_213856-v1,L1,Feigenbaum Alpha,0,39
GW190421_213856-v1,L1,Euler’s Number,0,40
GW190421_213856-v1,L1,Earth Radius (m),0,41
GW190421_213856-v1,L1,Earth Mass (kg),0,42
GW190421_213856-v1,L1,Coulomb Constant (N m^2 C^-2),0,43
GW190421_213856-v1,L1,Cosmic Microwave Background Temp (K),0,44
GW190421_213856-v1,L1,Avogadro Constant (1/mol),0,45
GW190421_213856-v1,L1,Astronomical Unit (m),0,46
GW190421_213856-v1,L1,Two Pi,0,47
GW190421_213856-v2,H1,Catalan’s Constant,51,1
GW190421_213856-v2,H1,Apéry’s Constant (zeta(3)),32,2
GW190421_213856-v2,H1,Golden Ratio Conjugate,21,3
GW190421_213856-v2,H1,Euler–Mascheroni Constant,19,4
GW190421_213856-v2,H1,Golden Ratio,18,5
GW190421_213856-v2,H1,Absolute Zero (K),7,6
GW190421_213856-v2,H1,Electron Mass (kg),7,7
GW190421_213856-v2,H1,Muon Mass (kg),7,8
GW190421_213856-v2,H1,Planck Time (s),7,9
GW190421_213856-v2,H1,Neutron Mass (kg),7,10
GW190421_213856-v2,H1,Reduced Planck Constant (J·s),7,11
GW190421_213856-v2,H1,Elementary Charge (C),7,12
GW190421_213856-v2,H1,Proton Mass (kg),7,13
GW190421_213856-v2,H1,Planck Charge (C),7,14
GW190421_213856-v2,H1,Critical Density (kg/m^3),7,15
GW190421_213856-v2,H1,Planck Constant (J·s),7,16
GW190421_213856-v2,H1,Planck Length (m),7,17
GW190421_213856-v2,H1,Boltzmann Constant (J/K),7,18
GW190421_213856-v2,H1,Baryon-to-Photon Ratio,7,19
GW190421_213856-v2,H1,Planck Mass (kg),7,20
GW190421_213856-v2,H1,Tau Mass (kg),7,21
GW190421_213856-v2,H1,Gravitational Constant (m^3 kg^-1 s^-2),7,22
GW190421_213856-v2,H1,Fine-Structure Constant,6,23
GW190421_213856-v2,H1,Plastic Constant,5,24
GW190421_213856-v2,H1,Square Root of 2,3,25
GW190421_213856-v2,H1,Euler’s Number,2,26
GW190421_213856-v2,H1,Cosmic Microwave Background Temp (K),2,27
GW190421_213856-v2,H1,Khinchin’s Constant,1,28
GW190421_213856-v2,H1,Feigenbaum Alpha,1,29
GW190421_213856-v2,H1,Phi Squared,1,30
GW190421_213856-v2,H1,Square Root of 5,1,31
GW190421_213856-v2,H1,Solar Mass (kg),0,32
GW190421_213856-v2,H1,Speed of Light (m/s),0,33
GW190421_213856-v2,H1,Square Root of 3,0,34
GW190421_213856-v2,H1,Solar Radius (m),0,35
GW190421_213856-v2,H1,Hubble Constant (km/s/Mpc),0,36
GW190421_213856-v2,H1,Planck Temperature (K),0,37
GW190421_213856-v2,H1,Pi,0,38
GW190421_213856-v2,H1,Parsec (m),0,39
GW190421_213856-v2,H1,Gas Constant R (J/(mol·K)),0,40
GW190421_213856-v2,H1,Feigenbaum Delta,0,41
GW190421_213856-v2,H1,Earth Radius (m),0,42
GW190421_213856-v2,H1,Earth Mass (kg),0,43
GW190421_213856-v2,H1,Coulomb Constant (N m^2 C^-2),0,44
GW190421_213856-v2,H1,Avogadro Constant (1/mol),0,45
GW190421_213856-v2,H1,Astronomical Unit (m),0,46
GW190421_213856-v2,H1,Two Pi,0,47
GW190421_213856-v2,L1,Catalan’s Constant,54,1
GW190421_213856-v2,L1,Plastic Constant,7,2
GW190421_213856-v2,L1,Fine-Structure Constant,7,3
GW190421_213856-v2,L1,Apéry’s Constant (zeta(3)),6,4
GW190421_213856-v2,L1,Absolute Zero (K),4,5
GW190421_213856-v2,L1,Planck Constant (J·s),4,6
GW190421_213856-v2,L1,Planck Length (m),4,7
GW190421_213856-v2,L1,Planck Mass (kg),4,8
GW190421_213856-v2,L1,Neutron Mass (kg),4,9
GW190421_213856-v2,L1,Muon Mass (kg),4,10
GW190421_213856-v2,L1,Gravitational Constant (m^3 kg^-1 s^-2),4,11
GW190421_213856-v2,L1,Planck Time (s),4,12
GW190421_213856-v2,L1,Proton Mass (kg),4,13
GW190421_213856-v2,L1,Reduced Planck Constant (J·s),4,14
GW190421_213856-v2,L1,Planck Charge (C),4,15
GW190421_213856-v2,L1,Elementary Charge (C),4,16
GW190421_213856-v2,L1,Electron Mass (kg),4,17
GW190421_213856-v2,L1,Critical Density (kg/m^3),4,18
GW190421_213856-v2,L1,Boltzmann Constant (J/K),4,19
GW190421_213856-v2,L1,Baryon-to-Photon Ratio,4,20
GW190421_213856-v2,L1,Tau Mass (kg),4,21
GW190421_213856-v2,L1,Golden Ratio Conjugate,2,22
GW190421_213856-v2,L1,Square Root of 2,2,23
GW190421_213856-v2,L1,Square Root of 3,2,24
GW190421_213856-v2,L1,Euler–Mascheroni Constant,1,25
GW190421_213856-v2,L1,Pi,1,26
GW190421_213856-v2,L1,Solar Radius (m),0,27
GW190421_213856-v2,L1,Speed of Light (m/s),0,28
GW190421_213856-v2,L1,Planck Temperature (K),0,29
GW190421_213856-v2,L1,Square Root of 5,0,30
GW190421_213856-v2,L1,Solar Mass (kg),0,31
GW190421_213856-v2,L1,Hubble Constant (km/s/Mpc),0,32
GW190421_213856-v2,L1,Phi Squared,0,33
GW190421_213856-v2,L1,Parsec (m),0,34
GW190421_213856-v2,L1,Khinchin’s Constant,0,35
GW190421_213856-v2,L1,Golden Ratio,0,36
GW190421_213856-v2,L1,Gas Constant R (J/(mol·K)),0,37
GW190421_213856-v2,L1,Feigenbaum Delta,0,38
GW190421_213856-v2,L1,Feigenbaum Alpha,0,39
GW190421_213856-v2,L1,Euler’s Number,0,40
GW190421_213856-v2,L1,Earth Radius (m),0,41
GW190421_213856-v2,L1,Earth Mass (kg),0,42
GW190421_213856-v2,L1,Coulomb Constant (N m^2 C^-2),0,43
GW190421_213856-v2,L1,Cosmic Microwave Background Temp (K),0,44
GW190421_213856-v2,L1,Avogadro Constant (1/mol),0,45
GW190421_213856-v2,L1,Astronomical Unit (m),0,46
GW190421_213856-v2,L1,Two Pi,0,47
GW190424_180648-v1,L1,Catalan’s Constant,42,1
GW190424_180648-v1,L1,Apéry’s Constant (zeta(3)),8,2
GW190424_180648-v1,L1,Absolute Zero (K),5,3
GW190424_180648-v1,L1,Elementary Charge (C),5,4
GW190424_180648-v1,L1,Planck Constant (J·s),5,5
GW190424_180648-v1,L1,Planck Charge (C),5,6
GW190424_180648-v1,L1,Planck Time (s),5,7
GW190424_180648-v1,L1,Neutron Mass (kg),5,8
GW190424_180648-v1,L1,Muon Mass (kg),5,9
GW190424_180648-v1,L1,Gravitational Constant (m^3 kg^-1 s^-2),5,10
GW190424_180648-v1,L1,Fine-Structure Constant,5,11
GW190424_180648-v1,L1,Proton Mass (kg),5,12
GW190424_180648-v1,L1,Planck Mass (kg),5,13
GW190424_180648-v1,L1,Reduced Planck Constant (J·s),5,14
GW190424_180648-v1,L1,Planck Length (m),5,15
GW190424_180648-v1,L1,Electron Mass (kg),5,16
GW190424_180648-v1,L1,Tau Mass (kg),5,17
GW190424_180648-v1,L1,Critical Density (kg/m^3),5,18
GW190424_180648-v1,L1,Baryon-to-Photon Ratio,5,19
GW190424_180648-v1,L1,Boltzmann Constant (J/K),5,20
GW190424_180648-v1,L1,Plastic Constant,4,21
GW190424_180648-v1,L1,Golden Ratio Conjugate,2,22
GW190424_180648-v1,L1,Square Root of 3,1,23
GW190424_180648-v1,L1,Square Root of 5,1,24
GW190424_180648-v1,L1,Phi Squared,1,25
GW190424_180648-v1,L1,Euler–Mascheroni Constant,1,26
GW190424_180648-v1,L1,Khinchin’s Constant,1,27
GW190424_180648-v1,L1,Golden Ratio,1,28
GW190424_180648-v1,L1,Square Root of 2,1,29
GW190424_180648-v1,L1,Solar Mass (kg),0,30
GW190424_180648-v1,L1,Planck Temperature (K),0,31
GW190424_180648-v1,L1,Speed of Light (m/s),0,32
GW190424_180648-v1,L1,Solar Radius (m),0,33
GW190424_180648-v1,L1,Hubble Constant (km/s/Mpc),0,34
GW190424_180648-v1,L1,Pi,0,35
GW190424_180648-v1,L1,Parsec (m),0,36
GW190424_180648-v1,L1,Gas Constant R (J/(mol·K)),0,37
GW190424_180648-v1,L1,Feigenbaum Delta,0,38
GW190424_180648-v1,L1,Feigenbaum Alpha,0,39
GW190424_180648-v1,L1,Euler’s Number,0,40
GW190424_180648-v1,L1,Earth Radius (m),0,41
GW190424_180648-v1,L1,Earth Mass (kg),0,42
GW190424_180648-v1,L1,Coulomb Constant (N m^2 C^-2),0,43
GW190424_180648-v1,L1,Cosmic Microwave Background Temp (K),0,44
GW190424_180648-v1,L1,Avogadro Constant (1/mol),0,45
GW190424_180648-v1,L1,Astronomical Unit (m),0,46
GW190424_180648-v1,L1,Two Pi,0,47
GW190424_180648-v2,L1,Catalan’s Constant,42,1
GW190424_180648-v2,L1,Apéry’s Constant (zeta(3)),8,2
GW190424_180648-v2,L1,Absolute Zero (K),5,3
GW190424_180648-v2,L1,Elementary Charge (C),5,4
GW190424_180648-v2,L1,Planck Constant (J·s),5,5
GW190424_180648-v2,L1,Planck Charge (C),5,6
GW190424_180648-v2,L1,Planck Time (s),5,7
GW190424_180648-v2,L1,Neutron Mass (kg),5,8
GW190424_180648-v2,L1,Muon Mass (kg),5,9
GW190424_180648-v2,L1,Gravitational Constant (m^3 kg^-1 s^-2),5,10
GW190424_180648-v2,L1,Fine-Structure Constant,5,11
GW190424_180648-v2,L1,Proton Mass (kg),5,12
GW190424_180648-v2,L1,Planck Mass (kg),5,13
GW190424_180648-v2,L1,Reduced Planck Constant (J·s),5,14
GW190424_180648-v2,L1,Planck Length (m),5,15
GW190424_180648-v2,L1,Electron Mass (kg),5,16
GW190424_180648-v2,L1,Tau Mass (kg),5,17
GW190424_180648-v2,L1,Critical Density (kg/m^3),5,18
GW190424_180648-v2,L1,Baryon-to-Photon Ratio,5,19
GW190424_180648-v2,L1,Boltzmann Constant (J/K),5,20
GW190424_180648-v2,L1,Plastic Constant,4,21
GW190424_180648-v2,L1,Golden Ratio Conjugate,2,22
GW190424_180648-v2,L1,Square Root of 3,1,23
GW190424_180648-v2,L1,Square Root of 5,1,24
GW190424_180648-v2,L1,Phi Squared,1,25
GW190424_180648-v2,L1,Euler–Mascheroni Constant,1,26
GW190424_180648-v2,L1,Khinchin’s Constant,1,27
GW190424_180648-v2,L1,Golden Ratio,1,28
GW190424_180648-v2,L1,Square Root of 2,1,29
GW190424_180648-v2,L1,Solar Mass (kg),0,30
GW190424_180648-v2,L1,Planck Temperature (K),0,31
GW190424_180648-v2,L1,Speed of Light (m/s),0,32
GW190424_180648-v2,L1,Solar Radius (m),0,33
GW190424_180648-v2,L1,Hubble Constant (km/s/Mpc),0,34
GW190424_180648-v2,L1,Pi,0,35
GW190424_180648-v2,L1,Parsec (m),0,36
GW190424_180648-v2,L1,Gas Constant R (J/(mol·K)),0,37
GW190424_180648-v2,L1,Feigenbaum Delta,0,38
GW190424_180648-v2,L1,Feigenbaum Alpha,0,39
GW190424_180648-v2,L1,Euler’s Number,0,40
GW190424_180648-v2,L1,Earth Radius (m),0,41
GW190424_180648-v2,L1,Earth Mass (kg),0,42
GW190424_180648-v2,L1,Coulomb Constant (N m^2 C^-2),0,43
GW190424_180648-v2,L1,Cosmic Microwave Background Temp (K),0,44
GW190424_180648-v2,L1,Avogadro Constant (1/mol),0,45
GW190424_180648-v2,L1,Astronomical Unit (m),0,46
GW190424_180648-v2,L1,Two Pi,0,47
GW190425-v1,L1,Catalan’s Constant,37,1
GW190425-v1,L1,Apéry’s Constant (zeta(3)),9,2
GW190425-v1,L1,Absolute Zero (K),7,3
GW190425-v1,L1,Fine-Structure Constant,7,4
GW190425-v1,L1,Planck Length (m),7,5
GW190425-v1,L1,Planck Constant (J·s),7,6
GW190425-v1,L1,Planck Charge (C),7,7
GW190425-v1,L1,Planck Time (s),7,8
GW190425-v1,L1,Proton Mass (kg),7,9
GW190425-v1,L1,Neutron Mass (kg),7,10
GW190425-v1,L1,Muon Mass (kg),7,11
GW190425-v1,L1,Gravitational Constant (m^3 kg^-1 s^-2),7,12
GW190425-v1,L1,Reduced Planck Constant (J·s),7,13
GW190425-v1,L1,Planck Mass (kg),7,14
GW190425-v1,L1,Tau Mass (kg),7,15
GW190425-v1,L1,Baryon-to-Photon Ratio,7,16
GW190425-v1,L1,Elementary Charge (C),7,17
GW190425-v1,L1,Electron Mass (kg),7,18
GW190425-v1,L1,Boltzmann Constant (J/K),7,19
GW190425-v1,L1,Critical Density (kg/m^3),7,20
GW190425-v1,L1,Plastic Constant,5,21
GW190425-v1,L1,Golden Ratio Conjugate,4,22
GW190425-v1,L1,Square Root of 2,3,23
GW190425-v1,L1,Euler–Mascheroni Constant,2,24
GW190425-v1,L1,Cosmic Microwave Background Temp (K),2,25
GW190425-v1,L1,Euler’s Number,2,26
GW190425-v1,L1,Khinchin’s Constant,1,27
GW190425-v1,L1,Golden Ratio,1,28
GW190425-v1,L1,Square Root of 3,0,29
GW190425-v1,L1,Speed of Light (m/s),0,30
GW190425-v1,L1,Planck Temperature (K),0,31
GW190425-v1,L1,Square Root of 5,0,32
GW190425-v1,L1,Solar Radius (m),0,33
GW190425-v1,L1,Solar Mass (kg),0,34
GW190425-v1,L1,Hubble Constant (km/s/Mpc),0,35
GW190425-v1,L1,Pi,0,36
GW190425-v1,L1,Phi Squared,0,37
GW190425-v1,L1,Parsec (m),0,38
GW190425-v1,L1,Gas Constant R (J/(mol·K)),0,39
GW190425-v1,L1,Feigenbaum Delta,0,40
GW190425-v1,L1,Feigenbaum Alpha,0,41
GW190425-v1,L1,Earth Radius (m),0,42
GW190425-v1,L1,Earth Mass (kg),0,43
GW190425-v1,L1,Coulomb Constant (N m^2 C^-2),0,44
GW190425-v1,L1,Avogadro Constant (1/mol),0,45
GW190425-v1,L1,Astronomical Unit (m),0,46
GW190425-v1,L1,Two Pi,0,47
GW190425-v2,L1,Catalan’s Constant,37,1
GW190425-v2,L1,Apéry’s Constant (zeta(3)),9,2
GW190425-v2,L1,Absolute Zero (K),7,3
GW190425-v2,L1,Fine-Structure Constant,7,4
GW190425-v2,L1,Planck Length (m),7,5
GW190425-v2,L1,Planck Constant (J·s),7,6
GW190425-v2,L1,Planck Charge (C),7,7
GW190425-v2,L1,Planck Time (s),7,8
GW190425-v2,L1,Proton Mass (kg),7,9
GW190425-v2,L1,Neutron Mass (kg),7,10
GW190425-v2,L1,Muon Mass (kg),7,11
GW190425-v2,L1,Gravitational Constant (m^3 kg^-1 s^-2),7,12
GW190425-v2,L1,Reduced Planck Constant (J·s),7,13
GW190425-v2,L1,Planck Mass (kg),7,14
GW190425-v2,L1,Tau Mass (kg),7,15
GW190425-v2,L1,Baryon-to-Photon Ratio,7,16
GW190425-v2,L1,Elementary Charge (C),7,17
GW190425-v2,L1,Electron Mass (kg),7,18
GW190425-v2,L1,Boltzmann Constant (J/K),7,19
GW190425-v2,L1,Critical Density (kg/m^3),7,20
GW190425-v2,L1,Plastic Constant,5,21
GW190425-v2,L1,Golden Ratio Conjugate,4,22
GW190425-v2,L1,Square Root of 2,3,23
GW190425-v2,L1,Euler–Mascheroni Constant,2,24
GW190425-v2,L1,Cosmic Microwave Background Temp (K),2,25
GW190425-v2,L1,Euler’s Number,2,26
GW190425-v2,L1,Khinchin’s Constant,1,27
GW190425-v2,L1,Golden Ratio,1,28
GW190425-v2,L1,Square Root of 3,0,29
GW190425-v2,L1,Speed of Light (m/s),0,30
GW190425-v2,L1,Planck Temperature (K),0,31
GW190425-v2,L1,Square Root of 5,0,32
GW190425-v2,L1,Solar Radius (m),0,33
GW190425-v2,L1,Solar Mass (kg),0,34
GW190425-v2,L1,Hubble Constant (km/s/Mpc),0,35
GW190425-v2,L1,Pi,0,36
GW190425-v2,L1,Phi Squared,0,37
GW190425-v2,L1,Parsec (m),0,38
GW190425-v2,L1,Gas Constant R (J/(mol·K)),0,39
GW190425-v2,L1,Feigenbaum Delta,0,40
GW190425-v2,L1,Feigenbaum Alpha,0,41
GW190425-v2,L1,Earth Radius (m),0,42
GW190425-v2,L1,Earth Mass (kg),0,43
GW190425-v2,L1,Coulomb Constant (N m^2 C^-2),0,44
GW190425-v2,L1,Avogadro Constant (1/mol),0,45
GW190425-v2,L1,Astronomical Unit (m),0,46
GW190425-v2,L1,Two Pi,0,47
GW190425_081805-v3,L1,Catalan’s Constant,37,1
GW190425_081805-v3,L1,Apéry’s Constant (zeta(3)),9,2
GW190425_081805-v3,L1,Absolute Zero (K),7,3
GW190425_081805-v3,L1,Fine-Structure Constant,7,4
GW190425_081805-v3,L1,Planck Length (m),7,5
GW190425_081805-v3,L1,Planck Constant (J·s),7,6
GW190425_081805-v3,L1,Planck Charge (C),7,7
GW190425_081805-v3,L1,Planck Time (s),7,8
GW190425_081805-v3,L1,Proton Mass (kg),7,9
GW190425_081805-v3,L1,Neutron Mass (kg),7,10
GW190425_081805-v3,L1,Muon Mass (kg),7,11
GW190425_081805-v3,L1,Gravitational Constant (m^3 kg^-1 s^-2),7,12
GW190425_081805-v3,L1,Reduced Planck Constant (J·s),7,13
GW190425_081805-v3,L1,Planck Mass (kg),7,14
GW190425_081805-v3,L1,Tau Mass (kg),7,15
GW190425_081805-v3,L1,Baryon-to-Photon Ratio,7,16
GW190425_081805-v3,L1,Elementary Charge (C),7,17
GW190425_081805-v3,L1,Electron Mass (kg),7,18
GW190425_081805-v3,L1,Boltzmann Constant (J/K),7,19
GW190425_081805-v3,L1,Critical Density (kg/m^3),7,20
GW190425_081805-v3,L1,Plastic Constant,5,21
GW190425_081805-v3,L1,Golden Ratio Conjugate,4,22
GW190425_081805-v3,L1,Square Root of 2,3,23
GW190425_081805-v3,L1,Euler–Mascheroni Constant,2,24
GW190425_081805-v3,L1,Cosmic Microwave Background Temp (K),2,25
GW190425_081805-v3,L1,Euler’s Number,2,26
GW190425_081805-v3,L1,Khinchin’s Constant,1,27
GW190425_081805-v3,L1,Golden Ratio,1,28
GW190425_081805-v3,L1,Square Root of 3,0,29
GW190425_081805-v3,L1,Speed of Light (m/s),0,30
GW190425_081805-v3,L1,Planck Temperature (K),0,31
GW190425_081805-v3,L1,Square Root of 5,0,32
GW190425_081805-v3,L1,Solar Radius (m),0,33
GW190425_081805-v3,L1,Solar Mass (kg),0,34
GW190425_081805-v3,L1,Hubble Constant (km/s/Mpc),0,35
GW190425_081805-v3,L1,Pi,0,36
GW190425_081805-v3,L1,Phi Squared,0,37
GW190425_081805-v3,L1,Parsec (m),0,38
GW190425_081805-v3,L1,Gas Constant R (J/(mol·K)),0,39
GW190425_081805-v3,L1,Feigenbaum Delta,0,40
GW190425_081805-v3,L1,Feigenbaum Alpha,0,41
GW190425_081805-v3,L1,Earth Radius (m),0,42
GW190425_081805-v3,L1,Earth Mass (kg),0,43
GW190425_081805-v3,L1,Coulomb Constant (N m^2 C^-2),0,44
GW190425_081805-v3,L1,Avogadro Constant (1/mol),0,45
GW190425_081805-v3,L1,Astronomical Unit (m),0,46
GW190425_081805-v3,L1,Two Pi,0,47
GW190426_152155-v1,H1,Catalan’s Constant,69,1
GW190426_152155-v1,H1,Golden Ratio Conjugate,65,2
GW190426_152155-v1,H1,Euler–Mascheroni Constant,41,3
GW190426_152155-v1,H1,Golden Ratio,39,4
GW190426_152155-v1,H1,Apéry’s Constant (zeta(3)),38,5
GW190426_152155-v1,H1,Plastic Constant,11,6
GW190426_152155-v1,H1,Absolute Zero (K),7,7
GW190426_152155-v1,H1,Planck Length (m),7,8
GW190426_152155-v1,H1,Planck Charge (C),7,9
GW190426_152155-v1,H1,Planck Mass (kg),7,10
GW190426_152155-v1,H1,Planck Time (s),7,11
GW190426_152155-v1,H1,Neutron Mass (kg),7,12
GW190426_152155-v1,H1,Muon Mass (kg),7,13
GW190426_152155-v1,H1,Gravitational Constant (m^3 kg^-1 s^-2),7,14
GW190426_152155-v1,H1,Proton Mass (kg),7,15
GW190426_152155-v1,H1,Reduced Planck Constant (J·s),7,16
GW190426_152155-v1,H1,Planck Constant (J·s),7,17
GW190426_152155-v1,H1,Elementary Charge (C),7,18
GW190426_152155-v1,H1,Electron Mass (kg),7,19
GW190426_152155-v1,H1,Critical Density (kg/m^3),7,20
GW190426_152155-v1,H1,Boltzmann Constant (J/K),7,21
GW190426_152155-v1,H1,Baryon-to-Photon Ratio,7,22
GW190426_152155-v1,H1,Tau Mass (kg),7,23
GW190426_152155-v1,H1,Fine-Structure Constant,5,24
GW190426_152155-v1,H1,Square Root of 2,2,25
GW190426_152155-v1,H1,Square Root of 5,1,26
GW190426_152155-v1,H1,Feigenbaum Alpha,1,27
GW190426_152155-v1,H1,Solar Mass (kg),0,28
GW190426_152155-v1,H1,Solar Radius (m),0,29
GW190426_152155-v1,H1,Speed of Light (m/s),0,30
GW190426_152155-v1,H1,Square Root of 3,0,31
GW190426_152155-v1,H1,Planck Temperature (K),0,32
GW190426_152155-v1,H1,Hubble Constant (km/s/Mpc),0,33
GW190426_152155-v1,H1,Pi,0,34
GW190426_152155-v1,H1,Phi Squared,0,35
GW190426_152155-v1,H1,Parsec (m),0,36
GW190426_152155-v1,H1,Khinchin’s Constant,0,37
GW190426_152155-v1,H1,Gas Constant R (J/(mol·K)),0,38
GW190426_152155-v1,H1,Feigenbaum Delta,0,39
GW190426_152155-v1,H1,Euler’s Number,0,40
GW190426_152155-v1,H1,Earth Radius (m),0,41
GW190426_152155-v1,H1,Earth Mass (kg),0,42
GW190426_152155-v1,H1,Coulomb Constant (N m^2 C^-2),0,43
GW190426_152155-v1,H1,Cosmic Microwave Background Temp (K),0,44
GW190426_152155-v1,H1,Avogadro Constant (1/mol),0,45
GW190426_152155-v1,H1,Astronomical Unit (m),0,46
GW190426_152155-v1,H1,Two Pi,0,47
GW190426_152155-v1,L1,Catalan’s Constant,34,1
GW190426_152155-v1,L1,Apéry’s Constant (zeta(3)),13,2
GW190426_152155-v1,L1,Plastic Constant,7,3
GW190426_152155-v1,L1,Golden Ratio Conjugate,4,4
GW190426_152155-v1,L1,Euler–Mascheroni Constant,4,5
GW190426_152155-v1,L1,Absolute Zero (K),3,6
GW190426_152155-v1,L1,Planck Mass (kg),3,7
GW190426_152155-v1,L1,Planck Constant (J·s),3,8
GW190426_152155-v1,L1,Planck Charge (C),3,9
GW190426_152155-v1,L1,Planck Time (s),3,10
GW190426_152155-v1,L1,Neutron Mass (kg),3,11
GW190426_152155-v1,L1,Muon Mass (kg),3,12
GW190426_152155-v1,L1,Gravitational Constant (m^3 kg^-1 s^-2),3,13
GW190426_152155-v1,L1,Proton Mass (kg),3,14
GW190426_152155-v1,L1,Fine-Structure Constant,3,15
GW190426_152155-v1,L1,Reduced Planck Constant (J·s),3,16
GW190426_152155-v1,L1,Planck Length (m),3,17
GW190426_152155-v1,L1,Square Root of 3,3,18
GW190426_152155-v1,L1,Elementary Charge (C),3,19
GW190426_152155-v1,L1,Electron Mass (kg),3,20
GW190426_152155-v1,L1,Tau Mass (kg),3,21
GW190426_152155-v1,L1,Baryon-to-Photon Ratio,3,22
GW190426_152155-v1,L1,Boltzmann Constant (J/K),3,23
GW190426_152155-v1,L1,Critical Density (kg/m^3),3,24
GW190426_152155-v1,L1,Square Root of 2,2,25
GW190426_152155-v1,L1,Golden Ratio,2,26
GW190426_152155-v1,L1,Feigenbaum Delta,1,27
GW190426_152155-v1,L1,Pi,1,28
GW190426_152155-v1,L1,Speed of Light (m/s),0,29
GW190426_152155-v1,L1,Solar Radius (m),0,30
GW190426_152155-v1,L1,Planck Temperature (K),0,31
GW190426_152155-v1,L1,Square Root of 5,0,32
GW190426_152155-v1,L1,Solar Mass (kg),0,33
GW190426_152155-v1,L1,Hubble Constant (km/s/Mpc),0,34
GW190426_152155-v1,L1,Phi Squared,0,35
GW190426_152155-v1,L1,Parsec (m),0,36
GW190426_152155-v1,L1,Khinchin’s Constant,0,37
GW190426_152155-v1,L1,Gas Constant R (J/(mol·K)),0,38
GW190426_152155-v1,L1,Feigenbaum Alpha,0,39
GW190426_152155-v1,L1,Euler’s Number,0,40
GW190426_152155-v1,L1,Earth Radius (m),0,41
GW190426_152155-v1,L1,Earth Mass (kg),0,42
GW190426_152155-v1,L1,Coulomb Constant (N m^2 C^-2),0,43
GW190426_152155-v1,L1,Cosmic Microwave Background Temp (K),0,44
GW190426_152155-v1,L1,Avogadro Constant (1/mol),0,45
GW190426_152155-v1,L1,Astronomical Unit (m),0,46
GW190426_152155-v1,L1,Two Pi,0,47
GW190426_152155-v2,H1,Catalan’s Constant,69,1
GW190426_152155-v2,H1,Golden Ratio Conjugate,65,2
GW190426_152155-v2,H1,Euler–Mascheroni Constant,41,3
GW190426_152155-v2,H1,Golden Ratio,39,4
GW190426_152155-v2,H1,Apéry’s Constant (zeta(3)),38,5
GW190426_152155-v2,H1,Plastic Constant,11,6
GW190426_152155-v2,H1,Absolute Zero (K),7,7
GW190426_152155-v2,H1,Planck Length (m),7,8
GW190426_152155-v2,H1,Planck Charge (C),7,9
GW190426_152155-v2,H1,Planck Mass (kg),7,10
GW190426_152155-v2,H1,Planck Time (s),7,11
GW190426_152155-v2,H1,Neutron Mass (kg),7,12
GW190426_152155-v2,H1,Muon Mass (kg),7,13
GW190426_152155-v2,H1,Gravitational Constant (m^3 kg^-1 s^-2),7,14
GW190426_152155-v2,H1,Proton Mass (kg),7,15
GW190426_152155-v2,H1,Reduced Planck Constant (J·s),7,16
GW190426_152155-v2,H1,Planck Constant (J·s),7,17
GW190426_152155-v2,H1,Elementary Charge (C),7,18
GW190426_152155-v2,H1,Electron Mass (kg),7,19
GW190426_152155-v2,H1,Critical Density (kg/m^3),7,20
GW190426_152155-v2,H1,Boltzmann Constant (J/K),7,21
GW190426_152155-v2,H1,Baryon-to-Photon Ratio,7,22
GW190426_152155-v2,H1,Tau Mass (kg),7,23
GW190426_152155-v2,H1,Fine-Structure Constant,5,24
GW190426_152155-v2,H1,Square Root of 2,2,25
GW190426_152155-v2,H1,Square Root of 5,1,26
GW190426_152155-v2,H1,Feigenbaum Alpha,1,27
GW190426_152155-v2,H1,Solar Mass (kg),0,28
GW190426_152155-v2,H1,Solar Radius (m),0,29
GW190426_152155-v2,H1,Speed of Light (m/s),0,30
GW190426_152155-v2,H1,Square Root of 3,0,31
GW190426_152155-v2,H1,Planck Temperature (K),0,32
GW190426_152155-v2,H1,Hubble Constant (km/s/Mpc),0,33
GW190426_152155-v2,H1,Pi,0,34
GW190426_152155-v2,H1,Phi Squared,0,35
GW190426_152155-v2,H1,Parsec (m),0,36
GW190426_152155-v2,H1,Khinchin’s Constant,0,37
GW190426_152155-v2,H1,Gas Constant R (J/(mol·K)),0,38
GW190426_152155-v2,H1,Feigenbaum Delta,0,39
GW190426_152155-v2,H1,Euler’s Number,0,40
GW190426_152155-v2,H1,Earth Radius (m),0,41
GW190426_152155-v2,H1,Earth Mass (kg),0,42
GW190426_152155-v2,H1,Coulomb Constant (N m^2 C^-2),0,43
GW190426_152155-v2,H1,Cosmic Microwave Background Temp (K),0,44
GW190426_152155-v2,H1,Avogadro Constant (1/mol),0,45
GW190426_152155-v2,H1,Astronomical Unit (m),0,46
GW190426_152155-v2,H1,Two Pi,0,47
GW190426_152155-v2,L1,Catalan’s Constant,34,1
GW190426_152155-v2,L1,Apéry’s Constant (zeta(3)),13,2
GW190426_152155-v2,L1,Plastic Constant,7,3
GW190426_152155-v2,L1,Golden Ratio Conjugate,4,4
GW190426_152155-v2,L1,Euler–Mascheroni Constant,4,5
GW190426_152155-v2,L1,Absolute Zero (K),3,6
GW190426_152155-v2,L1,Planck Mass (kg),3,7
GW190426_152155-v2,L1,Planck Constant (J·s),3,8
GW190426_152155-v2,L1,Planck Charge (C),3,9
GW190426_152155-v2,L1,Planck Time (s),3,10
GW190426_152155-v2,L1,Neutron Mass (kg),3,11
GW190426_152155-v2,L1,Muon Mass (kg),3,12
GW190426_152155-v2,L1,Gravitational Constant (m^3 kg^-1 s^-2),3,13
GW190426_152155-v2,L1,Proton Mass (kg),3,14
GW190426_152155-v2,L1,Fine-Structure Constant,3,15
GW190426_152155-v2,L1,Reduced Planck Constant (J·s),3,16
GW190426_152155-v2,L1,Planck Length (m),3,17
GW190426_152155-v2,L1,Square Root of 3,3,18
GW190426_152155-v2,L1,Elementary Charge (C),3,19
GW190426_152155-v2,L1,Electron Mass (kg),3,20
GW190426_152155-v2,L1,Tau Mass (kg),3,21
GW190426_152155-v2,L1,Baryon-to-Photon Ratio,3,22
GW190426_152155-v2,L1,Boltzmann Constant (J/K),3,23
GW190426_152155-v2,L1,Critical Density (kg/m^3),3,24
GW190426_152155-v2,L1,Square Root of 2,2,25
GW190426_152155-v2,L1,Golden Ratio,2,26
GW190426_152155-v2,L1,Feigenbaum Delta,1,27
GW190426_152155-v2,L1,Pi,1,28
GW190426_152155-v2,L1,Speed of Light (m/s),0,29
GW190426_152155-v2,L1,Solar Radius (m),0,30
GW190426_152155-v2,L1,Planck Temperature (K),0,31
GW190426_152155-v2,L1,Square Root of 5,0,32
GW190426_152155-v2,L1,Solar Mass (kg),0,33
GW190426_152155-v2,L1,Hubble Constant (km/s/Mpc),0,34
GW190426_152155-v2,L1,Phi Squared,0,35
GW190426_152155-v2,L1,Parsec (m),0,36
GW190426_152155-v2,L1,Khinchin’s Constant,0,37
GW190426_152155-v2,L1,Gas Constant R (J/(mol·K)),0,38
GW190426_152155-v2,L1,Feigenbaum Alpha,0,39
GW190426_152155-v2,L1,Euler’s Number,0,40
GW190426_152155-v2,L1,Earth Radius (m),0,41
GW190426_152155-v2,L1,Earth Mass (kg),0,42
GW190426_152155-v2,L1,Coulomb Constant (N m^2 C^-2),0,43
GW190426_152155-v2,L1,Cosmic Microwave Background Temp (K),0,44
GW190426_152155-v2,L1,Avogadro Constant (1/mol),0,45
GW190426_152155-v2,L1,Astronomical Unit (m),0,46
GW190426_152155-v2,L1,Two Pi,0,47
GW190426_190642-v1,H1,Catalan’s Constant,69,1
GW190426_190642-v1,H1,Apéry’s Constant (zeta(3)),39,2
GW190426_190642-v1,H1,Golden Ratio Conjugate,34,3
GW190426_190642-v1,H1,Euler–Mascheroni Constant,30,4
GW190426_190642-v1,H1,Golden Ratio,29,5
GW190426_190642-v1,H1,Absolute Zero (K),8,6
GW190426_190642-v1,H1,Planck Constant (J·s),8,7
GW190426_190642-v1,H1,Planck Length (m),8,8
GW190426_190642-v1,H1,Planck Mass (kg),8,9
GW190426_190642-v1,H1,Neutron Mass (kg),8,10
GW190426_190642-v1,H1,Muon Mass (kg),8,11
GW190426_190642-v1,H1,Planck Time (s),8,12
GW190426_190642-v1,H1,Gravitational Constant (m^3 kg^-1 s^-2),8,13
GW190426_190642-v1,H1,Proton Mass (kg),8,14
GW190426_190642-v1,H1,Reduced Planck Constant (J·s),8,15
GW190426_190642-v1,H1,Planck Charge (C),8,16
GW190426_190642-v1,H1,Elementary Charge (C),8,17
GW190426_190642-v1,H1,Electron Mass (kg),8,18
GW190426_190642-v1,H1,Critical Density (kg/m^3),8,19
GW190426_190642-v1,H1,Boltzmann Constant (J/K),8,20
GW190426_190642-v1,H1,Baryon-to-Photon Ratio,8,21
GW190426_190642-v1,H1,Tau Mass (kg),8,22
GW190426_190642-v1,H1,Plastic Constant,7,23
GW190426_190642-v1,H1,Fine-Structure Constant,6,24
GW190426_190642-v1,H1,Square Root of 2,3,25
GW190426_190642-v1,H1,Square Root of 3,1,26
GW190426_190642-v1,H1,Solar Radius (m),0,27
GW190426_190642-v1,H1,Speed of Light (m/s),0,28
GW190426_190642-v1,H1,Planck Temperature (K),0,29
GW190426_190642-v1,H1,Square Root of 5,0,30
GW190426_190642-v1,H1,Solar Mass (kg),0,31
GW190426_190642-v1,H1,Hubble Constant (km/s/Mpc),0,32
GW190426_190642-v1,H1,Pi,0,33
GW190426_190642-v1,H1,Phi Squared,0,34
GW190426_190642-v1,H1,Parsec (m),0,35
GW190426_190642-v1,H1,Khinchin’s Constant,0,36
GW190426_190642-v1,H1,Gas Constant R (J/(mol·K)),0,37
GW190426_190642-v1,H1,Feigenbaum Delta,0,38
GW190426_190642-v1,H1,Feigenbaum Alpha,0,39
GW190426_190642-v1,H1,Euler’s Number,0,40
GW190426_190642-v1,H1,Earth Radius (m),0,41
GW190426_190642-v1,H1,Earth Mass (kg),0,42
GW190426_190642-v1,H1,Coulomb Constant (N m^2 C^-2),0,43
GW190426_190642-v1,H1,Cosmic Microwave Background Temp (K),0,44
GW190426_190642-v1,H1,Avogadro Constant (1/mol),0,45
GW190426_190642-v1,H1,Astronomical Unit (m),0,46
GW190426_190642-v1,H1,Two Pi,0,47
GW190426_190642-v1,L1,Catalan’s Constant,41,1
GW190426_190642-v1,L1,Apéry’s Constant (zeta(3)),10,2
GW190426_190642-v1,L1,Absolute Zero (K),9,3
GW190426_190642-v1,L1,Planck Mass (kg),9,4
GW190426_190642-v1,L1,Planck Constant (J·s),9,5
GW190426_190642-v1,L1,Planck Charge (C),9,6
GW190426_190642-v1,L1,Planck Time (s),9,7
GW190426_190642-v1,L1,Neutron Mass (kg),9,8
GW190426_190642-v1,L1,Muon Mass (kg),9,9
GW190426_190642-v1,L1,Plastic Constant,9,10
GW190426_190642-v1,L1,Gravitational Constant (m^3 kg^-1 s^-2),9,11
GW190426_190642-v1,L1,Proton Mass (kg),9,12
GW190426_190642-v1,L1,Fine-Structure Constant,9,13
GW190426_190642-v1,L1,Reduced Planck Constant (J·s),9,14
GW190426_190642-v1,L1,Planck Length (m),9,15
GW190426_190642-v1,L1,Baryon-to-Photon Ratio,9,16
GW190426_190642-v1,L1,Elementary Charge (C),9,17
GW190426_190642-v1,L1,Electron Mass (kg),9,18
GW190426_190642-v1,L1,Tau Mass (kg),9,19
GW190426_190642-v1,L1,Critical Density (kg/m^3),9,20
GW190426_190642-v1,L1,Boltzmann Constant (J/K),9,21
GW190426_190642-v1,L1,Golden Ratio Conjugate,4,22
GW190426_190642-v1,L1,Euler–Mascheroni Constant,4,23
GW190426_190642-v1,L1,Square Root of 3,3,24
GW190426_190642-v1,L1,Square Root of 2,2,25
GW190426_190642-v1,L1,Golden Ratio,2,26
GW190426_190642-v1,L1,Phi Squared,1,27
GW190426_190642-v1,L1,Feigenbaum Alpha,1,28
GW190426_190642-v1,L1,Speed of Light (m/s),0,29
GW190426_190642-v1,L1,Planck Temperature (K),0,30
GW190426_190642-v1,L1,Square Root of 5,0,31
GW190426_190642-v1,L1,Solar Radius (m),0,32
GW190426_190642-v1,L1,Solar Mass (kg),0,33
GW190426_190642-v1,L1,Hubble Constant (km/s/Mpc),0,34
GW190426_190642-v1,L1,Pi,0,35
GW190426_190642-v1,L1,Parsec (m),0,36
GW190426_190642-v1,L1,Khinchin’s Constant,0,37
GW190426_190642-v1,L1,Gas Constant R (J/(mol·K)),0,38
GW190426_190642-v1,L1,Feigenbaum Delta,0,39
GW190426_190642-v1,L1,Euler’s Number,0,40
GW190426_190642-v1,L1,Earth Radius (m),0,41
GW190426_190642-v1,L1,Earth Mass (kg),0,42
GW190426_190642-v1,L1,Coulomb Constant (N m^2 C^-2),0,43
GW190426_190642-v1,L1,Cosmic Microwave Background Temp (K),0,44
GW190426_190642-v1,L1,Avogadro Constant (1/mol),0,45
GW190426_190642-v1,L1,Astronomical Unit (m),0,46
GW190426_190642-v1,L1,Two Pi,0,47
GW190503_185404-v1,H1,Catalan’s Constant,72,1
GW190503_185404-v1,H1,Golden Ratio Conjugate,51,2
GW190503_185404-v1,H1,Apéry’s Constant (zeta(3)),46,3
GW190503_185404-v1,H1,Euler–Mascheroni Constant,45,4
GW190503_185404-v1,H1,Golden Ratio,40,5
GW190503_185404-v1,H1,Plastic Constant,12,6
GW190503_185404-v1,H1,Absolute Zero (K),7,7
GW190503_185404-v1,H1,Planck Mass (kg),7,8
GW190503_185404-v1,H1,Planck Constant (J·s),7,9
GW190503_185404-v1,H1,Planck Charge (C),7,10
GW190503_185404-v1,H1,Neutron Mass (kg),7,11
GW190503_185404-v1,H1,Muon Mass (kg),7,12
GW190503_185404-v1,H1,Planck Time (s),7,13
GW190503_185404-v1,H1,Gravitational Constant (m^3 kg^-1 s^-2),7,14
GW190503_185404-v1,H1,Proton Mass (kg),7,15
GW190503_185404-v1,H1,Reduced Planck Constant (J·s),7,16
GW190503_185404-v1,H1,Planck Length (m),7,17
GW190503_185404-v1,H1,Elementary Charge (C),7,18
GW190503_185404-v1,H1,Electron Mass (kg),7,19
GW190503_185404-v1,H1,Tau Mass (kg),7,20
GW190503_185404-v1,H1,Baryon-to-Photon Ratio,7,21
GW190503_185404-v1,H1,Critical Density (kg/m^3),7,22
GW190503_185404-v1,H1,Boltzmann Constant (J/K),7,23
GW190503_185404-v1,H1,Fine-Structure Constant,6,24
GW190503_185404-v1,H1,Square Root of 3,3,25
GW190503_185404-v1,H1,Square Root of 2,2,26
GW190503_185404-v1,H1,Phi Squared,1,27
GW190503_185404-v1,H1,Pi,1,28
GW190503_185404-v1,H1,Speed of Light (m/s),0,29
GW190503_185404-v1,H1,Planck Temperature (K),0,30
GW190503_185404-v1,H1,Square Root of 5,0,31
GW190503_185404-v1,H1,Solar Radius (m),0,32
GW190503_185404-v1,H1,Solar Mass (kg),0,33
GW190503_185404-v1,H1,Hubble Constant (km/s/Mpc),0,34
GW190503_185404-v1,H1,Parsec (m),0,35
GW190503_185404-v1,H1,Khinchin’s Constant,0,36
GW190503_185404-v1,H1,Gas Constant R (J/(mol·K)),0,37
GW190503_185404-v1,H1,Feigenbaum Delta,0,38
GW190503_185404-v1,H1,Feigenbaum Alpha,0,39
GW190503_185404-v1,H1,Euler’s Number,0,40
GW190503_185404-v1,H1,Earth Radius (m),0,41
GW190503_185404-v1,H1,Earth Mass (kg),0,42
GW190503_185404-v1,H1,Coulomb Constant (N m^2 C^-2),0,43
GW190503_185404-v1,H1,Cosmic Microwave Background Temp (K),0,44
GW190503_185404-v1,H1,Avogadro Constant (1/mol),0,45
GW190503_185404-v1,H1,Astronomical Unit (m),0,46
GW190503_185404-v1,H1,Two Pi,0,47
GW190503_185404-v1,L1,Catalan’s Constant,60,1
GW190503_185404-v1,L1,Apéry’s Constant (zeta(3)),16,2
GW190503_185404-v1,L1,Absolute Zero (K),6,3
GW190503_185404-v1,L1,Planck Time (s),6,4
GW190503_185404-v1,L1,Planck Length (m),6,5
GW190503_185404-v1,L1,Planck Constant (J·s),6,6
GW190503_185404-v1,L1,Planck Charge (C),6,7
GW190503_185404-v1,L1,Neutron Mass (kg),6,8
GW190503_185404-v1,L1,Muon Mass (kg),6,9
GW190503_185404-v1,L1,Proton Mass (kg),6,10
GW190503_185404-v1,L1,Gravitational Constant (m^3 kg^-1 s^-2),6,11
GW190503_185404-v1,L1,Reduced Planck Constant (J·s),6,12
GW190503_185404-v1,L1,Fine-Structure Constant,6,13
GW190503_185404-v1,L1,Planck Mass (kg),6,14
GW190503_185404-v1,L1,Critical Density (kg/m^3),6,15
GW190503_185404-v1,L1,Tau Mass (kg),6,16
GW190503_185404-v1,L1,Elementary Charge (C),6,17
GW190503_185404-v1,L1,Electron Mass (kg),6,18
GW190503_185404-v1,L1,Baryon-to-Photon Ratio,6,19
GW190503_185404-v1,L1,Boltzmann Constant (J/K),6,20
GW190503_185404-v1,L1,Square Root of 2,5,21
GW190503_185404-v1,L1,Euler–Mascheroni Constant,4,22
GW190503_185404-v1,L1,Golden Ratio Conjugate,4,23
GW190503_185404-v1,L1,Square Root of 3,3,24
GW190503_185404-v1,L1,Plastic Constant,3,25
GW190503_185404-v1,L1,Golden Ratio,1,26
GW190503_185404-v1,L1,Phi Squared,1,27
GW190503_185404-v1,L1,Pi,1,28
GW190503_185404-v1,L1,Feigenbaum Alpha,1,29
GW190503_185404-v1,L1,Feigenbaum Delta,1,30
GW190503_185404-v1,L1,Speed of Light (m/s),0,31
GW190503_185404-v1,L1,Solar Mass (kg),0,32
GW190503_185404-v1,L1,Solar Radius (m),0,33
GW190503_185404-v1,L1,Square Root of 5,0,34
GW190503_185404-v1,L1,Hubble Constant (km/s/Mpc),0,35
GW190503_185404-v1,L1,Planck Temperature (K),0,36
GW190503_185404-v1,L1,Parsec (m),0,37
GW190503_185404-v1,L1,Khinchin’s Constant,0,38
GW190503_185404-v1,L1,Gas Constant R (J/(mol·K)),0,39
GW190503_185404-v1,L1,Euler’s Number,0,40
GW190503_185404-v1,L1,Earth Radius (m),0,41
GW190503_185404-v1,L1,Earth Mass (kg),0,42
GW190503_185404-v1,L1,Coulomb Constant (N m^2 C^-2),0,43
GW190503_185404-v1,L1,Cosmic Microwave Background Temp (K),0,44
GW190503_185404-v1,L1,Avogadro Constant (1/mol),0,45
GW190503_185404-v1,L1,Astronomical Unit (m),0,46
GW190503_185404-v1,L1,Two Pi,0,47
GW190503_185404-v2,H1,Catalan’s Constant,69,1
GW190503_185404-v2,H1,Apéry’s Constant (zeta(3)),41,2
GW190503_185404-v2,H1,Golden Ratio Conjugate,31,3
GW190503_185404-v2,H1,Euler–Mascheroni Constant,27,4
GW190503_185404-v2,H1,Golden Ratio,24,5
GW190503_185404-v2,H1,Plastic Constant,8,6
GW190503_185404-v2,H1,Absolute Zero (K),5,7
GW190503_185404-v2,H1,Planck Length (m),5,8
GW190503_185404-v2,H1,Planck Charge (C),5,9
GW190503_185404-v2,H1,Planck Mass (kg),5,10
GW190503_185404-v2,H1,Neutron Mass (kg),5,11
GW190503_185404-v2,H1,Muon Mass (kg),5,12
GW190503_185404-v2,H1,Planck Time (s),5,13
GW190503_185404-v2,H1,Gravitational Constant (m^3 kg^-1 s^-2),5,14
GW190503_185404-v2,H1,Fine-Structure Constant,5,15
GW190503_185404-v2,H1,Proton Mass (kg),5,16
GW190503_185404-v2,H1,Reduced Planck Constant (J·s),5,17
GW190503_185404-v2,H1,Elementary Charge (C),5,18
GW190503_185404-v2,H1,Electron Mass (kg),5,19
GW190503_185404-v2,H1,Critical Density (kg/m^3),5,20
GW190503_185404-v2,H1,Boltzmann Constant (J/K),5,21
GW190503_185404-v2,H1,Baryon-to-Photon Ratio,5,22
GW190503_185404-v2,H1,Tau Mass (kg),5,23
GW190503_185404-v2,H1,Planck Constant (J·s),5,24
GW190503_185404-v2,H1,Square Root of 2,3,25
GW190503_185404-v2,H1,Square Root of 3,2,26
GW190503_185404-v2,H1,Phi Squared,2,27
GW190503_185404-v2,H1,Solar Mass (kg),0,28
GW190503_185404-v2,H1,Solar Radius (m),0,29
GW190503_185404-v2,H1,Speed of Light (m/s),0,30
GW190503_185404-v2,H1,Planck Temperature (K),0,31
GW190503_185404-v2,H1,Square Root of 5,0,32
GW190503_185404-v2,H1,Hubble Constant (km/s/Mpc),0,33
GW190503_185404-v2,H1,Pi,0,34
GW190503_185404-v2,H1,Parsec (m),0,35
GW190503_185404-v2,H1,Khinchin’s Constant,0,36
GW190503_185404-v2,H1,Gas Constant R (J/(mol·K)),0,37
GW190503_185404-v2,H1,Feigenbaum Delta,0,38
GW190503_185404-v2,H1,Feigenbaum Alpha,0,39
GW190503_185404-v2,H1,Euler’s Number,0,40
GW190503_185404-v2,H1,Earth Radius (m),0,41
GW190503_185404-v2,H1,Earth Mass (kg),0,42
GW190503_185404-v2,H1,Coulomb Constant (N m^2 C^-2),0,43
GW190503_185404-v2,H1,Cosmic Microwave Background Temp (K),0,44
GW190503_185404-v2,H1,Avogadro Constant (1/mol),0,45
GW190503_185404-v2,H1,Astronomical Unit (m),0,46
GW190503_185404-v2,H1,Two Pi,0,47
GW190503_185404-v2,L1,Catalan’s Constant,55,1
GW190503_185404-v2,L1,Apéry’s Constant (zeta(3)),14,2
GW190503_185404-v2,L1,Absolute Zero (K),5,3
GW190503_185404-v2,L1,Planck Mass (kg),5,4
GW190503_185404-v2,L1,Planck Constant (J·s),5,5
GW190503_185404-v2,L1,Planck Charge (C),5,6
GW190503_185404-v2,L1,Planck Time (s),5,7
GW190503_185404-v2,L1,Neutron Mass (kg),5,8
GW190503_185404-v2,L1,Muon Mass (kg),5,9
GW190503_185404-v2,L1,Plastic Constant,5,10
GW190503_185404-v2,L1,Gravitational Constant (m^3 kg^-1 s^-2),5,11
GW190503_185404-v2,L1,Proton Mass (kg),5,12
GW190503_185404-v2,L1,Fine-Structure Constant,5,13
GW190503_185404-v2,L1,Reduced Planck Constant (J·s),5,14
GW190503_185404-v2,L1,Planck Length (m),5,15
GW190503_185404-v2,L1,Boltzmann Constant (J/K),5,16
GW190503_185404-v2,L1,Elementary Charge (C),5,17
GW190503_185404-v2,L1,Electron Mass (kg),5,18
GW190503_185404-v2,L1,Tau Mass (kg),5,19
GW190503_185404-v2,L1,Baryon-to-Photon Ratio,5,20
GW190503_185404-v2,L1,Critical Density (kg/m^3),5,21
GW190503_185404-v2,L1,Square Root of 2,4,22
GW190503_185404-v2,L1,Golden Ratio Conjugate,3,23
GW190503_185404-v2,L1,Euler–Mascheroni Constant,2,24
GW190503_185404-v2,L1,Square Root of 3,2,25
GW190503_185404-v2,L1,Pi,1,26
GW190503_185404-v2,L1,Feigenbaum Alpha,1,27
GW190503_185404-v2,L1,Golden Ratio,1,28
GW190503_185404-v2,L1,Speed of Light (m/s),0,29
GW190503_185404-v2,L1,Planck Temperature (K),0,30
GW190503_185404-v2,L1,Square Root of 5,0,31
GW190503_185404-v2,L1,Solar Radius (m),0,32
GW190503_185404-v2,L1,Solar Mass (kg),0,33
GW190503_185404-v2,L1,Hubble Constant (km/s/Mpc),0,34
GW190503_185404-v2,L1,Phi Squared,0,35
GW190503_185404-v2,L1,Parsec (m),0,36
GW190503_185404-v2,L1,Khinchin’s Constant,0,37
GW190503_185404-v2,L1,Gas Constant R (J/(mol·K)),0,38
GW190503_185404-v2,L1,Feigenbaum Delta,0,39
GW190503_185404-v2,L1,Euler’s Number,0,40
GW190503_185404-v2,L1,Earth Radius (m),0,41
GW190503_185404-v2,L1,Earth Mass (kg),0,42
GW190503_185404-v2,L1,Coulomb Constant (N m^2 C^-2),0,43
GW190503_185404-v2,L1,Cosmic Microwave Background Temp (K),0,44
GW190503_185404-v2,L1,Avogadro Constant (1/mol),0,45
GW190503_185404-v2,L1,Astronomical Unit (m),0,46
GW190503_185404-v2,L1,Two Pi,0,47
GW190512_180714-v1,H1,Catalan’s Constant,62,1
GW190512_180714-v1,H1,Apéry’s Constant (zeta(3)),41,2
GW190512_180714-v1,H1,Golden Ratio Conjugate,14,3
GW190512_180714-v1,H1,Euler–Mascheroni Constant,10,4
GW190512_180714-v1,H1,Golden Ratio,9,5
GW190512_180714-v1,H1,Absolute Zero (K),6,6
GW190512_180714-v1,H1,Planck Length (m),6,7
GW190512_180714-v1,H1,Planck Charge (C),6,8
GW190512_180714-v1,H1,Planck Mass (kg),6,9
GW190512_180714-v1,H1,Neutron Mass (kg),6,10
GW190512_180714-v1,H1,Muon Mass (kg),6,11
GW190512_180714-v1,H1,Planck Time (s),6,12
GW190512_180714-v1,H1,Gravitational Constant (m^3 kg^-1 s^-2),6,13
GW190512_180714-v1,H1,Fine-Structure Constant,6,14
GW190512_180714-v1,H1,Proton Mass (kg),6,15
GW190512_180714-v1,H1,Reduced Planck Constant (J·s),6,16
GW190512_180714-v1,H1,Elementary Charge (C),6,17
GW190512_180714-v1,H1,Electron Mass (kg),6,18
GW190512_180714-v1,H1,Critical Density (kg/m^3),6,19
GW190512_180714-v1,H1,Boltzmann Constant (J/K),6,20
GW190512_180714-v1,H1,Baryon-to-Photon Ratio,6,21
GW190512_180714-v1,H1,Tau Mass (kg),6,22
GW190512_180714-v1,H1,Planck Constant (J·s),6,23
GW190512_180714-v1,H1,Plastic Constant,5,24
GW190512_180714-v1,H1,Square Root of 2,2,25
GW190512_180714-v1,H1,Square Root of 3,2,26
GW190512_180714-v1,H1,Square Root of 5,1,27
GW190512_180714-v1,H1,Pi,1,28
GW190512_180714-v1,H1,Solar Mass (kg),0,29
GW190512_180714-v1,H1,Solar Radius (m),0,30
GW190512_180714-v1,H1,Speed of Light (m/s),0,31
GW190512_180714-v1,H1,Planck Temperature (K),0,32
GW190512_180714-v1,H1,Hubble Constant (km/s/Mpc),0,33
GW190512_180714-v1,H1,Phi Squared,0,34
GW190512_180714-v1,H1,Parsec (m),0,35
GW190512_180714-v1,H1,Khinchin’s Constant,0,36
GW190512_180714-v1,H1,Gas Constant R (J/(mol·K)),0,37
GW190512_180714-v1,H1,Feigenbaum Delta,0,38
GW190512_180714-v1,H1,Feigenbaum Alpha,0,39
GW190512_180714-v1,H1,Euler’s Number,0,40
GW190512_180714-v1,H1,Earth Radius (m),0,41
GW190512_180714-v1,H1,Earth Mass (kg),0,42
GW190512_180714-v1,H1,Coulomb Constant (N m^2 C^-2),0,43
GW190512_180714-v1,H1,Cosmic Microwave Background Temp (K),0,44
GW190512_180714-v1,H1,Avogadro Constant (1/mol),0,45
GW190512_180714-v1,H1,Astronomical Unit (m),0,46
GW190512_180714-v1,H1,Two Pi,0,47
GW190512_180714-v1,L1,Catalan’s Constant,48,1
GW190512_180714-v1,L1,Apéry’s Constant (zeta(3)),9,2
GW190512_180714-v1,L1,Plastic Constant,9,3
GW190512_180714-v1,L1,Absolute Zero (K),8,4
GW190512_180714-v1,L1,Elementary Charge (C),8,5
GW190512_180714-v1,L1,Gravitational Constant (m^3 kg^-1 s^-2),8,6
GW190512_180714-v1,L1,Planck Charge (C),8,7
GW190512_180714-v1,L1,Planck Constant (J·s),8,8
GW190512_180714-v1,L1,Fine-Structure Constant,8,9
GW190512_180714-v1,L1,Planck Length (m),8,10
GW190512_180714-v1,L1,Planck Mass (kg),8,11
GW190512_180714-v1,L1,Planck Time (s),8,12
GW190512_180714-v1,L1,Electron Mass (kg),8,13
GW190512_180714-v1,L1,Muon Mass (kg),8,14
GW190512_180714-v1,L1,Proton Mass (kg),8,15
GW190512_180714-v1,L1,Critical Density (kg/m^3),8,16
GW190512_180714-v1,L1,Reduced Planck Constant (J·s),8,17
GW190512_180714-v1,L1,Boltzmann Constant (J/K),8,18
GW190512_180714-v1,L1,Baryon-to-Photon Ratio,8,19
GW190512_180714-v1,L1,Tau Mass (kg),8,20
GW190512_180714-v1,L1,Neutron Mass (kg),8,21
GW190512_180714-v1,L1,Euler–Mascheroni Constant,2,22
GW190512_180714-v1,L1,Square Root of 2,2,23
GW190512_180714-v1,L1,Golden Ratio Conjugate,2,24
GW190512_180714-v1,L1,Square Root of 3,1,25
GW190512_180714-v1,L1,Two Pi,1,26
GW190512_180714-v1,L1,Khinchin’s Constant,0,27
GW190512_180714-v1,L1,Earth Mass (kg),0,28
GW190512_180714-v1,L1,Astronomical Unit (m),0,29
GW190512_180714-v1,L1,Square Root of 5,0,30
GW190512_180714-v1,L1,Avogadro Constant (1/mol),0,31
GW190512_180714-v1,L1,Cosmic Microwave Background Temp (K),0,32
GW190512_180714-v1,L1,Speed of Light (m/s),0,33
GW190512_180714-v1,L1,Solar Radius (m),0,34
GW190512_180714-v1,L1,Solar Mass (kg),0,35
GW190512_180714-v1,L1,Coulomb Constant (N m^2 C^-2),0,36
GW190512_180714-v1,L1,Earth Radius (m),0,37
GW190512_180714-v1,L1,Parsec (m),0,38
GW190512_180714-v1,L1,Euler’s Number,0,39
GW190512_180714-v1,L1,Planck Temperature (K),0,40
GW190512_180714-v1,L1,Feigenbaum Alpha,0,41
GW190512_180714-v1,L1,Feigenbaum Delta,0,42
GW190512_180714-v1,L1,Gas Constant R (J/(mol·K)),0,43
GW190512_180714-v1,L1,Golden Ratio,0,44
GW190512_180714-v1,L1,Pi,0,45
GW190512_180714-v1,L1,Phi Squared,0,46
GW190512_180714-v1,L1,Hubble Constant (km/s/Mpc),0,47
GW190512_180714-v2,H1,Catalan’s Constant,62,1
GW190512_180714-v2,H1,Apéry’s Constant (zeta(3)),41,2
GW190512_180714-v2,H1,Golden Ratio Conjugate,14,3
GW190512_180714-v2,H1,Euler–Mascheroni Constant,10,4
GW190512_180714-v2,H1,Golden Ratio,9,5
GW190512_180714-v2,H1,Absolute Zero (K),6,6
GW190512_180714-v2,H1,Planck Length (m),6,7
GW190512_180714-v2,H1,Planck Charge (C),6,8
GW190512_180714-v2,H1,Planck Mass (kg),6,9
GW190512_180714-v2,H1,Neutron Mass (kg),6,10
GW190512_180714-v2,H1,Muon Mass (kg),6,11
GW190512_180714-v2,H1,Planck Time (s),6,12
GW190512_180714-v2,H1,Gravitational Constant (m^3 kg^-1 s^-2),6,13
GW190512_180714-v2,H1,Fine-Structure Constant,6,14
GW190512_180714-v2,H1,Proton Mass (kg),6,15
GW190512_180714-v2,H1,Reduced Planck Constant (J·s),6,16
GW190512_180714-v2,H1,Elementary Charge (C),6,17
GW190512_180714-v2,H1,Electron Mass (kg),6,18
GW190512_180714-v2,H1,Critical Density (kg/m^3),6,19
GW190512_180714-v2,H1,Boltzmann Constant (J/K),6,20
GW190512_180714-v2,H1,Baryon-to-Photon Ratio,6,21
GW190512_180714-v2,H1,Tau Mass (kg),6,22
GW190512_180714-v2,H1,Planck Constant (J·s),6,23
GW190512_180714-v2,H1,Plastic Constant,5,24
GW190512_180714-v2,H1,Square Root of 2,2,25
GW190512_180714-v2,H1,Square Root of 3,2,26
GW190512_180714-v2,H1,Square Root of 5,1,27
GW190512_180714-v2,H1,Pi,1,28
GW190512_180714-v2,H1,Solar Mass (kg),0,29
GW190512_180714-v2,H1,Solar Radius (m),0,30
GW190512_180714-v2,H1,Speed of Light (m/s),0,31
GW190512_180714-v2,H1,Planck Temperature (K),0,32
GW190512_180714-v2,H1,Hubble Constant (km/s/Mpc),0,33
GW190512_180714-v2,H1,Phi Squared,0,34
GW190512_180714-v2,H1,Parsec (m),0,35
GW190512_180714-v2,H1,Khinchin’s Constant,0,36
GW190512_180714-v2,H1,Gas Constant R (J/(mol·K)),0,37
GW190512_180714-v2,H1,Feigenbaum Delta,0,38
GW190512_180714-v2,H1,Feigenbaum Alpha,0,39
GW190512_180714-v2,H1,Euler’s Number,0,40
GW190512_180714-v2,H1,Earth Radius (m),0,41
GW190512_180714-v2,H1,Earth Mass (kg),0,42
GW190512_180714-v2,H1,Coulomb Constant (N m^2 C^-2),0,43
GW190512_180714-v2,H1,Cosmic Microwave Background Temp (K),0,44
GW190512_180714-v2,H1,Avogadro Constant (1/mol),0,45
GW190512_180714-v2,H1,Astronomical Unit (m),0,46
GW190512_180714-v2,H1,Two Pi,0,47
GW190512_180714-v2,L1,Catalan’s Constant,48,1
GW190512_180714-v2,L1,Apéry’s Constant (zeta(3)),9,2
GW190512_180714-v2,L1,Plastic Constant,9,3
GW190512_180714-v2,L1,Absolute Zero (K),8,4
GW190512_180714-v2,L1,Elementary Charge (C),8,5
GW190512_180714-v2,L1,Gravitational Constant (m^3 kg^-1 s^-2),8,6
GW190512_180714-v2,L1,Planck Charge (C),8,7
GW190512_180714-v2,L1,Planck Constant (J·s),8,8
GW190512_180714-v2,L1,Fine-Structure Constant,8,9
GW190512_180714-v2,L1,Planck Length (m),8,10
GW190512_180714-v2,L1,Planck Mass (kg),8,11
GW190512_180714-v2,L1,Planck Time (s),8,12
GW190512_180714-v2,L1,Electron Mass (kg),8,13
GW190512_180714-v2,L1,Muon Mass (kg),8,14
GW190512_180714-v2,L1,Proton Mass (kg),8,15
GW190512_180714-v2,L1,Critical Density (kg/m^3),8,16
GW190512_180714-v2,L1,Reduced Planck Constant (J·s),8,17
GW190512_180714-v2,L1,Boltzmann Constant (J/K),8,18
GW190512_180714-v2,L1,Baryon-to-Photon Ratio,8,19
GW190512_180714-v2,L1,Tau Mass (kg),8,20
GW190512_180714-v2,L1,Neutron Mass (kg),8,21
GW190512_180714-v2,L1,Euler–Mascheroni Constant,2,22
GW190512_180714-v2,L1,Square Root of 2,2,23
GW190512_180714-v2,L1,Golden Ratio Conjugate,2,24
GW190512_180714-v2,L1,Square Root of 3,1,25
GW190512_180714-v2,L1,Two Pi,1,26
GW190512_180714-v2,L1,Khinchin’s Constant,0,27
GW190512_180714-v2,L1,Earth Mass (kg),0,28
GW190512_180714-v2,L1,Astronomical Unit (m),0,29
GW190512_180714-v2,L1,Square Root of 5,0,30
GW190512_180714-v2,L1,Avogadro Constant (1/mol),0,31
GW190512_180714-v2,L1,Cosmic Microwave Background Temp (K),0,32
GW190512_180714-v2,L1,Speed of Light (m/s),0,33
GW190512_180714-v2,L1,Solar Radius (m),0,34
GW190512_180714-v2,L1,Solar Mass (kg),0,35
GW190512_180714-v2,L1,Coulomb Constant (N m^2 C^-2),0,36
GW190512_180714-v2,L1,Earth Radius (m),0,37
GW190512_180714-v2,L1,Parsec (m),0,38
GW190512_180714-v2,L1,Euler’s Number,0,39
GW190512_180714-v2,L1,Planck Temperature (K),0,40
GW190512_180714-v2,L1,Feigenbaum Alpha,0,41
GW190512_180714-v2,L1,Feigenbaum Delta,0,42
GW190512_180714-v2,L1,Gas Constant R (J/(mol·K)),0,43
GW190512_180714-v2,L1,Golden Ratio,0,44
GW190512_180714-v2,L1,Pi,0,45
GW190512_180714-v2,L1,Phi Squared,0,46
GW190512_180714-v2,L1,Hubble Constant (km/s/Mpc),0,47
GW190513_205428-v1,H1,Catalan’s Constant,75,1
GW190513_205428-v1,H1,Apéry’s Constant (zeta(3)),53,2
GW190513_205428-v1,H1,Golden Ratio Conjugate,23,3
GW190513_205428-v1,H1,Euler–Mascheroni Constant,16,4
GW190513_205428-v1,H1,Golden Ratio,14,5
GW190513_205428-v1,H1,Absolute Zero (K),9,6
GW190513_205428-v1,H1,Planck Mass (kg),9,7
GW190513_205428-v1,H1,Planck Constant (J·s),9,8
GW190513_205428-v1,H1,Planck Charge (C),9,9
GW190513_205428-v1,H1,Planck Time (s),9,10
GW190513_205428-v1,H1,Neutron Mass (kg),9,11
GW190513_205428-v1,H1,Muon Mass (kg),9,12
GW190513_205428-v1,H1,Gravitational Constant (m^3 kg^-1 s^-2),9,13
GW190513_205428-v1,H1,Proton Mass (kg),9,14
GW190513_205428-v1,H1,Fine-Structure Constant,9,15
GW190513_205428-v1,H1,Reduced Planck Constant (J·s),9,16
GW190513_205428-v1,H1,Planck Length (m),9,17
GW190513_205428-v1,H1,Elementary Charge (C),9,18
GW190513_205428-v1,H1,Electron Mass (kg),9,19
GW190513_205428-v1,H1,Critical Density (kg/m^3),9,20
GW190513_205428-v1,H1,Boltzmann Constant (J/K),9,21
GW190513_205428-v1,H1,Baryon-to-Photon Ratio,9,22
GW190513_205428-v1,H1,Tau Mass (kg),9,23
GW190513_205428-v1,H1,Plastic Constant,6,24
GW190513_205428-v1,H1,Euler’s Number,2,25
GW190513_205428-v1,H1,Khinchin’s Constant,2,26
GW190513_205428-v1,H1,Square Root of 3,2,27
GW190513_205428-v1,H1,Square Root of 2,1,28
GW190513_205428-v1,H1,Solar Radius (m),0,29
GW190513_205428-v1,H1,Speed of Light (m/s),0,30
GW190513_205428-v1,H1,Planck Temperature (K),0,31
GW190513_205428-v1,H1,Square Root of 5,0,32
GW190513_205428-v1,H1,Solar Mass (kg),0,33
GW190513_205428-v1,H1,Hubble Constant (km/s/Mpc),0,34
GW190513_205428-v1,H1,Pi,0,35
GW190513_205428-v1,H1,Phi Squared,0,36
GW190513_205428-v1,H1,Parsec (m),0,37
GW190513_205428-v1,H1,Gas Constant R (J/(mol·K)),0,38
GW190513_205428-v1,H1,Feigenbaum Delta,0,39
GW190513_205428-v1,H1,Feigenbaum Alpha,0,40
GW190513_205428-v1,H1,Earth Radius (m),0,41
GW190513_205428-v1,H1,Earth Mass (kg),0,42
GW190513_205428-v1,H1,Coulomb Constant (N m^2 C^-2),0,43
GW190513_205428-v1,H1,Cosmic Microwave Background Temp (K),0,44
GW190513_205428-v1,H1,Avogadro Constant (1/mol),0,45
GW190513_205428-v1,H1,Astronomical Unit (m),0,46
GW190513_205428-v1,H1,Two Pi,0,47
GW190513_205428-v1,L1,Catalan’s Constant,45,1
GW190513_205428-v1,L1,Apéry’s Constant (zeta(3)),13,2
GW190513_205428-v1,L1,Plastic Constant,9,3
GW190513_205428-v1,L1,Absolute Zero (K),7,4
GW190513_205428-v1,L1,Fine-Structure Constant,7,5
GW190513_205428-v1,L1,Planck Length (m),7,6
GW190513_205428-v1,L1,Planck Constant (J·s),7,7
GW190513_205428-v1,L1,Planck Charge (C),7,8
GW190513_205428-v1,L1,Planck Time (s),7,9
GW190513_205428-v1,L1,Neutron Mass (kg),7,10
GW190513_205428-v1,L1,Muon Mass (kg),7,11
GW190513_205428-v1,L1,Gravitational Constant (m^3 kg^-1 s^-2),7,12
GW190513_205428-v1,L1,Proton Mass (kg),7,13
GW190513_205428-v1,L1,Reduced Planck Constant (J·s),7,14
GW190513_205428-v1,L1,Planck Mass (kg),7,15
GW190513_205428-v1,L1,Critical Density (kg/m^3),7,16
GW190513_205428-v1,L1,Tau Mass (kg),7,17
GW190513_205428-v1,L1,Baryon-to-Photon Ratio,7,18
GW190513_205428-v1,L1,Elementary Charge (C),7,19
GW190513_205428-v1,L1,Electron Mass (kg),7,20
GW190513_205428-v1,L1,Boltzmann Constant (J/K),7,21
GW190513_205428-v1,L1,Golden Ratio Conjugate,6,22
GW190513_205428-v1,L1,Euler–Mascheroni Constant,4,23
GW190513_205428-v1,L1,Square Root of 2,2,24
GW190513_205428-v1,L1,Golden Ratio,2,25
GW190513_205428-v1,L1,Feigenbaum Alpha,2,26
GW190513_205428-v1,L1,Square Root of 3,1,27
GW190513_205428-v1,L1,Phi Squared,1,28
GW190513_205428-v1,L1,Square Root of 5,1,29
GW190513_205428-v1,L1,Khinchin’s Constant,1,30
GW190513_205428-v1,L1,Speed of Light (m/s),0,31
GW190513_205428-v1,L1,Solar Mass (kg),0,32
GW190513_205428-v1,L1,Solar Radius (m),0,33
GW190513_205428-v1,L1,Planck Temperature (K),0,34
GW190513_205428-v1,L1,Hubble Constant (km/s/Mpc),0,35
GW190513_205428-v1,L1,Pi,0,36
GW190513_205428-v1,L1,Parsec (m),0,37
GW190513_205428-v1,L1,Gas Constant R (J/(mol·K)),0,38
GW190513_205428-v1,L1,Feigenbaum Delta,0,39
GW190513_205428-v1,L1,Euler’s Number,0,40
GW190513_205428-v1,L1,Earth Radius (m),0,41
GW190513_205428-v1,L1,Earth Mass (kg),0,42
GW190513_205428-v1,L1,Coulomb Constant (N m^2 C^-2),0,43
GW190513_205428-v1,L1,Cosmic Microwave Background Temp (K),0,44
GW190513_205428-v1,L1,Avogadro Constant (1/mol),0,45
GW190513_205428-v1,L1,Astronomical Unit (m),0,46
GW190513_205428-v1,L1,Two Pi,0,47
GW190513_205428-v2,H1,Catalan’s Constant,66,1
GW190513_205428-v2,H1,Apéry’s Constant (zeta(3)),49,2
GW190513_205428-v2,H1,Golden Ratio Conjugate,26,3
GW190513_205428-v2,H1,Euler–Mascheroni Constant,21,4
GW190513_205428-v2,H1,Golden Ratio,20,5
GW190513_205428-v2,H1,Absolute Zero (K),10,6
GW190513_205428-v2,H1,Reduced Planck Constant (J·s),10,7
GW190513_205428-v2,H1,Planck Length (m),10,8
GW190513_205428-v2,H1,Planck Constant (J·s),10,9
GW190513_205428-v2,H1,Planck Charge (C),10,10
GW190513_205428-v2,H1,Planck Time (s),10,11
GW190513_205428-v2,H1,Proton Mass (kg),10,12
GW190513_205428-v2,H1,Neutron Mass (kg),10,13
GW190513_205428-v2,H1,Muon Mass (kg),10,14
GW190513_205428-v2,H1,Gravitational Constant (m^3 kg^-1 s^-2),10,15
GW190513_205428-v2,H1,Planck Mass (kg),10,16
GW190513_205428-v2,H1,Critical Density (kg/m^3),10,17
GW190513_205428-v2,H1,Baryon-to-Photon Ratio,10,18
GW190513_205428-v2,H1,Elementary Charge (C),10,19
GW190513_205428-v2,H1,Electron Mass (kg),10,20
GW190513_205428-v2,H1,Tau Mass (kg),10,21
GW190513_205428-v2,H1,Boltzmann Constant (J/K),10,22
GW190513_205428-v2,H1,Fine-Structure Constant,8,23
GW190513_205428-v2,H1,Plastic Constant,5,24
GW190513_205428-v2,H1,Square Root of 3,2,25
GW190513_205428-v2,H1,Euler’s Number,1,26
GW190513_205428-v2,H1,Square Root of 2,1,27
GW190513_205428-v2,H1,Khinchin’s Constant,1,28
GW190513_205428-v2,H1,Cosmic Microwave Background Temp (K),1,29
GW190513_205428-v2,H1,Square Root of 5,0,30
GW190513_205428-v2,H1,Solar Radius (m),0,31
GW190513_205428-v2,H1,Planck Temperature (K),0,32
GW190513_205428-v2,H1,Speed of Light (m/s),0,33
GW190513_205428-v2,H1,Solar Mass (kg),0,34
GW190513_205428-v2,H1,Hubble Constant (km/s/Mpc),0,35
GW190513_205428-v2,H1,Pi,0,36
GW190513_205428-v2,H1,Phi Squared,0,37
GW190513_205428-v2,H1,Parsec (m),0,38
GW190513_205428-v2,H1,Gas Constant R (J/(mol·K)),0,39
GW190513_205428-v2,H1,Feigenbaum Delta,0,40
GW190513_205428-v2,H1,Feigenbaum Alpha,0,41
GW190513_205428-v2,H1,Earth Radius (m),0,42
GW190513_205428-v2,H1,Earth Mass (kg),0,43
GW190513_205428-v2,H1,Coulomb Constant (N m^2 C^-2),0,44
GW190513_205428-v2,H1,Avogadro Constant (1/mol),0,45
GW190513_205428-v2,H1,Astronomical Unit (m),0,46
GW190513_205428-v2,H1,Two Pi,0,47
GW190513_205428-v2,L1,Catalan’s Constant,47,1
GW190513_205428-v2,L1,Fine-Structure Constant,10,2
GW190513_205428-v2,L1,Absolute Zero (K),9,3
GW190513_205428-v2,L1,Proton Mass (kg),9,4
GW190513_205428-v2,L1,Planck Time (s),9,5
GW190513_205428-v2,L1,Muon Mass (kg),9,6
GW190513_205428-v2,L1,Neutron Mass (kg),9,7
GW190513_205428-v2,L1,Reduced Planck Constant (J·s),9,8
GW190513_205428-v2,L1,Elementary Charge (C),9,9
GW190513_205428-v2,L1,Electron Mass (kg),9,10
GW190513_205428-v2,L1,Planck Charge (C),9,11
GW190513_205428-v2,L1,Gravitational Constant (m^3 kg^-1 s^-2),9,12
GW190513_205428-v2,L1,Critical Density (kg/m^3),9,13
GW190513_205428-v2,L1,Planck Constant (J·s),9,14
GW190513_205428-v2,L1,Planck Length (m),9,15
GW190513_205428-v2,L1,Boltzmann Constant (J/K),9,16
GW190513_205428-v2,L1,Baryon-to-Photon Ratio,9,17
GW190513_205428-v2,L1,Planck Mass (kg),9,18
GW190513_205428-v2,L1,Tau Mass (kg),9,19
GW190513_205428-v2,L1,Apéry’s Constant (zeta(3)),8,20
GW190513_205428-v2,L1,Plastic Constant,5,21
GW190513_205428-v2,L1,Golden Ratio Conjugate,4,22
GW190513_205428-v2,L1,Golden Ratio,2,23
GW190513_205428-v2,L1,Euler–Mascheroni Constant,2,24
GW190513_205428-v2,L1,Khinchin’s Constant,1,25
GW190513_205428-v2,L1,Feigenbaum Alpha,1,26
GW190513_205428-v2,L1,Euler’s Number,1,27
GW190513_205428-v2,L1,Phi Squared,1,28
GW190513_205428-v2,L1,Square Root of 2,1,29
GW190513_205428-v2,L1,Cosmic Microwave Background Temp (K),1,30
GW190513_205428-v2,L1,Square Root of 5,1,31
GW190513_205428-v2,L1,Solar Mass (kg),0,32
GW190513_205428-v2,L1,Speed of Light (m/s),0,33
GW190513_205428-v2,L1,Square Root of 3,0,34
GW190513_205428-v2,L1,Solar Radius (m),0,35
GW190513_205428-v2,L1,Hubble Constant (km/s/Mpc),0,36
GW190513_205428-v2,L1,Planck Temperature (K),0,37
GW190513_205428-v2,L1,Pi,0,38
GW190513_205428-v2,L1,Parsec (m),0,39
GW190513_205428-v2,L1,Gas Constant R (J/(mol·K)),0,40
GW190513_205428-v2,L1,Feigenbaum Delta,0,41
GW190513_205428-v2,L1,Earth Radius (m),0,42
GW190513_205428-v2,L1,Earth Mass (kg),0,43
GW190513_205428-v2,L1,Coulomb Constant (N m^2 C^-2),0,44
GW190513_205428-v2,L1,Avogadro Constant (1/mol),0,45
GW190513_205428-v2,L1,Astronomical Unit (m),0,46
GW190513_205428-v2,L1,Two Pi,0,47
GW190514_065416-v1,H1,Catalan’s Constant,64,1
GW190514_065416-v1,H1,Apéry’s Constant (zeta(3)),47,2
GW190514_065416-v1,H1,Golden Ratio Conjugate,23,3
GW190514_065416-v1,H1,Euler–Mascheroni Constant,19,4
GW190514_065416-v1,H1,Golden Ratio,16,5
GW190514_065416-v1,H1,Absolute Zero (K),10,6
GW190514_065416-v1,H1,Planck Length (m),10,7
GW190514_065416-v1,H1,Planck Charge (C),10,8
GW190514_065416-v1,H1,Planck Mass (kg),10,9
GW190514_065416-v1,H1,Planck Time (s),10,10
GW190514_065416-v1,H1,Neutron Mass (kg),10,11
GW190514_065416-v1,H1,Muon Mass (kg),10,12
GW190514_065416-v1,H1,Gravitational Constant (m^3 kg^-1 s^-2),10,13
GW190514_065416-v1,H1,Proton Mass (kg),10,14
GW190514_065416-v1,H1,Fine-Structure Constant,10,15
GW190514_065416-v1,H1,Reduced Planck Constant (J·s),10,16
GW190514_065416-v1,H1,Planck Constant (J·s),10,17
GW190514_065416-v1,H1,Elementary Charge (C),10,18
GW190514_065416-v1,H1,Electron Mass (kg),10,19
GW190514_065416-v1,H1,Critical Density (kg/m^3),10,20
GW190514_065416-v1,H1,Boltzmann Constant (J/K),10,21
GW190514_065416-v1,H1,Baryon-to-Photon Ratio,10,22
GW190514_065416-v1,H1,Tau Mass (kg),10,23
GW190514_065416-v1,H1,Plastic Constant,5,24
GW190514_065416-v1,H1,Square Root of 2,4,25
GW190514_065416-v1,H1,Square Root of 3,3,26
GW190514_065416-v1,H1,Square Root of 5,1,27
GW190514_065416-v1,H1,Feigenbaum Alpha,1,28
GW190514_065416-v1,H1,Solar Mass (kg),0,29
GW190514_065416-v1,H1,Solar Radius (m),0,30
GW190514_065416-v1,H1,Speed of Light (m/s),0,31
GW190514_065416-v1,H1,Planck Temperature (K),0,32
GW190514_065416-v1,H1,Hubble Constant (km/s/Mpc),0,33
GW190514_065416-v1,H1,Pi,0,34
GW190514_065416-v1,H1,Phi Squared,0,35
GW190514_065416-v1,H1,Parsec (m),0,36
GW190514_065416-v1,H1,Khinchin’s Constant,0,37
GW190514_065416-v1,H1,Gas Constant R (J/(mol·K)),0,38
GW190514_065416-v1,H1,Feigenbaum Delta,0,39
GW190514_065416-v1,H1,Euler’s Number,0,40
GW190514_065416-v1,H1,Earth Radius (m),0,41
GW190514_065416-v1,H1,Earth Mass (kg),0,42
GW190514_065416-v1,H1,Coulomb Constant (N m^2 C^-2),0,43
GW190514_065416-v1,H1,Cosmic Microwave Background Temp (K),0,44
GW190514_065416-v1,H1,Avogadro Constant (1/mol),0,45
GW190514_065416-v1,H1,Astronomical Unit (m),0,46
GW190514_065416-v1,H1,Two Pi,0,47
GW190514_065416-v2,L1,Catalan’s Constant,52,1
GW190514_065416-v2,L1,Euler–Mascheroni Constant,20,2
GW190514_065416-v2,L1,Golden Ratio Conjugate,20,3
GW190514_065416-v2,L1,Apéry’s Constant (zeta(3)),14,4
GW190514_065416-v2,L1,Plastic Constant,9,5
GW190514_065416-v2,L1,Square Root of 2,8,6
GW190514_065416-v2,L1,Golden Ratio,8,7
GW190514_065416-v2,L1,Fine-Structure Constant,7,8
GW190514_065416-v2,L1,Muon Mass (kg),6,9
GW190514_065416-v2,L1,Gravitational Constant (m^3 kg^-1 s^-2),6,10
GW190514_065416-v2,L1,Absolute Zero (K),6,11
GW190514_065416-v2,L1,Neutron Mass (kg),6,12
GW190514_065416-v2,L1,Planck Time (s),6,13
GW190514_065416-v2,L1,Planck Charge (C),6,14
GW190514_065416-v2,L1,Planck Constant (J·s),6,15
GW190514_065416-v2,L1,Planck Length (m),6,16
GW190514_065416-v2,L1,Proton Mass (kg),6,17
GW190514_065416-v2,L1,Reduced Planck Constant (J·s),6,18
GW190514_065416-v2,L1,Elementary Charge (C),6,19
GW190514_065416-v2,L1,Electron Mass (kg),6,20
GW190514_065416-v2,L1,Critical Density (kg/m^3),6,21
GW190514_065416-v2,L1,Boltzmann Constant (J/K),6,22
GW190514_065416-v2,L1,Baryon-to-Photon Ratio,6,23
GW190514_065416-v2,L1,Tau Mass (kg),6,24
GW190514_065416-v2,L1,Planck Mass (kg),6,25
GW190514_065416-v2,L1,Khinchin’s Constant,4,26
GW190514_065416-v2,L1,Phi Squared,4,27
GW190514_065416-v2,L1,Feigenbaum Alpha,2,28
GW190514_065416-v2,L1,Square Root of 3,1,29
GW190514_065416-v2,L1,Planck Temperature (K),0,30
GW190514_065416-v2,L1,Solar Mass (kg),0,31
GW190514_065416-v2,L1,Solar Radius (m),0,32
GW190514_065416-v2,L1,Speed of Light (m/s),0,33
GW190514_065416-v2,L1,Square Root of 5,0,34
GW190514_065416-v2,L1,Hubble Constant (km/s/Mpc),0,35
GW190514_065416-v2,L1,Pi,0,36
GW190514_065416-v2,L1,Parsec (m),0,37
GW190514_065416-v2,L1,Gas Constant R (J/(mol·K)),0,38
GW190514_065416-v2,L1,Feigenbaum Delta,0,39
GW190514_065416-v2,L1,Euler’s Number,0,40
GW190514_065416-v2,L1,Earth Radius (m),0,41
GW190514_065416-v2,L1,Earth Mass (kg),0,42
GW190514_065416-v2,L1,Coulomb Constant (N m^2 C^-2),0,43
GW190514_065416-v2,L1,Cosmic Microwave Background Temp (K),0,44
GW190514_065416-v2,L1,Avogadro Constant (1/mol),0,45
GW190514_065416-v2,L1,Astronomical Unit (m),0,46
GW190514_065416-v2,L1,Two Pi,0,47
GW190517_055101-v1,H1,Catalan’s Constant,81,1
GW190517_055101-v1,H1,Plastic Constant,8,2
GW190517_055101-v1,H1,Apéry’s Constant (zeta(3)),6,3
GW190517_055101-v1,H1,Square Root of 5,0,4
GW190517_055101-v1,H1,Planck Temperature (K),0,5
GW190517_055101-v1,H1,Neutron Mass (kg),0,6
GW190517_055101-v1,H1,Parsec (m),0,7
GW190517_055101-v1,H1,Phi Squared,0,8
GW190517_055101-v1,H1,Pi,0,9
GW190517_055101-v1,H1,Planck Charge (C),0,10
GW190517_055101-v1,H1,Planck Constant (J·s),0,11
GW190517_055101-v1,H1,Planck Length (m),0,12
GW190517_055101-v1,H1,Planck Mass (kg),0,13
GW190517_055101-v1,H1,Planck Time (s),0,14
GW190517_055101-v1,H1,Square Root of 3,0,15
GW190517_055101-v1,H1,Muon Mass (kg),0,16
GW190517_055101-v1,H1,Proton Mass (kg),0,17
GW190517_055101-v1,H1,Reduced Planck Constant (J·s),0,18
GW190517_055101-v1,H1,Solar Mass (kg),0,19
GW190517_055101-v1,H1,Solar Radius (m),0,20
GW190517_055101-v1,H1,Speed of Light (m/s),0,21
GW190517_055101-v1,H1,Tau Mass (kg),0,22
GW190517_055101-v1,H1,Square Root of 2,0,23
GW190517_055101-v1,H1,Absolute Zero (K),0,24
GW190517_055101-v1,H1,Hubble Constant (km/s/Mpc),0,25
GW190517_055101-v1,H1,Khinchin’s Constant,0,26
GW190517_055101-v1,H1,Gravitational Constant (m^3 kg^-1 s^-2),0,27
GW190517_055101-v1,H1,Astronomical Unit (m),0,28
GW190517_055101-v1,H1,Avogadro Constant (1/mol),0,29
GW190517_055101-v1,H1,Baryon-to-Photon Ratio,0,30
GW190517_055101-v1,H1,Boltzmann Constant (J/K),0,31
GW190517_055101-v1,H1,Cosmic Microwave Background Temp (K),0,32
GW190517_055101-v1,H1,Coulomb Constant (N m^2 C^-2),0,33
GW190517_055101-v1,H1,Critical Density (kg/m^3),0,34
GW190517_055101-v1,H1,Earth Mass (kg),0,35
GW190517_055101-v1,H1,Earth Radius (m),0,36
GW190517_055101-v1,H1,Electron Mass (kg),0,37
GW190517_055101-v1,H1,Elementary Charge (C),0,38
GW190517_055101-v1,H1,Euler–Mascheroni Constant,0,39
GW190517_055101-v1,H1,Euler’s Number,0,40
GW190517_055101-v1,H1,Feigenbaum Alpha,0,41
GW190517_055101-v1,H1,Feigenbaum Delta,0,42
GW190517_055101-v1,H1,Fine-Structure Constant,0,43
GW190517_055101-v1,H1,Gas Constant R (J/(mol·K)),0,44
GW190517_055101-v1,H1,Golden Ratio,0,45
GW190517_055101-v1,H1,Golden Ratio Conjugate,0,46
GW190517_055101-v1,H1,Two Pi,0,47
GW190517_055101-v1,L1,Catalan’s Constant,58,1
GW190517_055101-v1,L1,Golden Ratio Conjugate,47,2
GW190517_055101-v1,L1,Euler–Mascheroni Constant,45,3
GW190517_055101-v1,L1,Golden Ratio,38,4
GW190517_055101-v1,L1,Apéry’s Constant (zeta(3)),23,5
GW190517_055101-v1,L1,Plastic Constant,20,6
GW190517_055101-v1,L1,Neutron Mass (kg),6,7
GW190517_055101-v1,L1,Gravitational Constant (m^3 kg^-1 s^-2),6,8
GW190517_055101-v1,L1,Muon Mass (kg),6,9
GW190517_055101-v1,L1,Reduced Planck Constant (J·s),6,10
GW190517_055101-v1,L1,Planck Time (s),6,11
GW190517_055101-v1,L1,Proton Mass (kg),6,12
GW190517_055101-v1,L1,Planck Charge (C),6,13
GW190517_055101-v1,L1,Planck Constant (J·s),6,14
GW190517_055101-v1,L1,Planck Length (m),6,15
GW190517_055101-v1,L1,Planck Mass (kg),6,16
GW190517_055101-v1,L1,Fine-Structure Constant,6,17
GW190517_055101-v1,L1,Absolute Zero (K),6,18
GW190517_055101-v1,L1,Critical Density (kg/m^3),6,19
GW190517_055101-v1,L1,Boltzmann Constant (J/K),6,20
GW190517_055101-v1,L1,Tau Mass (kg),6,21
GW190517_055101-v1,L1,Elementary Charge (C),6,22
GW190517_055101-v1,L1,Electron Mass (kg),6,23
GW190517_055101-v1,L1,Baryon-to-Photon Ratio,6,24
GW190517_055101-v1,L1,Feigenbaum Alpha,5,25
GW190517_055101-v1,L1,Khinchin’s Constant,5,26
GW190517_055101-v1,L1,Phi Squared,4,27
GW190517_055101-v1,L1,Square Root of 2,3,28
GW190517_055101-v1,L1,Square Root of 3,3,29
GW190517_055101-v1,L1,Cosmic Microwave Background Temp (K),1,30
GW190517_055101-v1,L1,Euler’s Number,1,31
GW190517_055101-v1,L1,Solar Mass (kg),0,32
GW190517_055101-v1,L1,Speed of Light (m/s),0,33
GW190517_055101-v1,L1,Square Root of 5,0,34
GW190517_055101-v1,L1,Solar Radius (m),0,35
GW190517_055101-v1,L1,Hubble Constant (km/s/Mpc),0,36
GW190517_055101-v1,L1,Planck Temperature (K),0,37
GW190517_055101-v1,L1,Pi,0,38
GW190517_055101-v1,L1,Parsec (m),0,39
GW190517_055101-v1,L1,Gas Constant R (J/(mol·K)),0,40
GW190517_055101-v1,L1,Feigenbaum Delta,0,41
GW190517_055101-v1,L1,Earth Radius (m),0,42
GW190517_055101-v1,L1,Earth Mass (kg),0,43
GW190517_055101-v1,L1,Coulomb Constant (N m^2 C^-2),0,44
GW190517_055101-v1,L1,Avogadro Constant (1/mol),0,45
GW190517_055101-v1,L1,Astronomical Unit (m),0,46
GW190517_055101-v1,L1,Two Pi,0,47
GW190517_055101-v2,H1,Catalan’s Constant,81,1
GW190517_055101-v2,H1,Plastic Constant,8,2
GW190517_055101-v2,H1,Apéry’s Constant (zeta(3)),6,3
GW190517_055101-v2,H1,Square Root of 5,0,4
GW190517_055101-v2,H1,Planck Temperature (K),0,5
GW190517_055101-v2,H1,Neutron Mass (kg),0,6
GW190517_055101-v2,H1,Parsec (m),0,7
GW190517_055101-v2,H1,Phi Squared,0,8
GW190517_055101-v2,H1,Pi,0,9
GW190517_055101-v2,H1,Planck Charge (C),0,10
GW190517_055101-v2,H1,Planck Constant (J·s),0,11
GW190517_055101-v2,H1,Planck Length (m),0,12
GW190517_055101-v2,H1,Planck Mass (kg),0,13
GW190517_055101-v2,H1,Planck Time (s),0,14
GW190517_055101-v2,H1,Square Root of 3,0,15
GW190517_055101-v2,H1,Muon Mass (kg),0,16
GW190517_055101-v2,H1,Proton Mass (kg),0,17
GW190517_055101-v2,H1,Reduced Planck Constant (J·s),0,18
GW190517_055101-v2,H1,Solar Mass (kg),0,19
GW190517_055101-v2,H1,Solar Radius (m),0,20
GW190517_055101-v2,H1,Speed of Light (m/s),0,21
GW190517_055101-v2,H1,Tau Mass (kg),0,22
GW190517_055101-v2,H1,Square Root of 2,0,23
GW190517_055101-v2,H1,Absolute Zero (K),0,24
GW190517_055101-v2,H1,Hubble Constant (km/s/Mpc),0,25
GW190517_055101-v2,H1,Khinchin’s Constant,0,26
GW190517_055101-v2,H1,Gravitational Constant (m^3 kg^-1 s^-2),0,27
GW190517_055101-v2,H1,Astronomical Unit (m),0,28
GW190517_055101-v2,H1,Avogadro Constant (1/mol),0,29
GW190517_055101-v2,H1,Baryon-to-Photon Ratio,0,30
GW190517_055101-v2,H1,Boltzmann Constant (J/K),0,31
GW190517_055101-v2,H1,Cosmic Microwave Background Temp (K),0,32
GW190517_055101-v2,H1,Coulomb Constant (N m^2 C^-2),0,33
GW190517_055101-v2,H1,Critical Density (kg/m^3),0,34
GW190517_055101-v2,H1,Earth Mass (kg),0,35
GW190517_055101-v2,H1,Earth Radius (m),0,36
GW190517_055101-v2,H1,Electron Mass (kg),0,37
GW190517_055101-v2,H1,Elementary Charge (C),0,38
GW190517_055101-v2,H1,Euler–Mascheroni Constant,0,39
GW190517_055101-v2,H1,Euler’s Number,0,40
GW190517_055101-v2,H1,Feigenbaum Alpha,0,41
GW190517_055101-v2,H1,Feigenbaum Delta,0,42
GW190517_055101-v2,H1,Fine-Structure Constant,0,43
GW190517_055101-v2,H1,Gas Constant R (J/(mol·K)),0,44
GW190517_055101-v2,H1,Golden Ratio,0,45
GW190517_055101-v2,H1,Golden Ratio Conjugate,0,46
GW190517_055101-v2,H1,Two Pi,0,47
GW190517_055101-v2,L1,Catalan’s Constant,58,1
GW190517_055101-v2,L1,Golden Ratio Conjugate,47,2
GW190517_055101-v2,L1,Euler–Mascheroni Constant,45,3
GW190517_055101-v2,L1,Golden Ratio,38,4
GW190517_055101-v2,L1,Apéry’s Constant (zeta(3)),23,5
GW190517_055101-v2,L1,Plastic Constant,20,6
GW190517_055101-v2,L1,Neutron Mass (kg),6,7
GW190517_055101-v2,L1,Gravitational Constant (m^3 kg^-1 s^-2),6,8
GW190517_055101-v2,L1,Muon Mass (kg),6,9
GW190517_055101-v2,L1,Reduced Planck Constant (J·s),6,10
GW190517_055101-v2,L1,Planck Time (s),6,11
GW190517_055101-v2,L1,Proton Mass (kg),6,12
GW190517_055101-v2,L1,Planck Charge (C),6,13
GW190517_055101-v2,L1,Planck Constant (J·s),6,14
GW190517_055101-v2,L1,Planck Length (m),6,15
GW190517_055101-v2,L1,Planck Mass (kg),6,16
GW190517_055101-v2,L1,Fine-Structure Constant,6,17
GW190517_055101-v2,L1,Absolute Zero (K),6,18
GW190517_055101-v2,L1,Critical Density (kg/m^3),6,19
GW190517_055101-v2,L1,Boltzmann Constant (J/K),6,20
GW190517_055101-v2,L1,Tau Mass (kg),6,21
GW190517_055101-v2,L1,Elementary Charge (C),6,22
GW190517_055101-v2,L1,Electron Mass (kg),6,23
GW190517_055101-v2,L1,Baryon-to-Photon Ratio,6,24
GW190517_055101-v2,L1,Feigenbaum Alpha,5,25
GW190517_055101-v2,L1,Khinchin’s Constant,5,26
GW190517_055101-v2,L1,Phi Squared,4,27
GW190517_055101-v2,L1,Square Root of 2,3,28
GW190517_055101-v2,L1,Square Root of 3,3,29
GW190517_055101-v2,L1,Cosmic Microwave Background Temp (K),1,30
GW190517_055101-v2,L1,Euler’s Number,1,31
GW190517_055101-v2,L1,Solar Mass (kg),0,32
GW190517_055101-v2,L1,Speed of Light (m/s),0,33
GW190517_055101-v2,L1,Square Root of 5,0,34
GW190517_055101-v2,L1,Solar Radius (m),0,35
GW190517_055101-v2,L1,Hubble Constant (km/s/Mpc),0,36
GW190517_055101-v2,L1,Planck Temperature (K),0,37
GW190517_055101-v2,L1,Pi,0,38
GW190517_055101-v2,L1,Parsec (m),0,39
GW190517_055101-v2,L1,Gas Constant R (J/(mol·K)),0,40
GW190517_055101-v2,L1,Feigenbaum Delta,0,41
GW190517_055101-v2,L1,Earth Radius (m),0,42
GW190517_055101-v2,L1,Earth Mass (kg),0,43
GW190517_055101-v2,L1,Coulomb Constant (N m^2 C^-2),0,44
GW190517_055101-v2,L1,Avogadro Constant (1/mol),0,45
GW190517_055101-v2,L1,Astronomical Unit (m),0,46
GW190517_055101-v2,L1,Two Pi,0,47
GW190519_153544-v1,H1,Catalan’s Constant,73,1
GW190519_153544-v1,H1,Apéry’s Constant (zeta(3)),44,2
GW190519_153544-v1,H1,Golden Ratio Conjugate,43,3
GW190519_153544-v1,H1,Euler–Mascheroni Constant,43,4
GW190519_153544-v1,H1,Golden Ratio,41,5
GW190519_153544-v1,H1,Absolute Zero (K),10,6
GW190519_153544-v1,H1,Planck Time (s),10,7
GW190519_153544-v1,H1,Planck Length (m),10,8
GW190519_153544-v1,H1,Planck Constant (J·s),10,9
GW190519_153544-v1,H1,Planck Charge (C),10,10
GW190519_153544-v1,H1,Proton Mass (kg),10,11
GW190519_153544-v1,H1,Reduced Planck Constant (J·s),10,12
GW190519_153544-v1,H1,Neutron Mass (kg),10,13
GW190519_153544-v1,H1,Muon Mass (kg),10,14
GW190519_153544-v1,H1,Gravitational Constant (m^3 kg^-1 s^-2),10,15
GW190519_153544-v1,H1,Planck Mass (kg),10,16
GW190519_153544-v1,H1,Critical Density (kg/m^3),10,17
GW190519_153544-v1,H1,Tau Mass (kg),10,18
GW190519_153544-v1,H1,Elementary Charge (C),10,19
GW190519_153544-v1,H1,Electron Mass (kg),10,20
GW190519_153544-v1,H1,Baryon-to-Photon Ratio,10,21
GW190519_153544-v1,H1,Boltzmann Constant (J/K),10,22
GW190519_153544-v1,H1,Fine-Structure Constant,9,23
GW190519_153544-v1,H1,Plastic Constant,9,24
GW190519_153544-v1,H1,Square Root of 2,5,25
GW190519_153544-v1,H1,Square Root of 3,3,26
GW190519_153544-v1,H1,Cosmic Microwave Background Temp (K),2,27
GW190519_153544-v1,H1,Feigenbaum Alpha,2,28
GW190519_153544-v1,H1,Euler’s Number,2,29
GW190519_153544-v1,H1,Khinchin’s Constant,2,30
GW190519_153544-v1,H1,Speed of Light (m/s),0,31
GW190519_153544-v1,H1,Square Root of 5,0,32
GW190519_153544-v1,H1,Solar Mass (kg),0,33
GW190519_153544-v1,H1,Solar Radius (m),0,34
GW190519_153544-v1,H1,Hubble Constant (km/s/Mpc),0,35
GW190519_153544-v1,H1,Planck Temperature (K),0,36
GW190519_153544-v1,H1,Pi,0,37
GW190519_153544-v1,H1,Phi Squared,0,38
GW190519_153544-v1,H1,Parsec (m),0,39
GW190519_153544-v1,H1,Gas Constant R (J/(mol·K)),0,40
GW190519_153544-v1,H1,Feigenbaum Delta,0,41
GW190519_153544-v1,H1,Earth Radius (m),0,42
GW190519_153544-v1,H1,Earth Mass (kg),0,43
GW190519_153544-v1,H1,Coulomb Constant (N m^2 C^-2),0,44
GW190519_153544-v1,H1,Avogadro Constant (1/mol),0,45
GW190519_153544-v1,H1,Astronomical Unit (m),0,46
GW190519_153544-v1,H1,Two Pi,0,47
GW190519_153544-v1,L1,Golden Ratio Conjugate,5,1
GW190519_153544-v1,L1,Absolute Zero (K),4,2
GW190519_153544-v1,L1,Elementary Charge (C),4,3
GW190519_153544-v1,L1,Planck Charge (C),4,4
GW190519_153544-v1,L1,Planck Mass (kg),4,5
GW190519_153544-v1,L1,Planck Time (s),4,6
GW190519_153544-v1,L1,Neutron Mass (kg),4,7
GW190519_153544-v1,L1,Muon Mass (kg),4,8
GW190519_153544-v1,L1,Gravitational Constant (m^3 kg^-1 s^-2),4,9
GW190519_153544-v1,L1,Proton Mass (kg),4,10
GW190519_153544-v1,L1,Fine-Structure Constant,4,11
GW190519_153544-v1,L1,Reduced Planck Constant (J·s),4,12
GW190519_153544-v1,L1,Planck Length (m),4,13
GW190519_153544-v1,L1,Planck Constant (J·s),4,14
GW190519_153544-v1,L1,Electron Mass (kg),4,15
GW190519_153544-v1,L1,Tau Mass (kg),4,16
GW190519_153544-v1,L1,Baryon-to-Photon Ratio,4,17
GW190519_153544-v1,L1,Critical Density (kg/m^3),4,18
GW190519_153544-v1,L1,Boltzmann Constant (J/K),4,19
GW190519_153544-v1,L1,Euler–Mascheroni Constant,2,20
GW190519_153544-v1,L1,Plastic Constant,2,21
GW190519_153544-v1,L1,Catalan’s Constant,2,22
GW190519_153544-v1,L1,Apéry’s Constant (zeta(3)),2,23
GW190519_153544-v1,L1,Golden Ratio,2,24
GW190519_153544-v1,L1,Feigenbaum Alpha,2,25
GW190519_153544-v1,L1,Square Root of 2,1,26
GW190519_153544-v1,L1,Solar Mass (kg),0,27
GW190519_153544-v1,L1,Square Root of 3,0,28
GW190519_153544-v1,L1,Speed of Light (m/s),0,29
GW190519_153544-v1,L1,Planck Temperature (K),0,30
GW190519_153544-v1,L1,Square Root of 5,0,31
GW190519_153544-v1,L1,Solar Radius (m),0,32
GW190519_153544-v1,L1,Hubble Constant (km/s/Mpc),0,33
GW190519_153544-v1,L1,Pi,0,34
GW190519_153544-v1,L1,Phi Squared,0,35
GW190519_153544-v1,L1,Parsec (m),0,36
GW190519_153544-v1,L1,Khinchin’s Constant,0,37
GW190519_153544-v1,L1,Gas Constant R (J/(mol·K)),0,38
GW190519_153544-v1,L1,Feigenbaum Delta,0,39
GW190519_153544-v1,L1,Euler’s Number,0,40
GW190519_153544-v1,L1,Earth Radius (m),0,41
GW190519_153544-v1,L1,Earth Mass (kg),0,42
GW190519_153544-v1,L1,Coulomb Constant (N m^2 C^-2),0,43
GW190519_153544-v1,L1,Cosmic Microwave Background Temp (K),0,44
GW190519_153544-v1,L1,Avogadro Constant (1/mol),0,45
GW190519_153544-v1,L1,Astronomical Unit (m),0,46
GW190519_153544-v1,L1,Two Pi,0,47
GW190519_153544-v2,H1,Catalan’s Constant,72,1
GW190519_153544-v2,H1,Apéry’s Constant (zeta(3)),38,2
GW190519_153544-v2,H1,Euler–Mascheroni Constant,36,3
GW190519_153544-v2,H1,Golden Ratio Conjugate,36,4
GW190519_153544-v2,H1,Golden Ratio,33,5
GW190519_153544-v2,H1,Plastic Constant,10,6
GW190519_153544-v2,H1,Absolute Zero (K),9,7
GW190519_153544-v2,H1,Muon Mass (kg),9,8
GW190519_153544-v2,H1,Gravitational Constant (m^3 kg^-1 s^-2),9,9
GW190519_153544-v2,H1,Reduced Planck Constant (J·s),9,10
GW190519_153544-v2,H1,Neutron Mass (kg),9,11
GW190519_153544-v2,H1,Planck Time (s),9,12
GW190519_153544-v2,H1,Proton Mass (kg),9,13
GW190519_153544-v2,H1,Planck Charge (C),9,14
GW190519_153544-v2,H1,Planck Constant (J·s),9,15
GW190519_153544-v2,H1,Planck Length (m),9,16
GW190519_153544-v2,H1,Fine-Structure Constant,9,17
GW190519_153544-v2,H1,Planck Mass (kg),9,18
GW190519_153544-v2,H1,Elementary Charge (C),9,19
GW190519_153544-v2,H1,Electron Mass (kg),9,20
GW190519_153544-v2,H1,Critical Density (kg/m^3),9,21
GW190519_153544-v2,H1,Boltzmann Constant (J/K),9,22
GW190519_153544-v2,H1,Baryon-to-Photon Ratio,9,23
GW190519_153544-v2,H1,Tau Mass (kg),9,24
GW190519_153544-v2,H1,Square Root of 2,6,25
GW190519_153544-v2,H1,Feigenbaum Alpha,1,26
GW190519_153544-v2,H1,Euler’s Number,1,27
GW190519_153544-v2,H1,Khinchin’s Constant,1,28
GW190519_153544-v2,H1,Square Root of 3,1,29
GW190519_153544-v2,H1,Cosmic Microwave Background Temp (K),1,30
GW190519_153544-v2,H1,Solar Mass (kg),0,31
GW190519_153544-v2,H1,Speed of Light (m/s),0,32
GW190519_153544-v2,H1,Square Root of 5,0,33
GW190519_153544-v2,H1,Solar Radius (m),0,34
GW190519_153544-v2,H1,Hubble Constant (km/s/Mpc),0,35
GW190519_153544-v2,H1,Planck Temperature (K),0,36
GW190519_153544-v2,H1,Pi,0,37
GW190519_153544-v2,H1,Phi Squared,0,38
GW190519_153544-v2,H1,Parsec (m),0,39
GW190519_153544-v2,H1,Gas Constant R (J/(mol·K)),0,40
GW190519_153544-v2,H1,Feigenbaum Delta,0,41
GW190519_153544-v2,H1,Earth Radius (m),0,42
GW190519_153544-v2,H1,Earth Mass (kg),0,43
GW190519_153544-v2,H1,Coulomb Constant (N m^2 C^-2),0,44
GW190519_153544-v2,H1,Avogadro Constant (1/mol),0,45
GW190519_153544-v2,H1,Astronomical Unit (m),0,46
GW190519_153544-v2,H1,Two Pi,0,47
GW190519_153544-v2,L1,Golden Ratio Conjugate,7,1
GW190519_153544-v2,L1,Catalan’s Constant,5,2
GW190519_153544-v2,L1,Absolute Zero (K),3,3
GW190519_153544-v2,L1,Euler–Mascheroni Constant,3,4
GW190519_153544-v2,L1,Planck Length (m),3,5
GW190519_153544-v2,L1,Planck Constant (J·s),3,6
GW190519_153544-v2,L1,Planck Charge (C),3,7
GW190519_153544-v2,L1,Planck Time (s),3,8
GW190519_153544-v2,L1,Neutron Mass (kg),3,9
GW190519_153544-v2,L1,Muon Mass (kg),3,10
GW190519_153544-v2,L1,Gravitational Constant (m^3 kg^-1 s^-2),3,11
GW190519_153544-v2,L1,Proton Mass (kg),3,12
GW190519_153544-v2,L1,Fine-Structure Constant,3,13
GW190519_153544-v2,L1,Reduced Planck Constant (J·s),3,14
GW190519_153544-v2,L1,Elementary Charge (C),3,15
GW190519_153544-v2,L1,Critical Density (kg/m^3),3,16
GW190519_153544-v2,L1,Tau Mass (kg),3,17
GW190519_153544-v2,L1,Baryon-to-Photon Ratio,3,18
GW190519_153544-v2,L1,Boltzmann Constant (J/K),3,19
GW190519_153544-v2,L1,Planck Mass (kg),3,20
GW190519_153544-v2,L1,Electron Mass (kg),3,21
GW190519_153544-v2,L1,Apéry’s Constant (zeta(3)),2,22
GW190519_153544-v2,L1,Phi Squared,2,23
GW190519_153544-v2,L1,Feigenbaum Alpha,2,24
GW190519_153544-v2,L1,Golden Ratio,1,25
GW190519_153544-v2,L1,Plastic Constant,1,26
GW190519_153544-v2,L1,Khinchin’s Constant,1,27
GW190519_153544-v2,L1,Speed of Light (m/s),0,28
GW190519_153544-v2,L1,Solar Radius (m),0,29
GW190519_153544-v2,L1,Solar Mass (kg),0,30
GW190519_153544-v2,L1,Square Root of 2,0,31
GW190519_153544-v2,L1,Square Root of 3,0,32
GW190519_153544-v2,L1,Planck Temperature (K),0,33
GW190519_153544-v2,L1,Square Root of 5,0,34
GW190519_153544-v2,L1,Hubble Constant (km/s/Mpc),0,35
GW190519_153544-v2,L1,Pi,0,36
GW190519_153544-v2,L1,Parsec (m),0,37
GW190519_153544-v2,L1,Gas Constant R (J/(mol·K)),0,38
GW190519_153544-v2,L1,Feigenbaum Delta,0,39
GW190519_153544-v2,L1,Euler’s Number,0,40
GW190519_153544-v2,L1,Earth Radius (m),0,41
GW190519_153544-v2,L1,Earth Mass (kg),0,42
GW190519_153544-v2,L1,Coulomb Constant (N m^2 C^-2),0,43
GW190519_153544-v2,L1,Cosmic Microwave Background Temp (K),0,44
GW190519_153544-v2,L1,Avogadro Constant (1/mol),0,45
GW190519_153544-v2,L1,Astronomical Unit (m),0,46
GW190519_153544-v2,L1,Two Pi,0,47
GW190521-v1,H1,Catalan’s Constant,75,1
GW190521-v1,H1,Apéry’s Constant (zeta(3)),46,2
GW190521-v1,H1,Golden Ratio Conjugate,29,3
GW190521-v1,H1,Euler–Mascheroni Constant,29,4
GW190521-v1,H1,Golden Ratio,24,5
GW190521-v1,H1,Absolute Zero (K),8,6
GW190521-v1,H1,Planck Mass (kg),8,7
GW190521-v1,H1,Planck Constant (J·s),8,8
GW190521-v1,H1,Planck Charge (C),8,9
GW190521-v1,H1,Planck Time (s),8,10
GW190521-v1,H1,Neutron Mass (kg),8,11
GW190521-v1,H1,Muon Mass (kg),8,12
GW190521-v1,H1,Proton Mass (kg),8,13
GW190521-v1,H1,Gravitational Constant (m^3 kg^-1 s^-2),8,14
GW190521-v1,H1,Reduced Planck Constant (J·s),8,15
GW190521-v1,H1,Fine-Structure Constant,8,16
GW190521-v1,H1,Planck Length (m),8,17
GW190521-v1,H1,Elementary Charge (C),8,18
GW190521-v1,H1,Electron Mass (kg),8,19
GW190521-v1,H1,Critical Density (kg/m^3),8,20
GW190521-v1,H1,Boltzmann Constant (J/K),8,21
GW190521-v1,H1,Baryon-to-Photon Ratio,8,22
GW190521-v1,H1,Tau Mass (kg),8,23
GW190521-v1,H1,Plastic Constant,5,24
GW190521-v1,H1,Square Root of 2,4,25
GW190521-v1,H1,Euler’s Number,1,26
GW190521-v1,H1,Square Root of 3,1,27
GW190521-v1,H1,Cosmic Microwave Background Temp (K),1,28
GW190521-v1,H1,Square Root of 5,1,29
GW190521-v1,H1,Solar Mass (kg),0,30
GW190521-v1,H1,Speed of Light (m/s),0,31
GW190521-v1,H1,Planck Temperature (K),0,32
GW190521-v1,H1,Solar Radius (m),0,33
GW190521-v1,H1,Hubble Constant (km/s/Mpc),0,34
GW190521-v1,H1,Pi,0,35
GW190521-v1,H1,Phi Squared,0,36
GW190521-v1,H1,Parsec (m),0,37
GW190521-v1,H1,Khinchin’s Constant,0,38
GW190521-v1,H1,Gas Constant R (J/(mol·K)),0,39
GW190521-v1,H1,Feigenbaum Delta,0,40
GW190521-v1,H1,Feigenbaum Alpha,0,41
GW190521-v1,H1,Earth Radius (m),0,42
GW190521-v1,H1,Earth Mass (kg),0,43
GW190521-v1,H1,Coulomb Constant (N m^2 C^-2),0,44
GW190521-v1,H1,Avogadro Constant (1/mol),0,45
GW190521-v1,H1,Astronomical Unit (m),0,46
GW190521-v1,H1,Two Pi,0,47
GW190521-v1,L1,Golden Ratio Conjugate,15,1
GW190521-v1,L1,Euler–Mascheroni Constant,10,2
GW190521-v1,L1,Golden Ratio,9,3
GW190521-v1,L1,Plastic Constant,6,4
GW190521-v1,L1,Catalan’s Constant,4,5
GW190521-v1,L1,Apéry’s Constant (zeta(3)),3,6
GW190521-v1,L1,Absolute Zero (K),2,7
GW190521-v1,L1,Planck Mass (kg),2,8
GW190521-v1,L1,Planck Constant (J·s),2,9
GW190521-v1,L1,Planck Charge (C),2,10
GW190521-v1,L1,Planck Time (s),2,11
GW190521-v1,L1,Neutron Mass (kg),2,12
GW190521-v1,L1,Muon Mass (kg),2,13
GW190521-v1,L1,Gravitational Constant (m^3 kg^-1 s^-2),2,14
GW190521-v1,L1,Fine-Structure Constant,2,15
GW190521-v1,L1,Proton Mass (kg),2,16
GW190521-v1,L1,Reduced Planck Constant (J·s),2,17
GW190521-v1,L1,Elementary Charge (C),2,18
GW190521-v1,L1,Electron Mass (kg),2,19
GW190521-v1,L1,Critical Density (kg/m^3),2,20
GW190521-v1,L1,Boltzmann Constant (J/K),2,21
GW190521-v1,L1,Baryon-to-Photon Ratio,2,22
GW190521-v1,L1,Tau Mass (kg),2,23
GW190521-v1,L1,Planck Length (m),2,24
GW190521-v1,L1,Square Root of 2,1,25
GW190521-v1,L1,Khinchin’s Constant,1,26
GW190521-v1,L1,Phi Squared,1,27
GW190521-v1,L1,Solar Mass (kg),0,28
GW190521-v1,L1,Solar Radius (m),0,29
GW190521-v1,L1,Speed of Light (m/s),0,30
GW190521-v1,L1,Square Root of 3,0,31
GW190521-v1,L1,Planck Temperature (K),0,32
GW190521-v1,L1,Square Root of 5,0,33
GW190521-v1,L1,Hubble Constant (km/s/Mpc),0,34
GW190521-v1,L1,Pi,0,35
GW190521-v1,L1,Parsec (m),0,36
GW190521-v1,L1,Gas Constant R (J/(mol·K)),0,37
GW190521-v1,L1,Feigenbaum Delta,0,38
GW190521-v1,L1,Feigenbaum Alpha,0,39
GW190521-v1,L1,Euler’s Number,0,40
GW190521-v1,L1,Earth Radius (m),0,41
GW190521-v1,L1,Earth Mass (kg),0,42
GW190521-v1,L1,Coulomb Constant (N m^2 C^-2),0,43
GW190521-v1,L1,Cosmic Microwave Background Temp (K),0,44
GW190521-v1,L1,Avogadro Constant (1/mol),0,45
GW190521-v1,L1,Astronomical Unit (m),0,46
GW190521-v1,L1,Two Pi,0,47
GW190521-v2,H1,Catalan’s Constant,75,1
GW190521-v2,H1,Apéry’s Constant (zeta(3)),46,2
GW190521-v2,H1,Golden Ratio Conjugate,29,3
GW190521-v2,H1,Euler–Mascheroni Constant,29,4
GW190521-v2,H1,Golden Ratio,24,5
GW190521-v2,H1,Absolute Zero (K),8,6
GW190521-v2,H1,Planck Mass (kg),8,7
GW190521-v2,H1,Planck Constant (J·s),8,8
GW190521-v2,H1,Planck Charge (C),8,9
GW190521-v2,H1,Planck Time (s),8,10
GW190521-v2,H1,Neutron Mass (kg),8,11
GW190521-v2,H1,Muon Mass (kg),8,12
GW190521-v2,H1,Proton Mass (kg),8,13
GW190521-v2,H1,Gravitational Constant (m^3 kg^-1 s^-2),8,14
GW190521-v2,H1,Reduced Planck Constant (J·s),8,15
GW190521-v2,H1,Fine-Structure Constant,8,16
GW190521-v2,H1,Planck Length (m),8,17
GW190521-v2,H1,Elementary Charge (C),8,18
GW190521-v2,H1,Electron Mass (kg),8,19
GW190521-v2,H1,Critical Density (kg/m^3),8,20
GW190521-v2,H1,Boltzmann Constant (J/K),8,21
GW190521-v2,H1,Baryon-to-Photon Ratio,8,22
GW190521-v2,H1,Tau Mass (kg),8,23
GW190521-v2,H1,Plastic Constant,5,24
GW190521-v2,H1,Square Root of 2,4,25
GW190521-v2,H1,Euler’s Number,1,26
GW190521-v2,H1,Square Root of 3,1,27
GW190521-v2,H1,Cosmic Microwave Background Temp (K),1,28
GW190521-v2,H1,Square Root of 5,1,29
GW190521-v2,H1,Solar Mass (kg),0,30
GW190521-v2,H1,Speed of Light (m/s),0,31
GW190521-v2,H1,Planck Temperature (K),0,32
GW190521-v2,H1,Solar Radius (m),0,33
GW190521-v2,H1,Hubble Constant (km/s/Mpc),0,34
GW190521-v2,H1,Pi,0,35
GW190521-v2,H1,Phi Squared,0,36
GW190521-v2,H1,Parsec (m),0,37
GW190521-v2,H1,Khinchin’s Constant,0,38
GW190521-v2,H1,Gas Constant R (J/(mol·K)),0,39
GW190521-v2,H1,Feigenbaum Delta,0,40
GW190521-v2,H1,Feigenbaum Alpha,0,41
GW190521-v2,H1,Earth Radius (m),0,42
GW190521-v2,H1,Earth Mass (kg),0,43
GW190521-v2,H1,Coulomb Constant (N m^2 C^-2),0,44
GW190521-v2,H1,Avogadro Constant (1/mol),0,45
GW190521-v2,H1,Astronomical Unit (m),0,46
GW190521-v2,H1,Two Pi,0,47
GW190521-v2,L1,Golden Ratio Conjugate,15,1
GW190521-v2,L1,Euler–Mascheroni Constant,10,2
GW190521-v2,L1,Golden Ratio,9,3
GW190521-v2,L1,Plastic Constant,6,4
GW190521-v2,L1,Catalan’s Constant,4,5
GW190521-v2,L1,Apéry’s Constant (zeta(3)),3,6
GW190521-v2,L1,Absolute Zero (K),2,7
GW190521-v2,L1,Planck Mass (kg),2,8
GW190521-v2,L1,Planck Constant (J·s),2,9
GW190521-v2,L1,Planck Charge (C),2,10
GW190521-v2,L1,Planck Time (s),2,11
GW190521-v2,L1,Neutron Mass (kg),2,12
GW190521-v2,L1,Muon Mass (kg),2,13
GW190521-v2,L1,Gravitational Constant (m^3 kg^-1 s^-2),2,14
GW190521-v2,L1,Fine-Structure Constant,2,15
GW190521-v2,L1,Proton Mass (kg),2,16
GW190521-v2,L1,Reduced Planck Constant (J·s),2,17
GW190521-v2,L1,Elementary Charge (C),2,18
GW190521-v2,L1,Electron Mass (kg),2,19
GW190521-v2,L1,Critical Density (kg/m^3),2,20
GW190521-v2,L1,Boltzmann Constant (J/K),2,21
GW190521-v2,L1,Baryon-to-Photon Ratio,2,22
GW190521-v2,L1,Tau Mass (kg),2,23
GW190521-v2,L1,Planck Length (m),2,24
GW190521-v2,L1,Square Root of 2,1,25
GW190521-v2,L1,Khinchin’s Constant,1,26
GW190521-v2,L1,Phi Squared,1,27
GW190521-v2,L1,Solar Mass (kg),0,28
GW190521-v2,L1,Solar Radius (m),0,29
GW190521-v2,L1,Speed of Light (m/s),0,30
GW190521-v2,L1,Square Root of 3,0,31
GW190521-v2,L1,Planck Temperature (K),0,32
GW190521-v2,L1,Square Root of 5,0,33
GW190521-v2,L1,Hubble Constant (km/s/Mpc),0,34
GW190521-v2,L1,Pi,0,35
GW190521-v2,L1,Parsec (m),0,36
GW190521-v2,L1,Gas Constant R (J/(mol·K)),0,37
GW190521-v2,L1,Feigenbaum Delta,0,38
GW190521-v2,L1,Feigenbaum Alpha,0,39
GW190521-v2,L1,Euler’s Number,0,40
GW190521-v2,L1,Earth Radius (m),0,41
GW190521-v2,L1,Earth Mass (kg),0,42
GW190521-v2,L1,Coulomb Constant (N m^2 C^-2),0,43
GW190521-v2,L1,Cosmic Microwave Background Temp (K),0,44
GW190521-v2,L1,Avogadro Constant (1/mol),0,45
GW190521-v2,L1,Astronomical Unit (m),0,46
GW190521-v2,L1,Two Pi,0,47
GW190521-v3,H1,Catalan’s Constant,75,1
GW190521-v3,H1,Apéry’s Constant (zeta(3)),46,2
GW190521-v3,H1,Golden Ratio Conjugate,29,3
GW190521-v3,H1,Euler–Mascheroni Constant,29,4
GW190521-v3,H1,Golden Ratio,24,5
GW190521-v3,H1,Absolute Zero (K),8,6
GW190521-v3,H1,Planck Mass (kg),8,7
GW190521-v3,H1,Planck Constant (J·s),8,8
GW190521-v3,H1,Planck Charge (C),8,9
GW190521-v3,H1,Planck Time (s),8,10
GW190521-v3,H1,Neutron Mass (kg),8,11
GW190521-v3,H1,Muon Mass (kg),8,12
GW190521-v3,H1,Proton Mass (kg),8,13
GW190521-v3,H1,Gravitational Constant (m^3 kg^-1 s^-2),8,14
GW190521-v3,H1,Reduced Planck Constant (J·s),8,15
GW190521-v3,H1,Fine-Structure Constant,8,16
GW190521-v3,H1,Planck Length (m),8,17
GW190521-v3,H1,Elementary Charge (C),8,18
GW190521-v3,H1,Electron Mass (kg),8,19
GW190521-v3,H1,Critical Density (kg/m^3),8,20
GW190521-v3,H1,Boltzmann Constant (J/K),8,21
GW190521-v3,H1,Baryon-to-Photon Ratio,8,22
GW190521-v3,H1,Tau Mass (kg),8,23
GW190521-v3,H1,Plastic Constant,5,24
GW190521-v3,H1,Square Root of 2,4,25
GW190521-v3,H1,Euler’s Number,1,26
GW190521-v3,H1,Square Root of 3,1,27
GW190521-v3,H1,Cosmic Microwave Background Temp (K),1,28
GW190521-v3,H1,Square Root of 5,1,29
GW190521-v3,H1,Solar Mass (kg),0,30
GW190521-v3,H1,Speed of Light (m/s),0,31
GW190521-v3,H1,Planck Temperature (K),0,32
GW190521-v3,H1,Solar Radius (m),0,33
GW190521-v3,H1,Hubble Constant (km/s/Mpc),0,34
GW190521-v3,H1,Pi,0,35
GW190521-v3,H1,Phi Squared,0,36
GW190521-v3,H1,Parsec (m),0,37
GW190521-v3,H1,Khinchin’s Constant,0,38
GW190521-v3,H1,Gas Constant R (J/(mol·K)),0,39
GW190521-v3,H1,Feigenbaum Delta,0,40
GW190521-v3,H1,Feigenbaum Alpha,0,41
GW190521-v3,H1,Earth Radius (m),0,42
GW190521-v3,H1,Earth Mass (kg),0,43
GW190521-v3,H1,Coulomb Constant (N m^2 C^-2),0,44
GW190521-v3,H1,Avogadro Constant (1/mol),0,45
GW190521-v3,H1,Astronomical Unit (m),0,46
GW190521-v3,H1,Two Pi,0,47
GW190521-v3,L1,Golden Ratio Conjugate,15,1
GW190521-v3,L1,Euler–Mascheroni Constant,10,2
GW190521-v3,L1,Golden Ratio,9,3
GW190521-v3,L1,Plastic Constant,6,4
GW190521-v3,L1,Catalan’s Constant,4,5
GW190521-v3,L1,Apéry’s Constant (zeta(3)),3,6
GW190521-v3,L1,Absolute Zero (K),2,7
GW190521-v3,L1,Planck Mass (kg),2,8
GW190521-v3,L1,Planck Constant (J·s),2,9
GW190521-v3,L1,Planck Charge (C),2,10
GW190521-v3,L1,Planck Time (s),2,11
GW190521-v3,L1,Neutron Mass (kg),2,12
GW190521-v3,L1,Muon Mass (kg),2,13
GW190521-v3,L1,Gravitational Constant (m^3 kg^-1 s^-2),2,14
GW190521-v3,L1,Fine-Structure Constant,2,15
GW190521-v3,L1,Proton Mass (kg),2,16
GW190521-v3,L1,Reduced Planck Constant (J·s),2,17
GW190521-v3,L1,Elementary Charge (C),2,18
GW190521-v3,L1,Electron Mass (kg),2,19
GW190521-v3,L1,Critical Density (kg/m^3),2,20
GW190521-v3,L1,Boltzmann Constant (J/K),2,21
GW190521-v3,L1,Baryon-to-Photon Ratio,2,22
GW190521-v3,L1,Tau Mass (kg),2,23
GW190521-v3,L1,Planck Length (m),2,24
GW190521-v3,L1,Square Root of 2,1,25
GW190521-v3,L1,Khinchin’s Constant,1,26
GW190521-v3,L1,Phi Squared,1,27
GW190521-v3,L1,Solar Mass (kg),0,28
GW190521-v3,L1,Solar Radius (m),0,29
GW190521-v3,L1,Speed of Light (m/s),0,30
GW190521-v3,L1,Square Root of 3,0,31
GW190521-v3,L1,Planck Temperature (K),0,32
GW190521-v3,L1,Square Root of 5,0,33
GW190521-v3,L1,Hubble Constant (km/s/Mpc),0,34
GW190521-v3,L1,Pi,0,35
GW190521-v3,L1,Parsec (m),0,36
GW190521-v3,L1,Gas Constant R (J/(mol·K)),0,37
GW190521-v3,L1,Feigenbaum Delta,0,38
GW190521-v3,L1,Feigenbaum Alpha,0,39
GW190521-v3,L1,Euler’s Number,0,40
GW190521-v3,L1,Earth Radius (m),0,41
GW190521-v3,L1,Earth Mass (kg),0,42
GW190521-v3,L1,Coulomb Constant (N m^2 C^-2),0,43
GW190521-v3,L1,Cosmic Microwave Background Temp (K),0,44
GW190521-v3,L1,Avogadro Constant (1/mol),0,45
GW190521-v3,L1,Astronomical Unit (m),0,46
GW190521-v3,L1,Two Pi,0,47
GW190521_030229-v4,H1,Catalan’s Constant,75,1
GW190521_030229-v4,H1,Apéry’s Constant (zeta(3)),46,2
GW190521_030229-v4,H1,Golden Ratio Conjugate,29,3
GW190521_030229-v4,H1,Euler–Mascheroni Constant,29,4
GW190521_030229-v4,H1,Golden Ratio,24,5
GW190521_030229-v4,H1,Absolute Zero (K),8,6
GW190521_030229-v4,H1,Planck Mass (kg),8,7
GW190521_030229-v4,H1,Planck Constant (J·s),8,8
GW190521_030229-v4,H1,Planck Charge (C),8,9
GW190521_030229-v4,H1,Planck Time (s),8,10
GW190521_030229-v4,H1,Neutron Mass (kg),8,11
GW190521_030229-v4,H1,Muon Mass (kg),8,12
GW190521_030229-v4,H1,Proton Mass (kg),8,13
GW190521_030229-v4,H1,Gravitational Constant (m^3 kg^-1 s^-2),8,14
GW190521_030229-v4,H1,Reduced Planck Constant (J·s),8,15
GW190521_030229-v4,H1,Fine-Structure Constant,8,16
GW190521_030229-v4,H1,Planck Length (m),8,17
GW190521_030229-v4,H1,Elementary Charge (C),8,18
GW190521_030229-v4,H1,Electron Mass (kg),8,19
GW190521_030229-v4,H1,Critical Density (kg/m^3),8,20
GW190521_030229-v4,H1,Boltzmann Constant (J/K),8,21
GW190521_030229-v4,H1,Baryon-to-Photon Ratio,8,22
GW190521_030229-v4,H1,Tau Mass (kg),8,23
GW190521_030229-v4,H1,Plastic Constant,5,24
GW190521_030229-v4,H1,Square Root of 2,4,25
GW190521_030229-v4,H1,Euler’s Number,1,26
GW190521_030229-v4,H1,Square Root of 3,1,27
GW190521_030229-v4,H1,Cosmic Microwave Background Temp (K),1,28
GW190521_030229-v4,H1,Square Root of 5,1,29
GW190521_030229-v4,H1,Solar Mass (kg),0,30
GW190521_030229-v4,H1,Speed of Light (m/s),0,31
GW190521_030229-v4,H1,Planck Temperature (K),0,32
GW190521_030229-v4,H1,Solar Radius (m),0,33
GW190521_030229-v4,H1,Hubble Constant (km/s/Mpc),0,34
GW190521_030229-v4,H1,Pi,0,35
GW190521_030229-v4,H1,Phi Squared,0,36
GW190521_030229-v4,H1,Parsec (m),0,37
GW190521_030229-v4,H1,Khinchin’s Constant,0,38
GW190521_030229-v4,H1,Gas Constant R (J/(mol·K)),0,39
GW190521_030229-v4,H1,Feigenbaum Delta,0,40
GW190521_030229-v4,H1,Feigenbaum Alpha,0,41
GW190521_030229-v4,H1,Earth Radius (m),0,42
GW190521_030229-v4,H1,Earth Mass (kg),0,43
GW190521_030229-v4,H1,Coulomb Constant (N m^2 C^-2),0,44
GW190521_030229-v4,H1,Avogadro Constant (1/mol),0,45
GW190521_030229-v4,H1,Astronomical Unit (m),0,46
GW190521_030229-v4,H1,Two Pi,0,47
GW190521_030229-v4,L1,Golden Ratio Conjugate,15,1
GW190521_030229-v4,L1,Euler–Mascheroni Constant,10,2
GW190521_030229-v4,L1,Golden Ratio,9,3
GW190521_030229-v4,L1,Plastic Constant,6,4
GW190521_030229-v4,L1,Catalan’s Constant,4,5
GW190521_030229-v4,L1,Apéry’s Constant (zeta(3)),3,6
GW190521_030229-v4,L1,Absolute Zero (K),2,7
GW190521_030229-v4,L1,Planck Mass (kg),2,8
GW190521_030229-v4,L1,Planck Constant (J·s),2,9
GW190521_030229-v4,L1,Planck Charge (C),2,10
GW190521_030229-v4,L1,Planck Time (s),2,11
GW190521_030229-v4,L1,Neutron Mass (kg),2,12
GW190521_030229-v4,L1,Muon Mass (kg),2,13
GW190521_030229-v4,L1,Gravitational Constant (m^3 kg^-1 s^-2),2,14
GW190521_030229-v4,L1,Fine-Structure Constant,2,15
GW190521_030229-v4,L1,Proton Mass (kg),2,16
GW190521_030229-v4,L1,Reduced Planck Constant (J·s),2,17
GW190521_030229-v4,L1,Elementary Charge (C),2,18
GW190521_030229-v4,L1,Electron Mass (kg),2,19
GW190521_030229-v4,L1,Critical Density (kg/m^3),2,20
GW190521_030229-v4,L1,Boltzmann Constant (J/K),2,21
GW190521_030229-v4,L1,Baryon-to-Photon Ratio,2,22
GW190521_030229-v4,L1,Tau Mass (kg),2,23
GW190521_030229-v4,L1,Planck Length (m),2,24
GW190521_030229-v4,L1,Square Root of 2,1,25
GW190521_030229-v4,L1,Khinchin’s Constant,1,26
GW190521_030229-v4,L1,Phi Squared,1,27
GW190521_030229-v4,L1,Solar Mass (kg),0,28
GW190521_030229-v4,L1,Solar Radius (m),0,29
GW190521_030229-v4,L1,Speed of Light (m/s),0,30
GW190521_030229-v4,L1,Square Root of 3,0,31
GW190521_030229-v4,L1,Planck Temperature (K),0,32
GW190521_030229-v4,L1,Square Root of 5,0,33
GW190521_030229-v4,L1,Hubble Constant (km/s/Mpc),0,34
GW190521_030229-v4,L1,Pi,0,35
GW190521_030229-v4,L1,Parsec (m),0,36
GW190521_030229-v4,L1,Gas Constant R (J/(mol·K)),0,37
GW190521_030229-v4,L1,Feigenbaum Delta,0,38
GW190521_030229-v4,L1,Feigenbaum Alpha,0,39
GW190521_030229-v4,L1,Euler’s Number,0,40
GW190521_030229-v4,L1,Earth Radius (m),0,41
GW190521_030229-v4,L1,Earth Mass (kg),0,42
GW190521_030229-v4,L1,Coulomb Constant (N m^2 C^-2),0,43
GW190521_030229-v4,L1,Cosmic Microwave Background Temp (K),0,44
GW190521_030229-v4,L1,Avogadro Constant (1/mol),0,45
GW190521_030229-v4,L1,Astronomical Unit (m),0,46
GW190521_030229-v4,L1,Two Pi,0,47
GW190521_074359-v2,H1,Catalan’s Constant,52,1
GW190521_074359-v2,H1,Apéry’s Constant (zeta(3)),49,2
GW190521_074359-v2,H1,Golden Ratio Conjugate,33,3
GW190521_074359-v2,H1,Golden Ratio,28,4
GW190521_074359-v2,H1,Euler–Mascheroni Constant,27,5
GW190521_074359-v2,H1,Absolute Zero (K),7,6
GW190521_074359-v2,H1,Reduced Planck Constant (J·s),7,7
GW190521_074359-v2,H1,Planck Length (m),7,8
GW190521_074359-v2,H1,Planck Mass (kg),7,9
GW190521_074359-v2,H1,Neutron Mass (kg),7,10
GW190521_074359-v2,H1,Muon Mass (kg),7,11
GW190521_074359-v2,H1,Planck Time (s),7,12
GW190521_074359-v2,H1,Gravitational Constant (m^3 kg^-1 s^-2),7,13
GW190521_074359-v2,H1,Fine-Structure Constant,7,14
GW190521_074359-v2,H1,Proton Mass (kg),7,15
GW190521_074359-v2,H1,Planck Charge (C),7,16
GW190521_074359-v2,H1,Planck Constant (J·s),7,17
GW190521_074359-v2,H1,Elementary Charge (C),7,18
GW190521_074359-v2,H1,Electron Mass (kg),7,19
GW190521_074359-v2,H1,Critical Density (kg/m^3),7,20
GW190521_074359-v2,H1,Boltzmann Constant (J/K),7,21
GW190521_074359-v2,H1,Baryon-to-Photon Ratio,7,22
GW190521_074359-v2,H1,Tau Mass (kg),7,23
GW190521_074359-v2,H1,Plastic Constant,3,24
GW190521_074359-v2,H1,Square Root of 2,3,25
GW190521_074359-v2,H1,Square Root of 3,2,26
GW190521_074359-v2,H1,Solar Radius (m),0,27
GW190521_074359-v2,H1,Speed of Light (m/s),0,28
GW190521_074359-v2,H1,Planck Temperature (K),0,29
GW190521_074359-v2,H1,Square Root of 5,0,30
GW190521_074359-v2,H1,Solar Mass (kg),0,31
GW190521_074359-v2,H1,Hubble Constant (km/s/Mpc),0,32
GW190521_074359-v2,H1,Pi,0,33
GW190521_074359-v2,H1,Phi Squared,0,34
GW190521_074359-v2,H1,Parsec (m),0,35
GW190521_074359-v2,H1,Khinchin’s Constant,0,36
GW190521_074359-v2,H1,Gas Constant R (J/(mol·K)),0,37
GW190521_074359-v2,H1,Feigenbaum Delta,0,38
GW190521_074359-v2,H1,Feigenbaum Alpha,0,39
GW190521_074359-v2,H1,Euler’s Number,0,40
GW190521_074359-v2,H1,Earth Radius (m),0,41
GW190521_074359-v2,H1,Earth Mass (kg),0,42
GW190521_074359-v2,H1,Coulomb Constant (N m^2 C^-2),0,43
GW190521_074359-v2,H1,Cosmic Microwave Background Temp (K),0,44
GW190521_074359-v2,H1,Avogadro Constant (1/mol),0,45
GW190521_074359-v2,H1,Astronomical Unit (m),0,46
GW190521_074359-v2,H1,Two Pi,0,47
GW190521_074359-v2,L1,Catalan’s Constant,8,1
GW190521_074359-v2,L1,Golden Ratio,8,2
GW190521_074359-v2,L1,Apéry’s Constant (zeta(3)),4,3
GW190521_074359-v2,L1,Plastic Constant,3,4
GW190521_074359-v2,L1,Euler–Mascheroni Constant,3,5
GW190521_074359-v2,L1,Fine-Structure Constant,3,6
GW190521_074359-v2,L1,Absolute Zero (K),2,7
GW190521_074359-v2,L1,Reduced Planck Constant (J·s),2,8
GW190521_074359-v2,L1,Planck Charge (C),2,9
GW190521_074359-v2,L1,Planck Mass (kg),2,10
GW190521_074359-v2,L1,Planck Time (s),2,11
GW190521_074359-v2,L1,Neutron Mass (kg),2,12
GW190521_074359-v2,L1,Muon Mass (kg),2,13
GW190521_074359-v2,L1,Gravitational Constant (m^3 kg^-1 s^-2),2,14
GW190521_074359-v2,L1,Golden Ratio Conjugate,2,15
GW190521_074359-v2,L1,Proton Mass (kg),2,16
GW190521_074359-v2,L1,Planck Constant (J·s),2,17
GW190521_074359-v2,L1,Planck Length (m),2,18
GW190521_074359-v2,L1,Elementary Charge (C),2,19
GW190521_074359-v2,L1,Electron Mass (kg),2,20
GW190521_074359-v2,L1,Critical Density (kg/m^3),2,21
GW190521_074359-v2,L1,Boltzmann Constant (J/K),2,22
GW190521_074359-v2,L1,Baryon-to-Photon Ratio,2,23
GW190521_074359-v2,L1,Tau Mass (kg),2,24
GW190521_074359-v2,L1,Square Root of 2,1,25
GW190521_074359-v2,L1,Feigenbaum Alpha,1,26
GW190521_074359-v2,L1,Solar Mass (kg),0,27
GW190521_074359-v2,L1,Solar Radius (m),0,28
GW190521_074359-v2,L1,Speed of Light (m/s),0,29
GW190521_074359-v2,L1,Square Root of 3,0,30
GW190521_074359-v2,L1,Planck Temperature (K),0,31
GW190521_074359-v2,L1,Square Root of 5,0,32
GW190521_074359-v2,L1,Hubble Constant (km/s/Mpc),0,33
GW190521_074359-v2,L1,Pi,0,34
GW190521_074359-v2,L1,Phi Squared,0,35
GW190521_074359-v2,L1,Parsec (m),0,36
GW190521_074359-v2,L1,Khinchin’s Constant,0,37
GW190521_074359-v2,L1,Gas Constant R (J/(mol·K)),0,38
GW190521_074359-v2,L1,Feigenbaum Delta,0,39
GW190521_074359-v2,L1,Euler’s Number,0,40
GW190521_074359-v2,L1,Earth Radius (m),0,41
GW190521_074359-v2,L1,Earth Mass (kg),0,42
GW190521_074359-v2,L1,Coulomb Constant (N m^2 C^-2),0,43
GW190521_074359-v2,L1,Cosmic Microwave Background Temp (K),0,44
GW190521_074359-v2,L1,Avogadro Constant (1/mol),0,45
GW190521_074359-v2,L1,Astronomical Unit (m),0,46
GW190521_074359-v2,L1,Two Pi,0,47
GW190527_092055-v1,H1,Catalan’s Constant,79,1
GW190527_092055-v1,H1,Apéry’s Constant (zeta(3)),51,2
GW190527_092055-v1,H1,Golden Ratio Conjugate,26,3
GW190527_092055-v1,H1,Euler–Mascheroni Constant,23,4
GW190527_092055-v1,H1,Golden Ratio,21,5
GW190527_092055-v1,H1,Plastic Constant,9,6
GW190527_092055-v1,H1,Absolute Zero (K),8,7
GW190527_092055-v1,H1,Reduced Planck Constant (J·s),8,8
GW190527_092055-v1,H1,Planck Length (m),8,9
GW190527_092055-v1,H1,Planck Mass (kg),8,10
GW190527_092055-v1,H1,Neutron Mass (kg),8,11
GW190527_092055-v1,H1,Muon Mass (kg),8,12
GW190527_092055-v1,H1,Planck Time (s),8,13
GW190527_092055-v1,H1,Gravitational Constant (m^3 kg^-1 s^-2),8,14
GW190527_092055-v1,H1,Fine-Structure Constant,8,15
GW190527_092055-v1,H1,Proton Mass (kg),8,16
GW190527_092055-v1,H1,Planck Charge (C),8,17
GW190527_092055-v1,H1,Planck Constant (J·s),8,18
GW190527_092055-v1,H1,Elementary Charge (C),8,19
GW190527_092055-v1,H1,Electron Mass (kg),8,20
GW190527_092055-v1,H1,Critical Density (kg/m^3),8,21
GW190527_092055-v1,H1,Boltzmann Constant (J/K),8,22
GW190527_092055-v1,H1,Baryon-to-Photon Ratio,8,23
GW190527_092055-v1,H1,Tau Mass (kg),8,24
GW190527_092055-v1,H1,Square Root of 3,4,25
GW190527_092055-v1,H1,Square Root of 2,2,26
GW190527_092055-v1,H1,Solar Radius (m),0,27
GW190527_092055-v1,H1,Speed of Light (m/s),0,28
GW190527_092055-v1,H1,Planck Temperature (K),0,29
GW190527_092055-v1,H1,Square Root of 5,0,30
GW190527_092055-v1,H1,Solar Mass (kg),0,31
GW190527_092055-v1,H1,Hubble Constant (km/s/Mpc),0,32
GW190527_092055-v1,H1,Pi,0,33
GW190527_092055-v1,H1,Phi Squared,0,34
GW190527_092055-v1,H1,Parsec (m),0,35
GW190527_092055-v1,H1,Khinchin’s Constant,0,36
GW190527_092055-v1,H1,Gas Constant R (J/(mol·K)),0,37
GW190527_092055-v1,H1,Feigenbaum Delta,0,38
GW190527_092055-v1,H1,Feigenbaum Alpha,0,39
GW190527_092055-v1,H1,Euler’s Number,0,40
GW190527_092055-v1,H1,Earth Radius (m),0,41
GW190527_092055-v1,H1,Earth Mass (kg),0,42
GW190527_092055-v1,H1,Coulomb Constant (N m^2 C^-2),0,43
GW190527_092055-v1,H1,Cosmic Microwave Background Temp (K),0,44
GW190527_092055-v1,H1,Avogadro Constant (1/mol),0,45
GW190527_092055-v1,H1,Astronomical Unit (m),0,46
GW190527_092055-v1,H1,Two Pi,0,47
GW190527_092055-v1,L1,Golden Ratio Conjugate,8,1
GW190527_092055-v1,L1,Euler–Mascheroni Constant,7,2
GW190527_092055-v1,L1,Plastic Constant,6,3
GW190527_092055-v1,L1,Absolute Zero (K),3,4
GW190527_092055-v1,L1,Planck Length (m),3,5
GW190527_092055-v1,L1,Planck Charge (C),3,6
GW190527_092055-v1,L1,Planck Mass (kg),3,7
GW190527_092055-v1,L1,Planck Time (s),3,8
GW190527_092055-v1,L1,Neutron Mass (kg),3,9
GW190527_092055-v1,L1,Muon Mass (kg),3,10
GW190527_092055-v1,L1,Gravitational Constant (m^3 kg^-1 s^-2),3,11
GW190527_092055-v1,L1,Golden Ratio,3,12
GW190527_092055-v1,L1,Proton Mass (kg),3,13
GW190527_092055-v1,L1,Fine-Structure Constant,3,14
GW190527_092055-v1,L1,Reduced Planck Constant (J·s),3,15
GW190527_092055-v1,L1,Planck Constant (J·s),3,16
GW190527_092055-v1,L1,Elementary Charge (C),3,17
GW190527_092055-v1,L1,Electron Mass (kg),3,18
GW190527_092055-v1,L1,Critical Density (kg/m^3),3,19
GW190527_092055-v1,L1,Boltzmann Constant (J/K),3,20
GW190527_092055-v1,L1,Baryon-to-Photon Ratio,3,21
GW190527_092055-v1,L1,Tau Mass (kg),3,22
GW190527_092055-v1,L1,Apéry’s Constant (zeta(3)),2,23
GW190527_092055-v1,L1,Catalan’s Constant,2,24
GW190527_092055-v1,L1,Square Root of 3,1,25
GW190527_092055-v1,L1,Feigenbaum Alpha,1,26
GW190527_092055-v1,L1,Solar Mass (kg),0,27
GW190527_092055-v1,L1,Solar Radius (m),0,28
GW190527_092055-v1,L1,Speed of Light (m/s),0,29
GW190527_092055-v1,L1,Square Root of 2,0,30
GW190527_092055-v1,L1,Planck Temperature (K),0,31
GW190527_092055-v1,L1,Square Root of 5,0,32
GW190527_092055-v1,L1,Hubble Constant (km/s/Mpc),0,33
GW190527_092055-v1,L1,Pi,0,34
GW190527_092055-v1,L1,Phi Squared,0,35
GW190527_092055-v1,L1,Parsec (m),0,36
GW190527_092055-v1,L1,Khinchin’s Constant,0,37
GW190527_092055-v1,L1,Gas Constant R (J/(mol·K)),0,38
GW190527_092055-v1,L1,Feigenbaum Delta,0,39
GW190527_092055-v1,L1,Euler’s Number,0,40
GW190527_092055-v1,L1,Earth Radius (m),0,41
GW190527_092055-v1,L1,Earth Mass (kg),0,42
GW190527_092055-v1,L1,Coulomb Constant (N m^2 C^-2),0,43
GW190527_092055-v1,L1,Cosmic Microwave Background Temp (K),0,44
GW190527_092055-v1,L1,Avogadro Constant (1/mol),0,45
GW190527_092055-v1,L1,Astronomical Unit (m),0,46
GW190527_092055-v1,L1,Two Pi,0,47
GW190527_092055-v2,H1,Catalan’s Constant,88,1
GW190527_092055-v2,H1,Apéry’s Constant (zeta(3)),51,2
GW190527_092055-v2,H1,Golden Ratio Conjugate,25,3
GW190527_092055-v2,H1,Golden Ratio,22,4
GW190527_092055-v2,H1,Euler–Mascheroni Constant,22,5
GW190527_092055-v2,H1,Absolute Zero (K),5,6
GW190527_092055-v2,H1,Reduced Planck Constant (J·s),5,7
GW190527_092055-v2,H1,Planck Length (m),5,8
GW190527_092055-v2,H1,Planck Mass (kg),5,9
GW190527_092055-v2,H1,Neutron Mass (kg),5,10
GW190527_092055-v2,H1,Muon Mass (kg),5,11
GW190527_092055-v2,H1,Planck Time (s),5,12
GW190527_092055-v2,H1,Gravitational Constant (m^3 kg^-1 s^-2),5,13
GW190527_092055-v2,H1,Fine-Structure Constant,5,14
GW190527_092055-v2,H1,Proton Mass (kg),5,15
GW190527_092055-v2,H1,Planck Charge (C),5,16
GW190527_092055-v2,H1,Planck Constant (J·s),5,17
GW190527_092055-v2,H1,Elementary Charge (C),5,18
GW190527_092055-v2,H1,Electron Mass (kg),5,19
GW190527_092055-v2,H1,Critical Density (kg/m^3),5,20
GW190527_092055-v2,H1,Boltzmann Constant (J/K),5,21
GW190527_092055-v2,H1,Baryon-to-Photon Ratio,5,22
GW190527_092055-v2,H1,Tau Mass (kg),5,23
GW190527_092055-v2,H1,Plastic Constant,4,24
GW190527_092055-v2,H1,Square Root of 3,3,25
GW190527_092055-v2,H1,Square Root of 2,2,26
GW190527_092055-v2,H1,Solar Radius (m),0,27
GW190527_092055-v2,H1,Speed of Light (m/s),0,28
GW190527_092055-v2,H1,Planck Temperature (K),0,29
GW190527_092055-v2,H1,Square Root of 5,0,30
GW190527_092055-v2,H1,Solar Mass (kg),0,31
GW190527_092055-v2,H1,Hubble Constant (km/s/Mpc),0,32
GW190527_092055-v2,H1,Pi,0,33
GW190527_092055-v2,H1,Phi Squared,0,34
GW190527_092055-v2,H1,Parsec (m),0,35
GW190527_092055-v2,H1,Khinchin’s Constant,0,36
GW190527_092055-v2,H1,Gas Constant R (J/(mol·K)),0,37
GW190527_092055-v2,H1,Feigenbaum Delta,0,38
GW190527_092055-v2,H1,Feigenbaum Alpha,0,39
GW190527_092055-v2,H1,Euler’s Number,0,40
GW190527_092055-v2,H1,Earth Radius (m),0,41
GW190527_092055-v2,H1,Earth Mass (kg),0,42
GW190527_092055-v2,H1,Coulomb Constant (N m^2 C^-2),0,43
GW190527_092055-v2,H1,Cosmic Microwave Background Temp (K),0,44
GW190527_092055-v2,H1,Avogadro Constant (1/mol),0,45
GW190527_092055-v2,H1,Astronomical Unit (m),0,46
GW190527_092055-v2,H1,Two Pi,0,47
GW190527_092055-v2,L1,Golden Ratio Conjugate,13,1
GW190527_092055-v2,L1,Euler–Mascheroni Constant,12,2
GW190527_092055-v2,L1,Plastic Constant,11,3
GW190527_092055-v2,L1,Apéry’s Constant (zeta(3)),7,4
GW190527_092055-v2,L1,Golden Ratio,7,5
GW190527_092055-v2,L1,Absolute Zero (K),3,6
GW190527_092055-v2,L1,Reduced Planck Constant (J·s),3,7
GW190527_092055-v2,L1,Planck Length (m),3,8
GW190527_092055-v2,L1,Planck Mass (kg),3,9
GW190527_092055-v2,L1,Neutron Mass (kg),3,10
GW190527_092055-v2,L1,Muon Mass (kg),3,11
GW190527_092055-v2,L1,Planck Time (s),3,12
GW190527_092055-v2,L1,Gravitational Constant (m^3 kg^-1 s^-2),3,13
GW190527_092055-v2,L1,Fine-Structure Constant,3,14
GW190527_092055-v2,L1,Proton Mass (kg),3,15
GW190527_092055-v2,L1,Planck Charge (C),3,16
GW190527_092055-v2,L1,Planck Constant (J·s),3,17
GW190527_092055-v2,L1,Elementary Charge (C),3,18
GW190527_092055-v2,L1,Electron Mass (kg),3,19
GW190527_092055-v2,L1,Critical Density (kg/m^3),3,20
GW190527_092055-v2,L1,Catalan’s Constant,3,21
GW190527_092055-v2,L1,Boltzmann Constant (J/K),3,22
GW190527_092055-v2,L1,Baryon-to-Photon Ratio,3,23
GW190527_092055-v2,L1,Tau Mass (kg),3,24
GW190527_092055-v2,L1,Square Root of 2,2,25
GW190527_092055-v2,L1,Square Root of 3,1,26
GW190527_092055-v2,L1,Solar Radius (m),0,27
GW190527_092055-v2,L1,Speed of Light (m/s),0,28
GW190527_092055-v2,L1,Planck Temperature (K),0,29
GW190527_092055-v2,L1,Square Root of 5,0,30
GW190527_092055-v2,L1,Solar Mass (kg),0,31
GW190527_092055-v2,L1,Hubble Constant (km/s/Mpc),0,32
GW190527_092055-v2,L1,Pi,0,33
GW190527_092055-v2,L1,Phi Squared,0,34
GW190527_092055-v2,L1,Parsec (m),0,35
GW190527_092055-v2,L1,Khinchin’s Constant,0,36
GW190527_092055-v2,L1,Gas Constant R (J/(mol·K)),0,37
GW190527_092055-v2,L1,Feigenbaum Delta,0,38
GW190527_092055-v2,L1,Feigenbaum Alpha,0,39
GW190527_092055-v2,L1,Euler’s Number,0,40
GW190527_092055-v2,L1,Earth Radius (m),0,41
GW190527_092055-v2,L1,Earth Mass (kg),0,42
GW190527_092055-v2,L1,Coulomb Constant (N m^2 C^-2),0,43
GW190527_092055-v2,L1,Cosmic Microwave Background Temp (K),0,44
GW190527_092055-v2,L1,Avogadro Constant (1/mol),0,45
GW190527_092055-v2,L1,Astronomical Unit (m),0,46
GW190527_092055-v2,L1,Two Pi,0,47
GW190531_023648-v1,H1,Catalan’s Constant,82,1
GW190531_023648-v1,H1,Apéry’s Constant (zeta(3)),42,2
GW190531_023648-v1,H1,Golden Ratio Conjugate,34,3
GW190531_023648-v1,H1,Euler–Mascheroni Constant,30,4
GW190531_023648-v1,H1,Golden Ratio,29,5
GW190531_023648-v1,H1,Fine-Structure Constant,11,6
GW190531_023648-v1,H1,Absolute Zero (K),10,7
GW190531_023648-v1,H1,Elementary Charge (C),10,8
GW190531_023648-v1,H1,Reduced Planck Constant (J·s),10,9
GW190531_023648-v1,H1,Planck Time (s),10,10
GW190531_023648-v1,H1,Muon Mass (kg),10,11
GW190531_023648-v1,H1,Neutron Mass (kg),10,12
GW190531_023648-v1,H1,Proton Mass (kg),10,13
GW190531_023648-v1,H1,Electron Mass (kg),10,14
GW190531_023648-v1,H1,Planck Charge (C),10,15
GW190531_023648-v1,H1,Critical Density (kg/m^3),10,16
GW190531_023648-v1,H1,Planck Constant (J·s),10,17
GW190531_023648-v1,H1,Planck Length (m),10,18
GW190531_023648-v1,H1,Boltzmann Constant (J/K),10,19
GW190531_023648-v1,H1,Baryon-to-Photon Ratio,10,20
GW190531_023648-v1,H1,Planck Mass (kg),10,21
GW190531_023648-v1,H1,Tau Mass (kg),10,22
GW190531_023648-v1,H1,Gravitational Constant (m^3 kg^-1 s^-2),10,23
GW190531_023648-v1,H1,Plastic Constant,8,24
GW190531_023648-v1,H1,Square Root of 2,5,25
GW190531_023648-v1,H1,Square Root of 3,2,26
GW190531_023648-v1,H1,Square Root of 5,2,27
GW190531_023648-v1,H1,Feigenbaum Alpha,1,28
GW190531_023648-v1,H1,Euler’s Number,1,29
GW190531_023648-v1,H1,Phi Squared,1,30
GW190531_023648-v1,H1,Pi,1,31
GW190531_023648-v1,H1,Cosmic Microwave Background Temp (K),1,32
GW190531_023648-v1,H1,Solar Mass (kg),0,33
GW190531_023648-v1,H1,Speed of Light (m/s),0,34
GW190531_023648-v1,H1,Solar Radius (m),0,35
GW190531_023648-v1,H1,Hubble Constant (km/s/Mpc),0,36
GW190531_023648-v1,H1,Planck Temperature (K),0,37
GW190531_023648-v1,H1,Parsec (m),0,38
GW190531_023648-v1,H1,Khinchin’s Constant,0,39
GW190531_023648-v1,H1,Gas Constant R (J/(mol·K)),0,40
GW190531_023648-v1,H1,Feigenbaum Delta,0,41
GW190531_023648-v1,H1,Earth Radius (m),0,42
GW190531_023648-v1,H1,Earth Mass (kg),0,43
GW190531_023648-v1,H1,Coulomb Constant (N m^2 C^-2),0,44
GW190531_023648-v1,H1,Avogadro Constant (1/mol),0,45
GW190531_023648-v1,H1,Astronomical Unit (m),0,46
GW190531_023648-v1,H1,Two Pi,0,47
GW190531_023648-v1,L1,Catalan’s Constant,62,1
GW190531_023648-v1,L1,Apéry’s Constant (zeta(3)),17,2
GW190531_023648-v1,L1,Absolute Zero (K),7,3
GW190531_023648-v1,L1,Elementary Charge (C),7,4
GW190531_023648-v1,L1,Planck Constant (J·s),7,5
GW190531_023648-v1,L1,Planck Charge (C),7,6
GW190531_023648-v1,L1,Planck Time (s),7,7
GW190531_023648-v1,L1,Neutron Mass (kg),7,8
GW190531_023648-v1,L1,Muon Mass (kg),7,9
GW190531_023648-v1,L1,Proton Mass (kg),7,10
GW190531_023648-v1,L1,Gravitational Constant (m^3 kg^-1 s^-2),7,11
GW190531_023648-v1,L1,Reduced Planck Constant (J·s),7,12
GW190531_023648-v1,L1,Planck Mass (kg),7,13
GW190531_023648-v1,L1,Planck Length (m),7,14
GW190531_023648-v1,L1,Critical Density (kg/m^3),7,15
GW190531_023648-v1,L1,Boltzmann Constant (J/K),7,16
GW190531_023648-v1,L1,Electron Mass (kg),7,17
GW190531_023648-v1,L1,Tau Mass (kg),7,18
GW190531_023648-v1,L1,Baryon-to-Photon Ratio,7,19
GW190531_023648-v1,L1,Fine-Structure Constant,6,20
GW190531_023648-v1,L1,Euler–Mascheroni Constant,4,21
GW190531_023648-v1,L1,Square Root of 2,3,22
GW190531_023648-v1,L1,Plastic Constant,3,23
GW190531_023648-v1,L1,Golden Ratio,2,24
GW190531_023648-v1,L1,Golden Ratio Conjugate,1,25
GW190531_023648-v1,L1,Euler’s Number,1,26
GW190531_023648-v1,L1,Cosmic Microwave Background Temp (K),1,27
GW190531_023648-v1,L1,Square Root of 3,0,28
GW190531_023648-v1,L1,Speed of Light (m/s),0,29
GW190531_023648-v1,L1,Planck Temperature (K),0,30
GW190531_023648-v1,L1,Square Root of 5,0,31
GW190531_023648-v1,L1,Solar Mass (kg),0,32
GW190531_023648-v1,L1,Solar Radius (m),0,33
GW190531_023648-v1,L1,Hubble Constant (km/s/Mpc),0,34
GW190531_023648-v1,L1,Pi,0,35
GW190531_023648-v1,L1,Phi Squared,0,36
GW190531_023648-v1,L1,Parsec (m),0,37
GW190531_023648-v1,L1,Khinchin’s Constant,0,38
GW190531_023648-v1,L1,Gas Constant R (J/(mol·K)),0,39
GW190531_023648-v1,L1,Feigenbaum Delta,0,40
GW190531_023648-v1,L1,Feigenbaum Alpha,0,41
GW190531_023648-v1,L1,Earth Radius (m),0,42
GW190531_023648-v1,L1,Earth Mass (kg),0,43
GW190531_023648-v1,L1,Coulomb Constant (N m^2 C^-2),0,44
GW190531_023648-v1,L1,Avogadro Constant (1/mol),0,45
GW190531_023648-v1,L1,Astronomical Unit (m),0,46
GW190531_023648-v1,L1,Two Pi,0,47
GW190602_175927-v1,H1,Catalan’s Constant,60,1
GW190602_175927-v1,H1,Apéry’s Constant (zeta(3)),35,2
GW190602_175927-v1,H1,Golden Ratio Conjugate,34,3
GW190602_175927-v1,H1,Euler–Mascheroni Constant,30,4
GW190602_175927-v1,H1,Golden Ratio,29,5
GW190602_175927-v1,H1,Square Root of 2,8,6
GW190602_175927-v1,H1,Absolute Zero (K),6,7
GW190602_175927-v1,H1,Proton Mass (kg),6,8
GW190602_175927-v1,H1,Planck Length (m),6,9
GW190602_175927-v1,H1,Planck Mass (kg),6,10
GW190602_175927-v1,H1,Neutron Mass (kg),6,11
GW190602_175927-v1,H1,Muon Mass (kg),6,12
GW190602_175927-v1,H1,Planck Time (s),6,13
GW190602_175927-v1,H1,Gravitational Constant (m^3 kg^-1 s^-2),6,14
GW190602_175927-v1,H1,Plastic Constant,6,15
GW190602_175927-v1,H1,Fine-Structure Constant,6,16
GW190602_175927-v1,H1,Planck Charge (C),6,17
GW190602_175927-v1,H1,Reduced Planck Constant (J·s),6,18
GW190602_175927-v1,H1,Planck Constant (J·s),6,19
GW190602_175927-v1,H1,Elementary Charge (C),6,20
GW190602_175927-v1,H1,Electron Mass (kg),6,21
GW190602_175927-v1,H1,Critical Density (kg/m^3),6,22
GW190602_175927-v1,H1,Boltzmann Constant (J/K),6,23
GW190602_175927-v1,H1,Baryon-to-Photon Ratio,6,24
GW190602_175927-v1,H1,Tau Mass (kg),6,25
GW190602_175927-v1,H1,Square Root of 3,2,26
GW190602_175927-v1,H1,Solar Radius (m),0,27
GW190602_175927-v1,H1,Speed of Light (m/s),0,28
GW190602_175927-v1,H1,Planck Temperature (K),0,29
GW190602_175927-v1,H1,Square Root of 5,0,30
GW190602_175927-v1,H1,Solar Mass (kg),0,31
GW190602_175927-v1,H1,Hubble Constant (km/s/Mpc),0,32
GW190602_175927-v1,H1,Pi,0,33
GW190602_175927-v1,H1,Phi Squared,0,34
GW190602_175927-v1,H1,Parsec (m),0,35
GW190602_175927-v1,H1,Khinchin’s Constant,0,36
GW190602_175927-v1,H1,Gas Constant R (J/(mol·K)),0,37
GW190602_175927-v1,H1,Feigenbaum Delta,0,38
GW190602_175927-v1,H1,Feigenbaum Alpha,0,39
GW190602_175927-v1,H1,Euler’s Number,0,40
GW190602_175927-v1,H1,Earth Radius (m),0,41
GW190602_175927-v1,H1,Earth Mass (kg),0,42
GW190602_175927-v1,H1,Coulomb Constant (N m^2 C^-2),0,43
GW190602_175927-v1,H1,Cosmic Microwave Background Temp (K),0,44
GW190602_175927-v1,H1,Avogadro Constant (1/mol),0,45
GW190602_175927-v1,H1,Astronomical Unit (m),0,46
GW190602_175927-v1,H1,Two Pi,0,47
GW190602_175927-v1,L1,Catalan’s Constant,68,1
GW190602_175927-v1,L1,Apéry’s Constant (zeta(3)),22,2
GW190602_175927-v1,L1,Absolute Zero (K),8,3
GW190602_175927-v1,L1,Elementary Charge (C),8,4
GW190602_175927-v1,L1,Planck Length (m),8,5
GW190602_175927-v1,L1,Planck Constant (J·s),8,6
GW190602_175927-v1,L1,Planck Charge (C),8,7
GW190602_175927-v1,L1,Planck Time (s),8,8
GW190602_175927-v1,L1,Neutron Mass (kg),8,9
GW190602_175927-v1,L1,Muon Mass (kg),8,10
GW190602_175927-v1,L1,Gravitational Constant (m^3 kg^-1 s^-2),8,11
GW190602_175927-v1,L1,Fine-Structure Constant,8,12
GW190602_175927-v1,L1,Reduced Planck Constant (J·s),8,13
GW190602_175927-v1,L1,Proton Mass (kg),8,14
GW190602_175927-v1,L1,Planck Mass (kg),8,15
GW190602_175927-v1,L1,Critical Density (kg/m^3),8,16
GW190602_175927-v1,L1,Electron Mass (kg),8,17
GW190602_175927-v1,L1,Tau Mass (kg),8,18
GW190602_175927-v1,L1,Baryon-to-Photon Ratio,8,19
GW190602_175927-v1,L1,Boltzmann Constant (J/K),8,20
GW190602_175927-v1,L1,Plastic Constant,6,21
GW190602_175927-v1,L1,Square Root of 2,4,22
GW190602_175927-v1,L1,Golden Ratio,3,23
GW190602_175927-v1,L1,Euler–Mascheroni Constant,2,24
GW190602_175927-v1,L1,Golden Ratio Conjugate,2,25
GW190602_175927-v1,L1,Square Root of 3,1,26
GW190602_175927-v1,L1,Phi Squared,1,27
GW190602_175927-v1,L1,Pi,1,28
GW190602_175927-v1,L1,Khinchin’s Constant,1,29
GW190602_175927-v1,L1,Solar Mass (kg),0,30
GW190602_175927-v1,L1,Speed of Light (m/s),0,31
GW190602_175927-v1,L1,Solar Radius (m),0,32
GW190602_175927-v1,L1,Square Root of 5,0,33
GW190602_175927-v1,L1,Planck Temperature (K),0,34
GW190602_175927-v1,L1,Hubble Constant (km/s/Mpc),0,35
GW190602_175927-v1,L1,Parsec (m),0,36
GW190602_175927-v1,L1,Gas Constant R (J/(mol·K)),0,37
GW190602_175927-v1,L1,Feigenbaum Delta,0,38
GW190602_175927-v1,L1,Feigenbaum Alpha,0,39
GW190602_175927-v1,L1,Euler’s Number,0,40
GW190602_175927-v1,L1,Earth Radius (m),0,41
GW190602_175927-v1,L1,Earth Mass (kg),0,42
GW190602_175927-v1,L1,Coulomb Constant (N m^2 C^-2),0,43
GW190602_175927-v1,L1,Cosmic Microwave Background Temp (K),0,44
GW190602_175927-v1,L1,Avogadro Constant (1/mol),0,45
GW190602_175927-v1,L1,Astronomical Unit (m),0,46
GW190602_175927-v1,L1,Two Pi,0,47
GW190602_175927-v2,H1,Catalan’s Constant,75,1
GW190602_175927-v2,H1,Apéry’s Constant (zeta(3)),42,2
GW190602_175927-v2,H1,Golden Ratio Conjugate,27,3
GW190602_175927-v2,H1,Euler–Mascheroni Constant,23,4
GW190602_175927-v2,H1,Golden Ratio,19,5
GW190602_175927-v2,H1,Square Root of 2,8,6
GW190602_175927-v2,H1,Plastic Constant,6,7
GW190602_175927-v2,H1,Absolute Zero (K),5,8
GW190602_175927-v2,H1,Proton Mass (kg),5,9
GW190602_175927-v2,H1,Planck Length (m),5,10
GW190602_175927-v2,H1,Planck Mass (kg),5,11
GW190602_175927-v2,H1,Neutron Mass (kg),5,12
GW190602_175927-v2,H1,Muon Mass (kg),5,13
GW190602_175927-v2,H1,Planck Time (s),5,14
GW190602_175927-v2,H1,Gravitational Constant (m^3 kg^-1 s^-2),5,15
GW190602_175927-v2,H1,Fine-Structure Constant,5,16
GW190602_175927-v2,H1,Planck Charge (C),5,17
GW190602_175927-v2,H1,Reduced Planck Constant (J·s),5,18
GW190602_175927-v2,H1,Planck Constant (J·s),5,19
GW190602_175927-v2,H1,Elementary Charge (C),5,20
GW190602_175927-v2,H1,Electron Mass (kg),5,21
GW190602_175927-v2,H1,Critical Density (kg/m^3),5,22
GW190602_175927-v2,H1,Boltzmann Constant (J/K),5,23
GW190602_175927-v2,H1,Baryon-to-Photon Ratio,5,24
GW190602_175927-v2,H1,Tau Mass (kg),5,25
GW190602_175927-v2,H1,Square Root of 3,2,26
GW190602_175927-v2,H1,Solar Radius (m),0,27
GW190602_175927-v2,H1,Speed of Light (m/s),0,28
GW190602_175927-v2,H1,Planck Temperature (K),0,29
GW190602_175927-v2,H1,Square Root of 5,0,30
GW190602_175927-v2,H1,Solar Mass (kg),0,31
GW190602_175927-v2,H1,Hubble Constant (km/s/Mpc),0,32
GW190602_175927-v2,H1,Pi,0,33
GW190602_175927-v2,H1,Phi Squared,0,34
GW190602_175927-v2,H1,Parsec (m),0,35
GW190602_175927-v2,H1,Khinchin’s Constant,0,36
GW190602_175927-v2,H1,Gas Constant R (J/(mol·K)),0,37
GW190602_175927-v2,H1,Feigenbaum Delta,0,38
GW190602_175927-v2,H1,Feigenbaum Alpha,0,39
GW190602_175927-v2,H1,Euler’s Number,0,40
GW190602_175927-v2,H1,Earth Radius (m),0,41
GW190602_175927-v2,H1,Earth Mass (kg),0,42
GW190602_175927-v2,H1,Coulomb Constant (N m^2 C^-2),0,43
GW190602_175927-v2,H1,Cosmic Microwave Background Temp (K),0,44
GW190602_175927-v2,H1,Avogadro Constant (1/mol),0,45
GW190602_175927-v2,H1,Astronomical Unit (m),0,46
GW190602_175927-v2,H1,Two Pi,0,47
GW190602_175927-v2,L1,Catalan’s Constant,69,1
GW190602_175927-v2,L1,Apéry’s Constant (zeta(3)),22,2
GW190602_175927-v2,L1,Absolute Zero (K),9,3
GW190602_175927-v2,L1,Elementary Charge (C),9,4
GW190602_175927-v2,L1,Planck Length (m),9,5
GW190602_175927-v2,L1,Planck Constant (J·s),9,6
GW190602_175927-v2,L1,Planck Charge (C),9,7
GW190602_175927-v2,L1,Planck Time (s),9,8
GW190602_175927-v2,L1,Neutron Mass (kg),9,9
GW190602_175927-v2,L1,Muon Mass (kg),9,10
GW190602_175927-v2,L1,Gravitational Constant (m^3 kg^-1 s^-2),9,11
GW190602_175927-v2,L1,Proton Mass (kg),9,12
GW190602_175927-v2,L1,Reduced Planck Constant (J·s),9,13
GW190602_175927-v2,L1,Electron Mass (kg),9,14
GW190602_175927-v2,L1,Boltzmann Constant (J/K),9,15
GW190602_175927-v2,L1,Tau Mass (kg),9,16
GW190602_175927-v2,L1,Baryon-to-Photon Ratio,9,17
GW190602_175927-v2,L1,Critical Density (kg/m^3),9,18
GW190602_175927-v2,L1,Planck Mass (kg),9,19
GW190602_175927-v2,L1,Fine-Structure Constant,8,20
GW190602_175927-v2,L1,Plastic Constant,8,21
GW190602_175927-v2,L1,Golden Ratio,3,22
GW190602_175927-v2,L1,Golden Ratio Conjugate,3,23
GW190602_175927-v2,L1,Square Root of 2,3,24
GW190602_175927-v2,L1,Euler–Mascheroni Constant,2,25
GW190602_175927-v2,L1,Square Root of 3,2,26
GW190602_175927-v2,L1,Khinchin’s Constant,1,27
GW190602_175927-v2,L1,Phi Squared,1,28
GW190602_175927-v2,L1,Feigenbaum Alpha,1,29
GW190602_175927-v2,L1,Solar Radius (m),0,30
GW190602_175927-v2,L1,Speed of Light (m/s),0,31
GW190602_175927-v2,L1,Planck Temperature (K),0,32
GW190602_175927-v2,L1,Square Root of 5,0,33
GW190602_175927-v2,L1,Solar Mass (kg),0,34
GW190602_175927-v2,L1,Hubble Constant (km/s/Mpc),0,35
GW190602_175927-v2,L1,Pi,0,36
GW190602_175927-v2,L1,Parsec (m),0,37
GW190602_175927-v2,L1,Gas Constant R (J/(mol·K)),0,38
GW190602_175927-v2,L1,Feigenbaum Delta,0,39
GW190602_175927-v2,L1,Euler’s Number,0,40
GW190602_175927-v2,L1,Earth Radius (m),0,41
GW190602_175927-v2,L1,Earth Mass (kg),0,42
GW190602_175927-v2,L1,Coulomb Constant (N m^2 C^-2),0,43
GW190602_175927-v2,L1,Cosmic Microwave Background Temp (K),0,44
GW190602_175927-v2,L1,Avogadro Constant (1/mol),0,45
GW190602_175927-v2,L1,Astronomical Unit (m),0,46
GW190602_175927-v2,L1,Two Pi,0,47
GW190620_030421-v1,L1,Plastic Constant,4,1
GW190620_030421-v1,L1,Absolute Zero (K),3,2
GW190620_030421-v1,L1,Euler–Mascheroni Constant,3,3
GW190620_030421-v1,L1,Planck Constant (J·s),3,4
GW190620_030421-v1,L1,Planck Charge (C),3,5
GW190620_030421-v1,L1,Planck Time (s),3,6
GW190620_030421-v1,L1,Neutron Mass (kg),3,7
GW190620_030421-v1,L1,Muon Mass (kg),3,8
GW190620_030421-v1,L1,Proton Mass (kg),3,9
GW190620_030421-v1,L1,Gravitational Constant (m^3 kg^-1 s^-2),3,10
GW190620_030421-v1,L1,Golden Ratio Conjugate,3,11
GW190620_030421-v1,L1,Reduced Planck Constant (J·s),3,12
GW190620_030421-v1,L1,Fine-Structure Constant,3,13
GW190620_030421-v1,L1,Planck Mass (kg),3,14
GW190620_030421-v1,L1,Planck Length (m),3,15
GW190620_030421-v1,L1,Baryon-to-Photon Ratio,3,16
GW190620_030421-v1,L1,Tau Mass (kg),3,17
GW190620_030421-v1,L1,Electron Mass (kg),3,18
GW190620_030421-v1,L1,Critical Density (kg/m^3),3,19
GW190620_030421-v1,L1,Elementary Charge (C),3,20
GW190620_030421-v1,L1,Boltzmann Constant (J/K),3,21
GW190620_030421-v1,L1,Golden Ratio,2,22
GW190620_030421-v1,L1,Apéry’s Constant (zeta(3)),2,23
GW190620_030421-v1,L1,Euler’s Number,1,24
GW190620_030421-v1,L1,Cosmic Microwave Background Temp (K),1,25
GW190620_030421-v1,L1,Catalan’s Constant,1,26
GW190620_030421-v1,L1,Square Root of 5,0,27
GW190620_030421-v1,L1,Planck Temperature (K),0,28
GW190620_030421-v1,L1,Square Root of 3,0,29
GW190620_030421-v1,L1,Square Root of 2,0,30
GW190620_030421-v1,L1,Speed of Light (m/s),0,31
GW190620_030421-v1,L1,Solar Mass (kg),0,32
GW190620_030421-v1,L1,Solar Radius (m),0,33
GW190620_030421-v1,L1,Hubble Constant (km/s/Mpc),0,34
GW190620_030421-v1,L1,Pi,0,35
GW190620_030421-v1,L1,Phi Squared,0,36
GW190620_030421-v1,L1,Parsec (m),0,37
GW190620_030421-v1,L1,Khinchin’s Constant,0,38
GW190620_030421-v1,L1,Gas Constant R (J/(mol·K)),0,39
GW190620_030421-v1,L1,Feigenbaum Delta,0,40
GW190620_030421-v1,L1,Feigenbaum Alpha,0,41
GW190620_030421-v1,L1,Earth Radius (m),0,42
GW190620_030421-v1,L1,Earth Mass (kg),0,43
GW190620_030421-v1,L1,Coulomb Constant (N m^2 C^-2),0,44
GW190620_030421-v1,L1,Avogadro Constant (1/mol),0,45
GW190620_030421-v1,L1,Astronomical Unit (m),0,46
GW190620_030421-v1,L1,Two Pi,0,47
GW190620_030421-v2,L1,Plastic Constant,4,1
GW190620_030421-v2,L1,Absolute Zero (K),3,2
GW190620_030421-v2,L1,Euler–Mascheroni Constant,3,3
GW190620_030421-v2,L1,Planck Constant (J·s),3,4
GW190620_030421-v2,L1,Planck Charge (C),3,5
GW190620_030421-v2,L1,Planck Time (s),3,6
GW190620_030421-v2,L1,Neutron Mass (kg),3,7
GW190620_030421-v2,L1,Muon Mass (kg),3,8
GW190620_030421-v2,L1,Proton Mass (kg),3,9
GW190620_030421-v2,L1,Gravitational Constant (m^3 kg^-1 s^-2),3,10
GW190620_030421-v2,L1,Golden Ratio Conjugate,3,11
GW190620_030421-v2,L1,Reduced Planck Constant (J·s),3,12
GW190620_030421-v2,L1,Fine-Structure Constant,3,13
GW190620_030421-v2,L1,Planck Mass (kg),3,14
GW190620_030421-v2,L1,Planck Length (m),3,15
GW190620_030421-v2,L1,Baryon-to-Photon Ratio,3,16
GW190620_030421-v2,L1,Tau Mass (kg),3,17
GW190620_030421-v2,L1,Electron Mass (kg),3,18
GW190620_030421-v2,L1,Critical Density (kg/m^3),3,19
GW190620_030421-v2,L1,Elementary Charge (C),3,20
GW190620_030421-v2,L1,Boltzmann Constant (J/K),3,21
GW190620_030421-v2,L1,Golden Ratio,2,22
GW190620_030421-v2,L1,Apéry’s Constant (zeta(3)),2,23
GW190620_030421-v2,L1,Euler’s Number,1,24
GW190620_030421-v2,L1,Cosmic Microwave Background Temp (K),1,25
GW190620_030421-v2,L1,Catalan’s Constant,1,26
GW190620_030421-v2,L1,Square Root of 5,0,27
GW190620_030421-v2,L1,Planck Temperature (K),0,28
GW190620_030421-v2,L1,Square Root of 3,0,29
GW190620_030421-v2,L1,Square Root of 2,0,30
GW190620_030421-v2,L1,Speed of Light (m/s),0,31
GW190620_030421-v2,L1,Solar Mass (kg),0,32
GW190620_030421-v2,L1,Solar Radius (m),0,33
GW190620_030421-v2,L1,Hubble Constant (km/s/Mpc),0,34
GW190620_030421-v2,L1,Pi,0,35
GW190620_030421-v2,L1,Phi Squared,0,36
GW190620_030421-v2,L1,Parsec (m),0,37
GW190620_030421-v2,L1,Khinchin’s Constant,0,38
GW190620_030421-v2,L1,Gas Constant R (J/(mol·K)),0,39
GW190620_030421-v2,L1,Feigenbaum Delta,0,40
GW190620_030421-v2,L1,Feigenbaum Alpha,0,41
GW190620_030421-v2,L1,Earth Radius (m),0,42
GW190620_030421-v2,L1,Earth Mass (kg),0,43
GW190620_030421-v2,L1,Coulomb Constant (N m^2 C^-2),0,44
GW190620_030421-v2,L1,Avogadro Constant (1/mol),0,45
GW190620_030421-v2,L1,Astronomical Unit (m),0,46
GW190620_030421-v2,L1,Two Pi,0,47
GW190630_185205-v1,L1,Euler–Mascheroni Constant,9,1
GW190630_185205-v1,L1,Golden Ratio Conjugate,8,2
GW190630_185205-v1,L1,Plastic Constant,5,3
GW190630_185205-v1,L1,Golden Ratio,5,4
GW190630_185205-v1,L1,Catalan’s Constant,4,5
GW190630_185205-v1,L1,Absolute Zero (K),3,6
GW190630_185205-v1,L1,Fine-Structure Constant,3,7
GW190630_185205-v1,L1,Planck Length (m),3,8
GW190630_185205-v1,L1,Planck Constant (J·s),3,9
GW190630_185205-v1,L1,Planck Charge (C),3,10
GW190630_185205-v1,L1,Planck Time (s),3,11
GW190630_185205-v1,L1,Proton Mass (kg),3,12
GW190630_185205-v1,L1,Neutron Mass (kg),3,13
GW190630_185205-v1,L1,Muon Mass (kg),3,14
GW190630_185205-v1,L1,Gravitational Constant (m^3 kg^-1 s^-2),3,15
GW190630_185205-v1,L1,Reduced Planck Constant (J·s),3,16
GW190630_185205-v1,L1,Planck Mass (kg),3,17
GW190630_185205-v1,L1,Baryon-to-Photon Ratio,3,18
GW190630_185205-v1,L1,Elementary Charge (C),3,19
GW190630_185205-v1,L1,Electron Mass (kg),3,20
GW190630_185205-v1,L1,Tau Mass (kg),3,21
GW190630_185205-v1,L1,Critical Density (kg/m^3),3,22
GW190630_185205-v1,L1,Boltzmann Constant (J/K),3,23
GW190630_185205-v1,L1,Square Root of 3,2,24
GW190630_185205-v1,L1,Euler’s Number,1,25
GW190630_185205-v1,L1,Apéry’s Constant (zeta(3)),1,26
GW190630_185205-v1,L1,Khinchin’s Constant,1,27
GW190630_185205-v1,L1,Cosmic Microwave Background Temp (K),1,28
GW190630_185205-v1,L1,Planck Temperature (K),0,29
GW190630_185205-v1,L1,Square Root of 5,0,30
GW190630_185205-v1,L1,Square Root of 2,0,31
GW190630_185205-v1,L1,Solar Radius (m),0,32
GW190630_185205-v1,L1,Speed of Light (m/s),0,33
GW190630_185205-v1,L1,Solar Mass (kg),0,34
GW190630_185205-v1,L1,Hubble Constant (km/s/Mpc),0,35
GW190630_185205-v1,L1,Pi,0,36
GW190630_185205-v1,L1,Phi Squared,0,37
GW190630_185205-v1,L1,Parsec (m),0,38
GW190630_185205-v1,L1,Gas Constant R (J/(mol·K)),0,39
GW190630_185205-v1,L1,Feigenbaum Delta,0,40
GW190630_185205-v1,L1,Feigenbaum Alpha,0,41
GW190630_185205-v1,L1,Earth Radius (m),0,42
GW190630_185205-v1,L1,Earth Mass (kg),0,43
GW190630_185205-v1,L1,Coulomb Constant (N m^2 C^-2),0,44
GW190630_185205-v1,L1,Avogadro Constant (1/mol),0,45
GW190630_185205-v1,L1,Astronomical Unit (m),0,46
GW190630_185205-v1,L1,Two Pi,0,47
GW190630_185205-v2,L1,Golden Ratio Conjugate,6,1
GW190630_185205-v2,L1,Golden Ratio,6,2
GW190630_185205-v2,L1,Plastic Constant,6,3
GW190630_185205-v2,L1,Euler–Mascheroni Constant,6,4
GW190630_185205-v2,L1,Catalan’s Constant,5,5
GW190630_185205-v2,L1,Absolute Zero (K),4,6
GW190630_185205-v2,L1,Reduced Planck Constant (J·s),4,7
GW190630_185205-v2,L1,Planck Length (m),4,8
GW190630_185205-v2,L1,Planck Mass (kg),4,9
GW190630_185205-v2,L1,Neutron Mass (kg),4,10
GW190630_185205-v2,L1,Muon Mass (kg),4,11
GW190630_185205-v2,L1,Planck Time (s),4,12
GW190630_185205-v2,L1,Gravitational Constant (m^3 kg^-1 s^-2),4,13
GW190630_185205-v2,L1,Fine-Structure Constant,4,14
GW190630_185205-v2,L1,Proton Mass (kg),4,15
GW190630_185205-v2,L1,Planck Charge (C),4,16
GW190630_185205-v2,L1,Planck Constant (J·s),4,17
GW190630_185205-v2,L1,Elementary Charge (C),4,18
GW190630_185205-v2,L1,Electron Mass (kg),4,19
GW190630_185205-v2,L1,Critical Density (kg/m^3),4,20
GW190630_185205-v2,L1,Boltzmann Constant (J/K),4,21
GW190630_185205-v2,L1,Baryon-to-Photon Ratio,4,22
GW190630_185205-v2,L1,Tau Mass (kg),4,23
GW190630_185205-v2,L1,Apéry’s Constant (zeta(3)),1,24
GW190630_185205-v2,L1,Square Root of 3,1,25
GW190630_185205-v2,L1,Solar Radius (m),0,26
GW190630_185205-v2,L1,Speed of Light (m/s),0,27
GW190630_185205-v2,L1,Square Root of 2,0,28
GW190630_185205-v2,L1,Planck Temperature (K),0,29
GW190630_185205-v2,L1,Square Root of 5,0,30
GW190630_185205-v2,L1,Solar Mass (kg),0,31
GW190630_185205-v2,L1,Hubble Constant (km/s/Mpc),0,32
GW190630_185205-v2,L1,Pi,0,33
GW190630_185205-v2,L1,Phi Squared,0,34
GW190630_185205-v2,L1,Parsec (m),0,35
GW190630_185205-v2,L1,Khinchin’s Constant,0,36
GW190630_185205-v2,L1,Gas Constant R (J/(mol·K)),0,37
GW190630_185205-v2,L1,Feigenbaum Delta,0,38
GW190630_185205-v2,L1,Feigenbaum Alpha,0,39
GW190630_185205-v2,L1,Euler’s Number,0,40
GW190630_185205-v2,L1,Earth Radius (m),0,41
GW190630_185205-v2,L1,Earth Mass (kg),0,42
GW190630_185205-v2,L1,Coulomb Constant (N m^2 C^-2),0,43
GW190630_185205-v2,L1,Cosmic Microwave Background Temp (K),0,44
GW190630_185205-v2,L1,Avogadro Constant (1/mol),0,45
GW190630_185205-v2,L1,Astronomical Unit (m),0,46
GW190630_185205-v2,L1,Two Pi,0,47
GW190701_203306-v1,H1,Catalan’s Constant,63,1
GW190701_203306-v1,H1,Apéry’s Constant (zeta(3)),45,2
GW190701_203306-v1,H1,Golden Ratio Conjugate,33,3
GW190701_203306-v1,H1,Golden Ratio,30,4
GW190701_203306-v1,H1,Euler–Mascheroni Constant,30,5
GW190701_203306-v1,H1,Absolute Zero (K),10,6
GW190701_203306-v1,H1,Reduced Planck Constant (J·s),10,7
GW190701_203306-v1,H1,Planck Length (m),10,8
GW190701_203306-v1,H1,Planck Constant (J·s),10,9
GW190701_203306-v1,H1,Planck Charge (C),10,10
GW190701_203306-v1,H1,Planck Time (s),10,11
GW190701_203306-v1,H1,Proton Mass (kg),10,12
GW190701_203306-v1,H1,Neutron Mass (kg),10,13
GW190701_203306-v1,H1,Muon Mass (kg),10,14
GW190701_203306-v1,H1,Gravitational Constant (m^3 kg^-1 s^-2),10,15
GW190701_203306-v1,H1,Planck Mass (kg),10,16
GW190701_203306-v1,H1,Critical Density (kg/m^3),10,17
GW190701_203306-v1,H1,Baryon-to-Photon Ratio,10,18
GW190701_203306-v1,H1,Elementary Charge (C),10,19
GW190701_203306-v1,H1,Electron Mass (kg),10,20
GW190701_203306-v1,H1,Tau Mass (kg),10,21
GW190701_203306-v1,H1,Boltzmann Constant (J/K),10,22
GW190701_203306-v1,H1,Fine-Structure Constant,9,23
GW190701_203306-v1,H1,Plastic Constant,4,24
GW190701_203306-v1,H1,Square Root of 2,2,25
GW190701_203306-v1,H1,Euler’s Number,1,26
GW190701_203306-v1,H1,Khinchin’s Constant,1,27
GW190701_203306-v1,H1,Square Root of 3,1,28
GW190701_203306-v1,H1,Cosmic Microwave Background Temp (K),1,29
GW190701_203306-v1,H1,Square Root of 5,0,30
GW190701_203306-v1,H1,Solar Radius (m),0,31
GW190701_203306-v1,H1,Planck Temperature (K),0,32
GW190701_203306-v1,H1,Speed of Light (m/s),0,33
GW190701_203306-v1,H1,Solar Mass (kg),0,34
GW190701_203306-v1,H1,Hubble Constant (km/s/Mpc),0,35
GW190701_203306-v1,H1,Pi,0,36
GW190701_203306-v1,H1,Phi Squared,0,37
GW190701_203306-v1,H1,Parsec (m),0,38
GW190701_203306-v1,H1,Gas Constant R (J/(mol·K)),0,39
GW190701_203306-v1,H1,Feigenbaum Delta,0,40
GW190701_203306-v1,H1,Feigenbaum Alpha,0,41
GW190701_203306-v1,H1,Earth Radius (m),0,42
GW190701_203306-v1,H1,Earth Mass (kg),0,43
GW190701_203306-v1,H1,Coulomb Constant (N m^2 C^-2),0,44
GW190701_203306-v1,H1,Avogadro Constant (1/mol),0,45
GW190701_203306-v1,H1,Astronomical Unit (m),0,46
GW190701_203306-v1,H1,Two Pi,0,47
GW190701_203306-v1,L1,Catalan’s Constant,31,1
GW190701_203306-v1,L1,Golden Ratio Conjugate,24,2
GW190701_203306-v1,L1,Golden Ratio,22,3
GW190701_203306-v1,L1,Euler–Mascheroni Constant,22,4
GW190701_203306-v1,L1,Plastic Constant,10,5
GW190701_203306-v1,L1,Absolute Zero (K),6,6
GW190701_203306-v1,L1,Planck Mass (kg),6,7
GW190701_203306-v1,L1,Planck Constant (J·s),6,8
GW190701_203306-v1,L1,Planck Charge (C),6,9
GW190701_203306-v1,L1,Planck Time (s),6,10
GW190701_203306-v1,L1,Neutron Mass (kg),6,11
GW190701_203306-v1,L1,Muon Mass (kg),6,12
GW190701_203306-v1,L1,Apéry’s Constant (zeta(3)),6,13
GW190701_203306-v1,L1,Gravitational Constant (m^3 kg^-1 s^-2),6,14
GW190701_203306-v1,L1,Fine-Structure Constant,6,15
GW190701_203306-v1,L1,Proton Mass (kg),6,16
GW190701_203306-v1,L1,Reduced Planck Constant (J·s),6,17
GW190701_203306-v1,L1,Elementary Charge (C),6,18
GW190701_203306-v1,L1,Electron Mass (kg),6,19
GW190701_203306-v1,L1,Critical Density (kg/m^3),6,20
GW190701_203306-v1,L1,Boltzmann Constant (J/K),6,21
GW190701_203306-v1,L1,Baryon-to-Photon Ratio,6,22
GW190701_203306-v1,L1,Tau Mass (kg),6,23
GW190701_203306-v1,L1,Planck Length (m),6,24
GW190701_203306-v1,L1,Square Root of 2,1,25
GW190701_203306-v1,L1,Khinchin’s Constant,1,26
GW190701_203306-v1,L1,Phi Squared,1,27
GW190701_203306-v1,L1,Square Root of 5,1,28
GW190701_203306-v1,L1,Solar Mass (kg),0,29
GW190701_203306-v1,L1,Solar Radius (m),0,30
GW190701_203306-v1,L1,Speed of Light (m/s),0,31
GW190701_203306-v1,L1,Square Root of 3,0,32
GW190701_203306-v1,L1,Planck Temperature (K),0,33
GW190701_203306-v1,L1,Hubble Constant (km/s/Mpc),0,34
GW190701_203306-v1,L1,Pi,0,35
GW190701_203306-v1,L1,Parsec (m),0,36
GW190701_203306-v1,L1,Gas Constant R (J/(mol·K)),0,37
GW190701_203306-v1,L1,Feigenbaum Delta,0,38
GW190701_203306-v1,L1,Feigenbaum Alpha,0,39
GW190701_203306-v1,L1,Euler’s Number,0,40
GW190701_203306-v1,L1,Earth Radius (m),0,41
GW190701_203306-v1,L1,Earth Mass (kg),0,42
GW190701_203306-v1,L1,Coulomb Constant (N m^2 C^-2),0,43
GW190701_203306-v1,L1,Cosmic Microwave Background Temp (K),0,44
GW190701_203306-v1,L1,Avogadro Constant (1/mol),0,45
GW190701_203306-v1,L1,Astronomical Unit (m),0,46
GW190701_203306-v1,L1,Two Pi,0,47
GW190701_203306-v2,H1,Catalan’s Constant,69,1
GW190701_203306-v2,H1,Apéry’s Constant (zeta(3)),46,2
GW190701_203306-v2,H1,Golden Ratio Conjugate,30,3
GW190701_203306-v2,H1,Golden Ratio,28,4
GW190701_203306-v2,H1,Euler–Mascheroni Constant,28,5
GW190701_203306-v2,H1,Absolute Zero (K),10,6
GW190701_203306-v2,H1,Reduced Planck Constant (J·s),10,7
GW190701_203306-v2,H1,Planck Length (m),10,8
GW190701_203306-v2,H1,Planck Constant (J·s),10,9
GW190701_203306-v2,H1,Planck Charge (C),10,10
GW190701_203306-v2,H1,Planck Time (s),10,11
GW190701_203306-v2,H1,Proton Mass (kg),10,12
GW190701_203306-v2,H1,Neutron Mass (kg),10,13
GW190701_203306-v2,H1,Muon Mass (kg),10,14
GW190701_203306-v2,H1,Gravitational Constant (m^3 kg^-1 s^-2),10,15
GW190701_203306-v2,H1,Planck Mass (kg),10,16
GW190701_203306-v2,H1,Critical Density (kg/m^3),10,17
GW190701_203306-v2,H1,Baryon-to-Photon Ratio,10,18
GW190701_203306-v2,H1,Elementary Charge (C),10,19
GW190701_203306-v2,H1,Electron Mass (kg),10,20
GW190701_203306-v2,H1,Tau Mass (kg),10,21
GW190701_203306-v2,H1,Boltzmann Constant (J/K),10,22
GW190701_203306-v2,H1,Fine-Structure Constant,7,23
GW190701_203306-v2,H1,Plastic Constant,5,24
GW190701_203306-v2,H1,Square Root of 2,3,25
GW190701_203306-v2,H1,Square Root of 3,2,26
GW190701_203306-v2,H1,Euler’s Number,1,27
GW190701_203306-v2,H1,Khinchin’s Constant,1,28
GW190701_203306-v2,H1,Cosmic Microwave Background Temp (K),1,29
GW190701_203306-v2,H1,Square Root of 5,0,30
GW190701_203306-v2,H1,Solar Radius (m),0,31
GW190701_203306-v2,H1,Planck Temperature (K),0,32
GW190701_203306-v2,H1,Speed of Light (m/s),0,33
GW190701_203306-v2,H1,Solar Mass (kg),0,34
GW190701_203306-v2,H1,Hubble Constant (km/s/Mpc),0,35
GW190701_203306-v2,H1,Pi,0,36
GW190701_203306-v2,H1,Phi Squared,0,37
GW190701_203306-v2,H1,Parsec (m),0,38
GW190701_203306-v2,H1,Gas Constant R (J/(mol·K)),0,39
GW190701_203306-v2,H1,Feigenbaum Delta,0,40
GW190701_203306-v2,H1,Feigenbaum Alpha,0,41
GW190701_203306-v2,H1,Earth Radius (m),0,42
GW190701_203306-v2,H1,Earth Mass (kg),0,43
GW190701_203306-v2,H1,Coulomb Constant (N m^2 C^-2),0,44
GW190701_203306-v2,H1,Avogadro Constant (1/mol),0,45
GW190701_203306-v2,H1,Astronomical Unit (m),0,46
GW190701_203306-v2,H1,Two Pi,0,47
GW190701_203306-v2,L1,Catalan’s Constant,12,1
GW190701_203306-v2,L1,Golden Ratio,8,2
GW190701_203306-v2,L1,Golden Ratio Conjugate,7,3
GW190701_203306-v2,L1,Euler–Mascheroni Constant,7,4
GW190701_203306-v2,L1,Plastic Constant,4,5
GW190701_203306-v2,L1,Absolute Zero (K),3,6
GW190701_203306-v2,L1,Planck Length (m),3,7
GW190701_203306-v2,L1,Planck Charge (C),3,8
GW190701_203306-v2,L1,Planck Mass (kg),3,9
GW190701_203306-v2,L1,Neutron Mass (kg),3,10
GW190701_203306-v2,L1,Muon Mass (kg),3,11
GW190701_203306-v2,L1,Planck Time (s),3,12
GW190701_203306-v2,L1,Gravitational Constant (m^3 kg^-1 s^-2),3,13
GW190701_203306-v2,L1,Fine-Structure Constant,3,14
GW190701_203306-v2,L1,Proton Mass (kg),3,15
GW190701_203306-v2,L1,Reduced Planck Constant (J·s),3,16
GW190701_203306-v2,L1,Elementary Charge (C),3,17
GW190701_203306-v2,L1,Electron Mass (kg),3,18
GW190701_203306-v2,L1,Critical Density (kg/m^3),3,19
GW190701_203306-v2,L1,Boltzmann Constant (J/K),3,20
GW190701_203306-v2,L1,Baryon-to-Photon Ratio,3,21
GW190701_203306-v2,L1,Tau Mass (kg),3,22
GW190701_203306-v2,L1,Planck Constant (J·s),3,23
GW190701_203306-v2,L1,Khinchin’s Constant,1,24
GW190701_203306-v2,L1,Phi Squared,1,25
GW190701_203306-v2,L1,Solar Mass (kg),0,26
GW190701_203306-v2,L1,Solar Radius (m),0,27
GW190701_203306-v2,L1,Speed of Light (m/s),0,28
GW190701_203306-v2,L1,Square Root of 2,0,29
GW190701_203306-v2,L1,Square Root of 3,0,30
GW190701_203306-v2,L1,Planck Temperature (K),0,31
GW190701_203306-v2,L1,Square Root of 5,0,32
GW190701_203306-v2,L1,Hubble Constant (km/s/Mpc),0,33
GW190701_203306-v2,L1,Pi,0,34
GW190701_203306-v2,L1,Parsec (m),0,35
GW190701_203306-v2,L1,Apéry’s Constant (zeta(3)),0,36
GW190701_203306-v2,L1,Gas Constant R (J/(mol·K)),0,37
GW190701_203306-v2,L1,Feigenbaum Delta,0,38
GW190701_203306-v2,L1,Feigenbaum Alpha,0,39
GW190701_203306-v2,L1,Euler’s Number,0,40
GW190701_203306-v2,L1,Earth Radius (m),0,41
GW190701_203306-v2,L1,Earth Mass (kg),0,42
GW190701_203306-v2,L1,Coulomb Constant (N m^2 C^-2),0,43
GW190701_203306-v2,L1,Cosmic Microwave Background Temp (K),0,44
GW190701_203306-v2,L1,Avogadro Constant (1/mol),0,45
GW190701_203306-v2,L1,Astronomical Unit (m),0,46
GW190701_203306-v2,L1,Two Pi,0,47
GW190706_222641-v1,H1,Catalan’s Constant,76,1
GW190706_222641-v1,H1,Apéry’s Constant (zeta(3)),71,2
GW190706_222641-v1,H1,Golden Ratio Conjugate,60,3
GW190706_222641-v1,H1,Euler–Mascheroni Constant,59,4
GW190706_222641-v1,H1,Golden Ratio,55,5
GW190706_222641-v1,H1,Plastic Constant,11,6
GW190706_222641-v1,H1,Fine-Structure Constant,9,7
GW190706_222641-v1,H1,Proton Mass (kg),7,8
GW190706_222641-v1,H1,Planck Time (s),7,9
GW190706_222641-v1,H1,Neutron Mass (kg),7,10
GW190706_222641-v1,H1,Muon Mass (kg),7,11
GW190706_222641-v1,H1,Planck Charge (C),7,12
GW190706_222641-v1,H1,Gravitational Constant (m^3 kg^-1 s^-2),7,13
GW190706_222641-v1,H1,Planck Constant (J·s),7,14
GW190706_222641-v1,H1,Planck Length (m),7,15
GW190706_222641-v1,H1,Planck Mass (kg),7,16
GW190706_222641-v1,H1,Reduced Planck Constant (J·s),7,17
GW190706_222641-v1,H1,Absolute Zero (K),7,18
GW190706_222641-v1,H1,Critical Density (kg/m^3),7,19
GW190706_222641-v1,H1,Tau Mass (kg),7,20
GW190706_222641-v1,H1,Elementary Charge (C),7,21
GW190706_222641-v1,H1,Electron Mass (kg),7,22
GW190706_222641-v1,H1,Baryon-to-Photon Ratio,7,23
GW190706_222641-v1,H1,Boltzmann Constant (J/K),7,24
GW190706_222641-v1,H1,Square Root of 3,7,25
GW190706_222641-v1,H1,Square Root of 2,6,26
GW190706_222641-v1,H1,Phi Squared,1,27
GW190706_222641-v1,H1,Cosmic Microwave Background Temp (K),1,28
GW190706_222641-v1,H1,Feigenbaum Alpha,1,29
GW190706_222641-v1,H1,Euler’s Number,1,30
GW190706_222641-v1,H1,Feigenbaum Delta,1,31
GW190706_222641-v1,H1,Solar Radius (m),0,32
GW190706_222641-v1,H1,Solar Mass (kg),0,33
GW190706_222641-v1,H1,Speed of Light (m/s),0,34
GW190706_222641-v1,H1,Square Root of 5,0,35
GW190706_222641-v1,H1,Hubble Constant (km/s/Mpc),0,36
GW190706_222641-v1,H1,Planck Temperature (K),0,37
GW190706_222641-v1,H1,Pi,0,38
GW190706_222641-v1,H1,Parsec (m),0,39
GW190706_222641-v1,H1,Khinchin’s Constant,0,40
GW190706_222641-v1,H1,Gas Constant R (J/(mol·K)),0,41
GW190706_222641-v1,H1,Earth Radius (m),0,42
GW190706_222641-v1,H1,Earth Mass (kg),0,43
GW190706_222641-v1,H1,Coulomb Constant (N m^2 C^-2),0,44
GW190706_222641-v1,H1,Avogadro Constant (1/mol),0,45
GW190706_222641-v1,H1,Astronomical Unit (m),0,46
GW190706_222641-v1,H1,Two Pi,0,47
GW190706_222641-v1,L1,Catalan’s Constant,80,1
GW190706_222641-v1,L1,Apéry’s Constant (zeta(3)),16,2
GW190706_222641-v1,L1,Absolute Zero (K),11,3
GW190706_222641-v1,L1,Elementary Charge (C),11,4
GW190706_222641-v1,L1,Planck Length (m),11,5
GW190706_222641-v1,L1,Planck Mass (kg),11,6
GW190706_222641-v1,L1,Neutron Mass (kg),11,7
GW190706_222641-v1,L1,Muon Mass (kg),11,8
GW190706_222641-v1,L1,Planck Time (s),11,9
GW190706_222641-v1,L1,Gravitational Constant (m^3 kg^-1 s^-2),11,10
GW190706_222641-v1,L1,Proton Mass (kg),11,11
GW190706_222641-v1,L1,Reduced Planck Constant (J·s),11,12
GW190706_222641-v1,L1,Planck Constant (J·s),11,13
GW190706_222641-v1,L1,Planck Charge (C),11,14
GW190706_222641-v1,L1,Critical Density (kg/m^3),11,15
GW190706_222641-v1,L1,Electron Mass (kg),11,16
GW190706_222641-v1,L1,Tau Mass (kg),11,17
GW190706_222641-v1,L1,Baryon-to-Photon Ratio,11,18
GW190706_222641-v1,L1,Boltzmann Constant (J/K),11,19
GW190706_222641-v1,L1,Fine-Structure Constant,10,20
GW190706_222641-v1,L1,Plastic Constant,9,21
GW190706_222641-v1,L1,Euler–Mascheroni Constant,8,22
GW190706_222641-v1,L1,Golden Ratio Conjugate,7,23
GW190706_222641-v1,L1,Golden Ratio,6,24
GW190706_222641-v1,L1,Square Root of 2,5,25
GW190706_222641-v1,L1,Square Root of 3,1,26
GW190706_222641-v1,L1,Speed of Light (m/s),0,27
GW190706_222641-v1,L1,Planck Temperature (K),0,28
GW190706_222641-v1,L1,Square Root of 5,0,29
GW190706_222641-v1,L1,Solar Radius (m),0,30
GW190706_222641-v1,L1,Solar Mass (kg),0,31
GW190706_222641-v1,L1,Hubble Constant (km/s/Mpc),0,32
GW190706_222641-v1,L1,Pi,0,33
GW190706_222641-v1,L1,Phi Squared,0,34
GW190706_222641-v1,L1,Parsec (m),0,35
GW190706_222641-v1,L1,Khinchin’s Constant,0,36
GW190706_222641-v1,L1,Gas Constant R (J/(mol·K)),0,37
GW190706_222641-v1,L1,Feigenbaum Delta,0,38
GW190706_222641-v1,L1,Feigenbaum Alpha,0,39
GW190706_222641-v1,L1,Euler’s Number,0,40
GW190706_222641-v1,L1,Earth Radius (m),0,41
GW190706_222641-v1,L1,Earth Mass (kg),0,42
GW190706_222641-v1,L1,Coulomb Constant (N m^2 C^-2),0,43
GW190706_222641-v1,L1,Cosmic Microwave Background Temp (K),0,44
GW190706_222641-v1,L1,Avogadro Constant (1/mol),0,45
GW190706_222641-v1,L1,Astronomical Unit (m),0,46
GW190706_222641-v1,L1,Two Pi,0,47
GW190706_222641-v2,H1,Catalan’s Constant,76,1
GW190706_222641-v2,H1,Apéry’s Constant (zeta(3)),71,2
GW190706_222641-v2,H1,Golden Ratio Conjugate,60,3
GW190706_222641-v2,H1,Euler–Mascheroni Constant,59,4
GW190706_222641-v2,H1,Golden Ratio,55,5
GW190706_222641-v2,H1,Plastic Constant,11,6
GW190706_222641-v2,H1,Fine-Structure Constant,9,7
GW190706_222641-v2,H1,Proton Mass (kg),7,8
GW190706_222641-v2,H1,Planck Time (s),7,9
GW190706_222641-v2,H1,Neutron Mass (kg),7,10
GW190706_222641-v2,H1,Muon Mass (kg),7,11
GW190706_222641-v2,H1,Planck Charge (C),7,12
GW190706_222641-v2,H1,Gravitational Constant (m^3 kg^-1 s^-2),7,13
GW190706_222641-v2,H1,Planck Constant (J·s),7,14
GW190706_222641-v2,H1,Planck Length (m),7,15
GW190706_222641-v2,H1,Planck Mass (kg),7,16
GW190706_222641-v2,H1,Reduced Planck Constant (J·s),7,17
GW190706_222641-v2,H1,Absolute Zero (K),7,18
GW190706_222641-v2,H1,Critical Density (kg/m^3),7,19
GW190706_222641-v2,H1,Tau Mass (kg),7,20
GW190706_222641-v2,H1,Elementary Charge (C),7,21
GW190706_222641-v2,H1,Electron Mass (kg),7,22
GW190706_222641-v2,H1,Baryon-to-Photon Ratio,7,23
GW190706_222641-v2,H1,Boltzmann Constant (J/K),7,24
GW190706_222641-v2,H1,Square Root of 3,7,25
GW190706_222641-v2,H1,Square Root of 2,6,26
GW190706_222641-v2,H1,Phi Squared,1,27
GW190706_222641-v2,H1,Cosmic Microwave Background Temp (K),1,28
GW190706_222641-v2,H1,Feigenbaum Alpha,1,29
GW190706_222641-v2,H1,Euler’s Number,1,30
GW190706_222641-v2,H1,Feigenbaum Delta,1,31
GW190706_222641-v2,H1,Solar Radius (m),0,32
GW190706_222641-v2,H1,Solar Mass (kg),0,33
GW190706_222641-v2,H1,Speed of Light (m/s),0,34
GW190706_222641-v2,H1,Square Root of 5,0,35
GW190706_222641-v2,H1,Hubble Constant (km/s/Mpc),0,36
GW190706_222641-v2,H1,Planck Temperature (K),0,37
GW190706_222641-v2,H1,Pi,0,38
GW190706_222641-v2,H1,Parsec (m),0,39
GW190706_222641-v2,H1,Khinchin’s Constant,0,40
GW190706_222641-v2,H1,Gas Constant R (J/(mol·K)),0,41
GW190706_222641-v2,H1,Earth Radius (m),0,42
GW190706_222641-v2,H1,Earth Mass (kg),0,43
GW190706_222641-v2,H1,Coulomb Constant (N m^2 C^-2),0,44
GW190706_222641-v2,H1,Avogadro Constant (1/mol),0,45
GW190706_222641-v2,H1,Astronomical Unit (m),0,46
GW190706_222641-v2,H1,Two Pi,0,47
GW190706_222641-v2,L1,Catalan’s Constant,80,1
GW190706_222641-v2,L1,Apéry’s Constant (zeta(3)),16,2
GW190706_222641-v2,L1,Absolute Zero (K),11,3
GW190706_222641-v2,L1,Elementary Charge (C),11,4
GW190706_222641-v2,L1,Planck Length (m),11,5
GW190706_222641-v2,L1,Planck Mass (kg),11,6
GW190706_222641-v2,L1,Neutron Mass (kg),11,7
GW190706_222641-v2,L1,Muon Mass (kg),11,8
GW190706_222641-v2,L1,Planck Time (s),11,9
GW190706_222641-v2,L1,Gravitational Constant (m^3 kg^-1 s^-2),11,10
GW190706_222641-v2,L1,Proton Mass (kg),11,11
GW190706_222641-v2,L1,Reduced Planck Constant (J·s),11,12
GW190706_222641-v2,L1,Planck Constant (J·s),11,13
GW190706_222641-v2,L1,Planck Charge (C),11,14
GW190706_222641-v2,L1,Critical Density (kg/m^3),11,15
GW190706_222641-v2,L1,Electron Mass (kg),11,16
GW190706_222641-v2,L1,Tau Mass (kg),11,17
GW190706_222641-v2,L1,Baryon-to-Photon Ratio,11,18
GW190706_222641-v2,L1,Boltzmann Constant (J/K),11,19
GW190706_222641-v2,L1,Fine-Structure Constant,10,20
GW190706_222641-v2,L1,Plastic Constant,9,21
GW190706_222641-v2,L1,Euler–Mascheroni Constant,8,22
GW190706_222641-v2,L1,Golden Ratio Conjugate,7,23
GW190706_222641-v2,L1,Golden Ratio,6,24
GW190706_222641-v2,L1,Square Root of 2,5,25
GW190706_222641-v2,L1,Square Root of 3,1,26
GW190706_222641-v2,L1,Speed of Light (m/s),0,27
GW190706_222641-v2,L1,Planck Temperature (K),0,28
GW190706_222641-v2,L1,Square Root of 5,0,29
GW190706_222641-v2,L1,Solar Radius (m),0,30
GW190706_222641-v2,L1,Solar Mass (kg),0,31
GW190706_222641-v2,L1,Hubble Constant (km/s/Mpc),0,32
GW190706_222641-v2,L1,Pi,0,33
GW190706_222641-v2,L1,Phi Squared,0,34
GW190706_222641-v2,L1,Parsec (m),0,35
GW190706_222641-v2,L1,Khinchin’s Constant,0,36
GW190706_222641-v2,L1,Gas Constant R (J/(mol·K)),0,37
GW190706_222641-v2,L1,Feigenbaum Delta,0,38
GW190706_222641-v2,L1,Feigenbaum Alpha,0,39
GW190706_222641-v2,L1,Euler’s Number,0,40
GW190706_222641-v2,L1,Earth Radius (m),0,41
GW190706_222641-v2,L1,Earth Mass (kg),0,42
GW190706_222641-v2,L1,Coulomb Constant (N m^2 C^-2),0,43
GW190706_222641-v2,L1,Cosmic Microwave Background Temp (K),0,44
GW190706_222641-v2,L1,Avogadro Constant (1/mol),0,45
GW190706_222641-v2,L1,Astronomical Unit (m),0,46
GW190706_222641-v2,L1,Two Pi,0,47
GW190707_093326-v1,H1,Catalan’s Constant,88,1
GW190707_093326-v1,H1,Apéry’s Constant (zeta(3)),56,2
GW190707_093326-v1,H1,Golden Ratio Conjugate,38,3
GW190707_093326-v1,H1,Euler–Mascheroni Constant,34,4
GW190707_093326-v1,H1,Golden Ratio,32,5
GW190707_093326-v1,H1,Plastic Constant,18,6
GW190707_093326-v1,H1,Absolute Zero (K),15,7
GW190707_093326-v1,H1,Planck Length (m),15,8
GW190707_093326-v1,H1,Planck Constant (J·s),15,9
GW190707_093326-v1,H1,Planck Charge (C),15,10
GW190707_093326-v1,H1,Planck Time (s),15,11
GW190707_093326-v1,H1,Proton Mass (kg),15,12
GW190707_093326-v1,H1,Neutron Mass (kg),15,13
GW190707_093326-v1,H1,Muon Mass (kg),15,14
GW190707_093326-v1,H1,Reduced Planck Constant (J·s),15,15
GW190707_093326-v1,H1,Gravitational Constant (m^3 kg^-1 s^-2),15,16
GW190707_093326-v1,H1,Planck Mass (kg),15,17
GW190707_093326-v1,H1,Baryon-to-Photon Ratio,15,18
GW190707_093326-v1,H1,Tau Mass (kg),15,19
GW190707_093326-v1,H1,Elementary Charge (C),15,20
GW190707_093326-v1,H1,Electron Mass (kg),15,21
GW190707_093326-v1,H1,Critical Density (kg/m^3),15,22
GW190707_093326-v1,H1,Boltzmann Constant (J/K),15,23
GW190707_093326-v1,H1,Fine-Structure Constant,14,24
GW190707_093326-v1,H1,Square Root of 2,4,25
GW190707_093326-v1,H1,Square Root of 3,2,26
GW190707_093326-v1,H1,Feigenbaum Alpha,1,27
GW190707_093326-v1,H1,Euler’s Number,1,28
GW190707_093326-v1,H1,Cosmic Microwave Background Temp (K),1,29
GW190707_093326-v1,H1,Square Root of 5,0,30
GW190707_093326-v1,H1,Planck Temperature (K),0,31
GW190707_093326-v1,H1,Speed of Light (m/s),0,32
GW190707_093326-v1,H1,Solar Mass (kg),0,33
GW190707_093326-v1,H1,Solar Radius (m),0,34
GW190707_093326-v1,H1,Hubble Constant (km/s/Mpc),0,35
GW190707_093326-v1,H1,Pi,0,36
GW190707_093326-v1,H1,Phi Squared,0,37
GW190707_093326-v1,H1,Parsec (m),0,38
GW190707_093326-v1,H1,Khinchin’s Constant,0,39
GW190707_093326-v1,H1,Gas Constant R (J/(mol·K)),0,40
GW190707_093326-v1,H1,Feigenbaum Delta,0,41
GW190707_093326-v1,H1,Earth Radius (m),0,42
GW190707_093326-v1,H1,Earth Mass (kg),0,43
GW190707_093326-v1,H1,Coulomb Constant (N m^2 C^-2),0,44
GW190707_093326-v1,H1,Avogadro Constant (1/mol),0,45
GW190707_093326-v1,H1,Astronomical Unit (m),0,46
GW190707_093326-v1,H1,Two Pi,0,47
GW190707_093326-v1,L1,Catalan’s Constant,65,1
GW190707_093326-v1,L1,Golden Ratio Conjugate,13,2
GW190707_093326-v1,L1,Apéry’s Constant (zeta(3)),12,3
GW190707_093326-v1,L1,Euler–Mascheroni Constant,11,4
GW190707_093326-v1,L1,Golden Ratio,9,5
GW190707_093326-v1,L1,Absolute Zero (K),8,6
GW190707_093326-v1,L1,Planck Mass (kg),8,7
GW190707_093326-v1,L1,Planck Constant (J·s),8,8
GW190707_093326-v1,L1,Planck Charge (C),8,9
GW190707_093326-v1,L1,Planck Time (s),8,10
GW190707_093326-v1,L1,Neutron Mass (kg),8,11
GW190707_093326-v1,L1,Muon Mass (kg),8,12
GW190707_093326-v1,L1,Gravitational Constant (m^3 kg^-1 s^-2),8,13
GW190707_093326-v1,L1,Fine-Structure Constant,8,14
GW190707_093326-v1,L1,Proton Mass (kg),8,15
GW190707_093326-v1,L1,Reduced Planck Constant (J·s),8,16
GW190707_093326-v1,L1,Planck Length (m),8,17
GW190707_093326-v1,L1,Boltzmann Constant (J/K),8,18
GW190707_093326-v1,L1,Electron Mass (kg),8,19
GW190707_093326-v1,L1,Tau Mass (kg),8,20
GW190707_093326-v1,L1,Critical Density (kg/m^3),8,21
GW190707_093326-v1,L1,Elementary Charge (C),8,22
GW190707_093326-v1,L1,Baryon-to-Photon Ratio,8,23
GW190707_093326-v1,L1,Plastic Constant,6,24
GW190707_093326-v1,L1,Square Root of 2,2,25
GW190707_093326-v1,L1,Phi Squared,1,26
GW190707_093326-v1,L1,Khinchin’s Constant,1,27
GW190707_093326-v1,L1,Square Root of 3,0,28
GW190707_093326-v1,L1,Speed of Light (m/s),0,29
GW190707_093326-v1,L1,Planck Temperature (K),0,30
GW190707_093326-v1,L1,Square Root of 5,0,31
GW190707_093326-v1,L1,Solar Radius (m),0,32
GW190707_093326-v1,L1,Solar Mass (kg),0,33
GW190707_093326-v1,L1,Hubble Constant (km/s/Mpc),0,34
GW190707_093326-v1,L1,Pi,0,35
GW190707_093326-v1,L1,Parsec (m),0,36
GW190707_093326-v1,L1,Gas Constant R (J/(mol·K)),0,37
GW190707_093326-v1,L1,Feigenbaum Delta,0,38
GW190707_093326-v1,L1,Feigenbaum Alpha,0,39
GW190707_093326-v1,L1,Euler’s Number,0,40
GW190707_093326-v1,L1,Earth Radius (m),0,41
GW190707_093326-v1,L1,Earth Mass (kg),0,42
GW190707_093326-v1,L1,Coulomb Constant (N m^2 C^-2),0,43
GW190707_093326-v1,L1,Cosmic Microwave Background Temp (K),0,44
GW190707_093326-v1,L1,Avogadro Constant (1/mol),0,45
GW190707_093326-v1,L1,Astronomical Unit (m),0,46
GW190707_093326-v1,L1,Two Pi,0,47
GW190707_093326-v2,H1,Catalan’s Constant,88,1
GW190707_093326-v2,H1,Apéry’s Constant (zeta(3)),52,2
GW190707_093326-v2,H1,Golden Ratio Conjugate,37,3
GW190707_093326-v2,H1,Euler–Mascheroni Constant,35,4
GW190707_093326-v2,H1,Golden Ratio,31,5
GW190707_093326-v2,H1,Plastic Constant,18,6
GW190707_093326-v2,H1,Absolute Zero (K),15,7
GW190707_093326-v2,H1,Planck Length (m),15,8
GW190707_093326-v2,H1,Planck Charge (C),15,9
GW190707_093326-v2,H1,Planck Mass (kg),15,10
GW190707_093326-v2,H1,Planck Time (s),15,11
GW190707_093326-v2,H1,Neutron Mass (kg),15,12
GW190707_093326-v2,H1,Muon Mass (kg),15,13
GW190707_093326-v2,H1,Gravitational Constant (m^3 kg^-1 s^-2),15,14
GW190707_093326-v2,H1,Proton Mass (kg),15,15
GW190707_093326-v2,H1,Reduced Planck Constant (J·s),15,16
GW190707_093326-v2,H1,Planck Constant (J·s),15,17
GW190707_093326-v2,H1,Elementary Charge (C),15,18
GW190707_093326-v2,H1,Electron Mass (kg),15,19
GW190707_093326-v2,H1,Critical Density (kg/m^3),15,20
GW190707_093326-v2,H1,Boltzmann Constant (J/K),15,21
GW190707_093326-v2,H1,Baryon-to-Photon Ratio,15,22
GW190707_093326-v2,H1,Tau Mass (kg),15,23
GW190707_093326-v2,H1,Fine-Structure Constant,14,24
GW190707_093326-v2,H1,Square Root of 2,4,25
GW190707_093326-v2,H1,Square Root of 3,1,26
GW190707_093326-v2,H1,Feigenbaum Alpha,1,27
GW190707_093326-v2,H1,Solar Mass (kg),0,28
GW190707_093326-v2,H1,Solar Radius (m),0,29
GW190707_093326-v2,H1,Speed of Light (m/s),0,30
GW190707_093326-v2,H1,Planck Temperature (K),0,31
GW190707_093326-v2,H1,Square Root of 5,0,32
GW190707_093326-v2,H1,Hubble Constant (km/s/Mpc),0,33
GW190707_093326-v2,H1,Pi,0,34
GW190707_093326-v2,H1,Phi Squared,0,35
GW190707_093326-v2,H1,Parsec (m),0,36
GW190707_093326-v2,H1,Khinchin’s Constant,0,37
GW190707_093326-v2,H1,Gas Constant R (J/(mol·K)),0,38
GW190707_093326-v2,H1,Feigenbaum Delta,0,39
GW190707_093326-v2,H1,Euler’s Number,0,40
GW190707_093326-v2,H1,Earth Radius (m),0,41
GW190707_093326-v2,H1,Earth Mass (kg),0,42
GW190707_093326-v2,H1,Coulomb Constant (N m^2 C^-2),0,43
GW190707_093326-v2,H1,Cosmic Microwave Background Temp (K),0,44
GW190707_093326-v2,H1,Avogadro Constant (1/mol),0,45
GW190707_093326-v2,H1,Astronomical Unit (m),0,46
GW190707_093326-v2,H1,Two Pi,0,47
GW190707_093326-v2,L1,Catalan’s Constant,66,1
GW190707_093326-v2,L1,Apéry’s Constant (zeta(3)),13,2
GW190707_093326-v2,L1,Golden Ratio Conjugate,13,3
GW190707_093326-v2,L1,Euler–Mascheroni Constant,11,4
GW190707_093326-v2,L1,Golden Ratio,9,5
GW190707_093326-v2,L1,Absolute Zero (K),7,6
GW190707_093326-v2,L1,Reduced Planck Constant (J·s),7,7
GW190707_093326-v2,L1,Planck Length (m),7,8
GW190707_093326-v2,L1,Planck Mass (kg),7,9
GW190707_093326-v2,L1,Neutron Mass (kg),7,10
GW190707_093326-v2,L1,Muon Mass (kg),7,11
GW190707_093326-v2,L1,Planck Time (s),7,12
GW190707_093326-v2,L1,Gravitational Constant (m^3 kg^-1 s^-2),7,13
GW190707_093326-v2,L1,Fine-Structure Constant,7,14
GW190707_093326-v2,L1,Proton Mass (kg),7,15
GW190707_093326-v2,L1,Planck Charge (C),7,16
GW190707_093326-v2,L1,Planck Constant (J·s),7,17
GW190707_093326-v2,L1,Elementary Charge (C),7,18
GW190707_093326-v2,L1,Electron Mass (kg),7,19
GW190707_093326-v2,L1,Critical Density (kg/m^3),7,20
GW190707_093326-v2,L1,Boltzmann Constant (J/K),7,21
GW190707_093326-v2,L1,Baryon-to-Photon Ratio,7,22
GW190707_093326-v2,L1,Tau Mass (kg),7,23
GW190707_093326-v2,L1,Plastic Constant,6,24
GW190707_093326-v2,L1,Square Root of 2,5,25
GW190707_093326-v2,L1,Solar Radius (m),0,26
GW190707_093326-v2,L1,Speed of Light (m/s),0,27
GW190707_093326-v2,L1,Square Root of 3,0,28
GW190707_093326-v2,L1,Planck Temperature (K),0,29
GW190707_093326-v2,L1,Square Root of 5,0,30
GW190707_093326-v2,L1,Solar Mass (kg),0,31
GW190707_093326-v2,L1,Hubble Constant (km/s/Mpc),0,32
GW190707_093326-v2,L1,Pi,0,33
GW190707_093326-v2,L1,Phi Squared,0,34
GW190707_093326-v2,L1,Parsec (m),0,35
GW190707_093326-v2,L1,Khinchin’s Constant,0,36
GW190707_093326-v2,L1,Gas Constant R (J/(mol·K)),0,37
GW190707_093326-v2,L1,Feigenbaum Delta,0,38
GW190707_093326-v2,L1,Feigenbaum Alpha,0,39
GW190707_093326-v2,L1,Euler’s Number,0,40
GW190707_093326-v2,L1,Earth Radius (m),0,41
GW190707_093326-v2,L1,Earth Mass (kg),0,42
GW190707_093326-v2,L1,Coulomb Constant (N m^2 C^-2),0,43
GW190707_093326-v2,L1,Cosmic Microwave Background Temp (K),0,44
GW190707_093326-v2,L1,Avogadro Constant (1/mol),0,45
GW190707_093326-v2,L1,Astronomical Unit (m),0,46
GW190707_093326-v2,L1,Two Pi,0,47
GW190708_232457-v1,L1,Catalan’s Constant,72,1
GW190708_232457-v1,L1,Apéry’s Constant (zeta(3)),13,2
GW190708_232457-v1,L1,Absolute Zero (K),10,3
GW190708_232457-v1,L1,Elementary Charge (C),10,4
GW190708_232457-v1,L1,Planck Length (m),10,5
GW190708_232457-v1,L1,Planck Mass (kg),10,6
GW190708_232457-v1,L1,Neutron Mass (kg),10,7
GW190708_232457-v1,L1,Muon Mass (kg),10,8
GW190708_232457-v1,L1,Planck Time (s),10,9
GW190708_232457-v1,L1,Gravitational Constant (m^3 kg^-1 s^-2),10,10
GW190708_232457-v1,L1,Proton Mass (kg),10,11
GW190708_232457-v1,L1,Reduced Planck Constant (J·s),10,12
GW190708_232457-v1,L1,Planck Constant (J·s),10,13
GW190708_232457-v1,L1,Planck Charge (C),10,14
GW190708_232457-v1,L1,Critical Density (kg/m^3),10,15
GW190708_232457-v1,L1,Electron Mass (kg),10,16
GW190708_232457-v1,L1,Tau Mass (kg),10,17
GW190708_232457-v1,L1,Baryon-to-Photon Ratio,10,18
GW190708_232457-v1,L1,Boltzmann Constant (J/K),10,19
GW190708_232457-v1,L1,Fine-Structure Constant,8,20
GW190708_232457-v1,L1,Golden Ratio Conjugate,5,21
GW190708_232457-v1,L1,Square Root of 2,3,22
GW190708_232457-v1,L1,Euler–Mascheroni Constant,3,23
GW190708_232457-v1,L1,Plastic Constant,3,24
GW190708_232457-v1,L1,Square Root of 3,1,25
GW190708_232457-v1,L1,Feigenbaum Alpha,1,26
GW190708_232457-v1,L1,Speed of Light (m/s),0,27
GW190708_232457-v1,L1,Solar Radius (m),0,28
GW190708_232457-v1,L1,Planck Temperature (K),0,29
GW190708_232457-v1,L1,Square Root of 5,0,30
GW190708_232457-v1,L1,Solar Mass (kg),0,31
GW190708_232457-v1,L1,Hubble Constant (km/s/Mpc),0,32
GW190708_232457-v1,L1,Pi,0,33
GW190708_232457-v1,L1,Phi Squared,0,34
GW190708_232457-v1,L1,Parsec (m),0,35
GW190708_232457-v1,L1,Khinchin’s Constant,0,36
GW190708_232457-v1,L1,Golden Ratio,0,37
GW190708_232457-v1,L1,Gas Constant R (J/(mol·K)),0,38
GW190708_232457-v1,L1,Feigenbaum Delta,0,39
GW190708_232457-v1,L1,Euler’s Number,0,40
GW190708_232457-v1,L1,Earth Radius (m),0,41
GW190708_232457-v1,L1,Earth Mass (kg),0,42
GW190708_232457-v1,L1,Coulomb Constant (N m^2 C^-2),0,43
GW190708_232457-v1,L1,Cosmic Microwave Background Temp (K),0,44
GW190708_232457-v1,L1,Avogadro Constant (1/mol),0,45
GW190708_232457-v1,L1,Astronomical Unit (m),0,46
GW190708_232457-v1,L1,Two Pi,0,47
GW190708_232457-v2,L1,Catalan’s Constant,62,1
GW190708_232457-v2,L1,Apéry’s Constant (zeta(3)),13,2
GW190708_232457-v2,L1,Absolute Zero (K),8,3
GW190708_232457-v2,L1,Planck Length (m),8,4
GW190708_232457-v2,L1,Planck Charge (C),8,5
GW190708_232457-v2,L1,Planck Mass (kg),8,6
GW190708_232457-v2,L1,Neutron Mass (kg),8,7
GW190708_232457-v2,L1,Muon Mass (kg),8,8
GW190708_232457-v2,L1,Planck Time (s),8,9
GW190708_232457-v2,L1,Gravitational Constant (m^3 kg^-1 s^-2),8,10
GW190708_232457-v2,L1,Plastic Constant,8,11
GW190708_232457-v2,L1,Fine-Structure Constant,8,12
GW190708_232457-v2,L1,Proton Mass (kg),8,13
GW190708_232457-v2,L1,Reduced Planck Constant (J·s),8,14
GW190708_232457-v2,L1,Planck Constant (J·s),8,15
GW190708_232457-v2,L1,Critical Density (kg/m^3),8,16
GW190708_232457-v2,L1,Elementary Charge (C),8,17
GW190708_232457-v2,L1,Electron Mass (kg),8,18
GW190708_232457-v2,L1,Tau Mass (kg),8,19
GW190708_232457-v2,L1,Baryon-to-Photon Ratio,8,20
GW190708_232457-v2,L1,Boltzmann Constant (J/K),8,21
GW190708_232457-v2,L1,Golden Ratio Conjugate,5,22
GW190708_232457-v2,L1,Euler–Mascheroni Constant,4,23
GW190708_232457-v2,L1,Golden Ratio,3,24
GW190708_232457-v2,L1,Square Root of 3,2,25
GW190708_232457-v2,L1,Square Root of 2,2,26
GW190708_232457-v2,L1,Pi,1,27
GW190708_232457-v2,L1,Solar Mass (kg),0,28
GW190708_232457-v2,L1,Speed of Light (m/s),0,29
GW190708_232457-v2,L1,Planck Temperature (K),0,30
GW190708_232457-v2,L1,Square Root of 5,0,31
GW190708_232457-v2,L1,Solar Radius (m),0,32
GW190708_232457-v2,L1,Hubble Constant (km/s/Mpc),0,33
GW190708_232457-v2,L1,Phi Squared,0,34
GW190708_232457-v2,L1,Parsec (m),0,35
GW190708_232457-v2,L1,Khinchin’s Constant,0,36
GW190708_232457-v2,L1,Gas Constant R (J/(mol·K)),0,37
GW190708_232457-v2,L1,Feigenbaum Delta,0,38
GW190708_232457-v2,L1,Feigenbaum Alpha,0,39
GW190708_232457-v2,L1,Euler’s Number,0,40
GW190708_232457-v2,L1,Earth Radius (m),0,41
GW190708_232457-v2,L1,Earth Mass (kg),0,42
GW190708_232457-v2,L1,Coulomb Constant (N m^2 C^-2),0,43
GW190708_232457-v2,L1,Cosmic Microwave Background Temp (K),0,44
GW190708_232457-v2,L1,Avogadro Constant (1/mol),0,45
GW190708_232457-v2,L1,Astronomical Unit (m),0,46
GW190708_232457-v2,L1,Two Pi,0,47
GW190719_215514-v1,H1,Golden Ratio Conjugate,73,1
GW190719_215514-v1,H1,Euler–Mascheroni Constant,56,2
GW190719_215514-v1,H1,Golden Ratio,49,3
GW190719_215514-v1,H1,Catalan’s Constant,43,4
GW190719_215514-v1,H1,Apéry’s Constant (zeta(3)),26,5
GW190719_215514-v1,H1,Plastic Constant,11,6
GW190719_215514-v1,H1,Phi Squared,5,7
GW190719_215514-v1,H1,Planck Time (s),4,8
GW190719_215514-v1,H1,Proton Mass (kg),4,9
GW190719_215514-v1,H1,Neutron Mass (kg),4,10
GW190719_215514-v1,H1,Muon Mass (kg),4,11
GW190719_215514-v1,H1,Khinchin’s Constant,4,12
GW190719_215514-v1,H1,Planck Charge (C),4,13
GW190719_215514-v1,H1,Gravitational Constant (m^3 kg^-1 s^-2),4,14
GW190719_215514-v1,H1,Planck Constant (J·s),4,15
GW190719_215514-v1,H1,Planck Length (m),4,16
GW190719_215514-v1,H1,Absolute Zero (K),4,17
GW190719_215514-v1,H1,Reduced Planck Constant (J·s),4,18
GW190719_215514-v1,H1,Elementary Charge (C),4,19
GW190719_215514-v1,H1,Electron Mass (kg),4,20
GW190719_215514-v1,H1,Critical Density (kg/m^3),4,21
GW190719_215514-v1,H1,Boltzmann Constant (J/K),4,22
GW190719_215514-v1,H1,Baryon-to-Photon Ratio,4,23
GW190719_215514-v1,H1,Tau Mass (kg),4,24
GW190719_215514-v1,H1,Planck Mass (kg),4,25
GW190719_215514-v1,H1,Fine-Structure Constant,3,26
GW190719_215514-v1,H1,Square Root of 2,3,27
GW190719_215514-v1,H1,Square Root of 5,3,28
GW190719_215514-v1,H1,Feigenbaum Alpha,1,29
GW190719_215514-v1,H1,Square Root of 3,1,30
GW190719_215514-v1,H1,Planck Temperature (K),0,31
GW190719_215514-v1,H1,Solar Mass (kg),0,32
GW190719_215514-v1,H1,Solar Radius (m),0,33
GW190719_215514-v1,H1,Speed of Light (m/s),0,34
GW190719_215514-v1,H1,Hubble Constant (km/s/Mpc),0,35
GW190719_215514-v1,H1,Pi,0,36
GW190719_215514-v1,H1,Parsec (m),0,37
GW190719_215514-v1,H1,Gas Constant R (J/(mol·K)),0,38
GW190719_215514-v1,H1,Feigenbaum Delta,0,39
GW190719_215514-v1,H1,Euler’s Number,0,40
GW190719_215514-v1,H1,Earth Radius (m),0,41
GW190719_215514-v1,H1,Earth Mass (kg),0,42
GW190719_215514-v1,H1,Coulomb Constant (N m^2 C^-2),0,43
GW190719_215514-v1,H1,Cosmic Microwave Background Temp (K),0,44
GW190719_215514-v1,H1,Avogadro Constant (1/mol),0,45
GW190719_215514-v1,H1,Astronomical Unit (m),0,46
GW190719_215514-v1,H1,Two Pi,0,47
GW190719_215514-v1,L1,Catalan’s Constant,61,1
GW190719_215514-v1,L1,Absolute Zero (K),8,2
GW190719_215514-v1,L1,Elementary Charge (C),8,3
GW190719_215514-v1,L1,Planck Length (m),8,4
GW190719_215514-v1,L1,Planck Constant (J·s),8,5
GW190719_215514-v1,L1,Planck Charge (C),8,6
GW190719_215514-v1,L1,Planck Time (s),8,7
GW190719_215514-v1,L1,Proton Mass (kg),8,8
GW190719_215514-v1,L1,Neutron Mass (kg),8,9
GW190719_215514-v1,L1,Muon Mass (kg),8,10
GW190719_215514-v1,L1,Gravitational Constant (m^3 kg^-1 s^-2),8,11
GW190719_215514-v1,L1,Reduced Planck Constant (J·s),8,12
GW190719_215514-v1,L1,Planck Mass (kg),8,13
GW190719_215514-v1,L1,Electron Mass (kg),8,14
GW190719_215514-v1,L1,Critical Density (kg/m^3),8,15
GW190719_215514-v1,L1,Tau Mass (kg),8,16
GW190719_215514-v1,L1,Baryon-to-Photon Ratio,8,17
GW190719_215514-v1,L1,Boltzmann Constant (J/K),8,18
GW190719_215514-v1,L1,Apéry’s Constant (zeta(3)),7,19
GW190719_215514-v1,L1,Fine-Structure Constant,7,20
GW190719_215514-v1,L1,Euler–Mascheroni Constant,6,21
GW190719_215514-v1,L1,Plastic Constant,6,22
GW190719_215514-v1,L1,Golden Ratio,4,23
GW190719_215514-v1,L1,Golden Ratio Conjugate,4,24
GW190719_215514-v1,L1,Square Root of 2,2,25
GW190719_215514-v1,L1,Khinchin’s Constant,1,26
GW190719_215514-v1,L1,Square Root of 3,1,27
GW190719_215514-v1,L1,Cosmic Microwave Background Temp (K),1,28
GW190719_215514-v1,L1,Euler’s Number,1,29
GW190719_215514-v1,L1,Speed of Light (m/s),0,30
GW190719_215514-v1,L1,Planck Temperature (K),0,31
GW190719_215514-v1,L1,Solar Radius (m),0,32
GW190719_215514-v1,L1,Square Root of 5,0,33
GW190719_215514-v1,L1,Solar Mass (kg),0,34
GW190719_215514-v1,L1,Hubble Constant (km/s/Mpc),0,35
GW190719_215514-v1,L1,Pi,0,36
GW190719_215514-v1,L1,Phi Squared,0,37
GW190719_215514-v1,L1,Parsec (m),0,38
GW190719_215514-v1,L1,Gas Constant R (J/(mol·K)),0,39
GW190719_215514-v1,L1,Feigenbaum Delta,0,40
GW190719_215514-v1,L1,Feigenbaum Alpha,0,41
GW190719_215514-v1,L1,Earth Radius (m),0,42
GW190719_215514-v1,L1,Earth Mass (kg),0,43
GW190719_215514-v1,L1,Coulomb Constant (N m^2 C^-2),0,44
GW190719_215514-v1,L1,Avogadro Constant (1/mol),0,45
GW190719_215514-v1,L1,Astronomical Unit (m),0,46
GW190719_215514-v1,L1,Two Pi,0,47
GW190719_215514-v2,H1,Golden Ratio Conjugate,73,1
GW190719_215514-v2,H1,Euler–Mascheroni Constant,56,2
GW190719_215514-v2,H1,Golden Ratio,49,3
GW190719_215514-v2,H1,Catalan’s Constant,43,4
GW190719_215514-v2,H1,Apéry’s Constant (zeta(3)),26,5
GW190719_215514-v2,H1,Plastic Constant,11,6
GW190719_215514-v2,H1,Phi Squared,5,7
GW190719_215514-v2,H1,Planck Time (s),4,8
GW190719_215514-v2,H1,Proton Mass (kg),4,9
GW190719_215514-v2,H1,Neutron Mass (kg),4,10
GW190719_215514-v2,H1,Muon Mass (kg),4,11
GW190719_215514-v2,H1,Khinchin’s Constant,4,12
GW190719_215514-v2,H1,Planck Charge (C),4,13
GW190719_215514-v2,H1,Gravitational Constant (m^3 kg^-1 s^-2),4,14
GW190719_215514-v2,H1,Planck Constant (J·s),4,15
GW190719_215514-v2,H1,Planck Length (m),4,16
GW190719_215514-v2,H1,Absolute Zero (K),4,17
GW190719_215514-v2,H1,Reduced Planck Constant (J·s),4,18
GW190719_215514-v2,H1,Elementary Charge (C),4,19
GW190719_215514-v2,H1,Electron Mass (kg),4,20
GW190719_215514-v2,H1,Critical Density (kg/m^3),4,21
GW190719_215514-v2,H1,Boltzmann Constant (J/K),4,22
GW190719_215514-v2,H1,Baryon-to-Photon Ratio,4,23
GW190719_215514-v2,H1,Tau Mass (kg),4,24
GW190719_215514-v2,H1,Planck Mass (kg),4,25
GW190719_215514-v2,H1,Fine-Structure Constant,3,26
GW190719_215514-v2,H1,Square Root of 2,3,27
GW190719_215514-v2,H1,Square Root of 5,3,28
GW190719_215514-v2,H1,Feigenbaum Alpha,1,29
GW190719_215514-v2,H1,Square Root of 3,1,30
GW190719_215514-v2,H1,Planck Temperature (K),0,31
GW190719_215514-v2,H1,Solar Mass (kg),0,32
GW190719_215514-v2,H1,Solar Radius (m),0,33
GW190719_215514-v2,H1,Speed of Light (m/s),0,34
GW190719_215514-v2,H1,Hubble Constant (km/s/Mpc),0,35
GW190719_215514-v2,H1,Pi,0,36
GW190719_215514-v2,H1,Parsec (m),0,37
GW190719_215514-v2,H1,Gas Constant R (J/(mol·K)),0,38
GW190719_215514-v2,H1,Feigenbaum Delta,0,39
GW190719_215514-v2,H1,Euler’s Number,0,40
GW190719_215514-v2,H1,Earth Radius (m),0,41
GW190719_215514-v2,H1,Earth Mass (kg),0,42
GW190719_215514-v2,H1,Coulomb Constant (N m^2 C^-2),0,43
GW190719_215514-v2,H1,Cosmic Microwave Background Temp (K),0,44
GW190719_215514-v2,H1,Avogadro Constant (1/mol),0,45
GW190719_215514-v2,H1,Astronomical Unit (m),0,46
GW190719_215514-v2,H1,Two Pi,0,47
GW190719_215514-v2,L1,Catalan’s Constant,61,1
GW190719_215514-v2,L1,Absolute Zero (K),8,2
GW190719_215514-v2,L1,Elementary Charge (C),8,3
GW190719_215514-v2,L1,Planck Length (m),8,4
GW190719_215514-v2,L1,Planck Constant (J·s),8,5
GW190719_215514-v2,L1,Planck Charge (C),8,6
GW190719_215514-v2,L1,Planck Time (s),8,7
GW190719_215514-v2,L1,Proton Mass (kg),8,8
GW190719_215514-v2,L1,Neutron Mass (kg),8,9
GW190719_215514-v2,L1,Muon Mass (kg),8,10
GW190719_215514-v2,L1,Gravitational Constant (m^3 kg^-1 s^-2),8,11
GW190719_215514-v2,L1,Reduced Planck Constant (J·s),8,12
GW190719_215514-v2,L1,Planck Mass (kg),8,13
GW190719_215514-v2,L1,Electron Mass (kg),8,14
GW190719_215514-v2,L1,Critical Density (kg/m^3),8,15
GW190719_215514-v2,L1,Tau Mass (kg),8,16
GW190719_215514-v2,L1,Baryon-to-Photon Ratio,8,17
GW190719_215514-v2,L1,Boltzmann Constant (J/K),8,18
GW190719_215514-v2,L1,Apéry’s Constant (zeta(3)),7,19
GW190719_215514-v2,L1,Fine-Structure Constant,7,20
GW190719_215514-v2,L1,Euler–Mascheroni Constant,6,21
GW190719_215514-v2,L1,Plastic Constant,6,22
GW190719_215514-v2,L1,Golden Ratio,4,23
GW190719_215514-v2,L1,Golden Ratio Conjugate,4,24
GW190719_215514-v2,L1,Square Root of 2,2,25
GW190719_215514-v2,L1,Khinchin’s Constant,1,26
GW190719_215514-v2,L1,Square Root of 3,1,27
GW190719_215514-v2,L1,Cosmic Microwave Background Temp (K),1,28
GW190719_215514-v2,L1,Euler’s Number,1,29
GW190719_215514-v2,L1,Speed of Light (m/s),0,30
GW190719_215514-v2,L1,Planck Temperature (K),0,31
GW190719_215514-v2,L1,Solar Radius (m),0,32
GW190719_215514-v2,L1,Square Root of 5,0,33
GW190719_215514-v2,L1,Solar Mass (kg),0,34
GW190719_215514-v2,L1,Hubble Constant (km/s/Mpc),0,35
GW190719_215514-v2,L1,Pi,0,36
GW190719_215514-v2,L1,Phi Squared,0,37
GW190719_215514-v2,L1,Parsec (m),0,38
GW190719_215514-v2,L1,Gas Constant R (J/(mol·K)),0,39
GW190719_215514-v2,L1,Feigenbaum Delta,0,40
GW190719_215514-v2,L1,Feigenbaum Alpha,0,41
GW190719_215514-v2,L1,Earth Radius (m),0,42
GW190719_215514-v2,L1,Earth Mass (kg),0,43
GW190719_215514-v2,L1,Coulomb Constant (N m^2 C^-2),0,44
GW190719_215514-v2,L1,Avogadro Constant (1/mol),0,45
GW190719_215514-v2,L1,Astronomical Unit (m),0,46
GW190719_215514-v2,L1,Two Pi,0,47
GW190720_000836-v1,H1,Golden Ratio Conjugate,63,1
GW190720_000836-v1,H1,Catalan’s Constant,58,2
GW190720_000836-v1,H1,Golden Ratio,49,3
GW190720_000836-v1,H1,Euler–Mascheroni Constant,47,4
GW190720_000836-v1,H1,Apéry’s Constant (zeta(3)),18,5
GW190720_000836-v1,H1,Plastic Constant,12,6
GW190720_000836-v1,H1,Absolute Zero (K),4,7
GW190720_000836-v1,H1,Planck Time (s),4,8
GW190720_000836-v1,H1,Planck Length (m),4,9
GW190720_000836-v1,H1,Planck Constant (J·s),4,10
GW190720_000836-v1,H1,Planck Charge (C),4,11
GW190720_000836-v1,H1,Neutron Mass (kg),4,12
GW190720_000836-v1,H1,Muon Mass (kg),4,13
GW190720_000836-v1,H1,Gravitational Constant (m^3 kg^-1 s^-2),4,14
GW190720_000836-v1,H1,Proton Mass (kg),4,15
GW190720_000836-v1,H1,Fine-Structure Constant,4,16
GW190720_000836-v1,H1,Reduced Planck Constant (J·s),4,17
GW190720_000836-v1,H1,Planck Mass (kg),4,18
GW190720_000836-v1,H1,Boltzmann Constant (J/K),4,19
GW190720_000836-v1,H1,Elementary Charge (C),4,20
GW190720_000836-v1,H1,Electron Mass (kg),4,21
GW190720_000836-v1,H1,Tau Mass (kg),4,22
GW190720_000836-v1,H1,Baryon-to-Photon Ratio,4,23
GW190720_000836-v1,H1,Critical Density (kg/m^3),4,24
GW190720_000836-v1,H1,Square Root of 2,3,25
GW190720_000836-v1,H1,Khinchin’s Constant,2,26
GW190720_000836-v1,H1,Phi Squared,2,27
GW190720_000836-v1,H1,Feigenbaum Alpha,2,28
GW190720_000836-v1,H1,Pi,1,29
GW190720_000836-v1,H1,Square Root of 5,1,30
GW190720_000836-v1,H1,Solar Mass (kg),0,31
GW190720_000836-v1,H1,Square Root of 3,0,32
GW190720_000836-v1,H1,Speed of Light (m/s),0,33
GW190720_000836-v1,H1,Solar Radius (m),0,34
GW190720_000836-v1,H1,Hubble Constant (km/s/Mpc),0,35
GW190720_000836-v1,H1,Planck Temperature (K),0,36
GW190720_000836-v1,H1,Parsec (m),0,37
GW190720_000836-v1,H1,Gas Constant R (J/(mol·K)),0,38
GW190720_000836-v1,H1,Feigenbaum Delta,0,39
GW190720_000836-v1,H1,Euler’s Number,0,40
GW190720_000836-v1,H1,Earth Radius (m),0,41
GW190720_000836-v1,H1,Earth Mass (kg),0,42
GW190720_000836-v1,H1,Coulomb Constant (N m^2 C^-2),0,43
GW190720_000836-v1,H1,Cosmic Microwave Background Temp (K),0,44
GW190720_000836-v1,H1,Avogadro Constant (1/mol),0,45
GW190720_000836-v1,H1,Astronomical Unit (m),0,46
GW190720_000836-v1,H1,Two Pi,0,47
GW190720_000836-v1,L1,Catalan’s Constant,61,1
GW190720_000836-v1,L1,Golden Ratio Conjugate,16,2
GW190720_000836-v1,L1,Golden Ratio,16,3
GW190720_000836-v1,L1,Euler–Mascheroni Constant,16,4
GW190720_000836-v1,L1,Apéry’s Constant (zeta(3)),13,5
GW190720_000836-v1,L1,Plastic Constant,8,6
GW190720_000836-v1,L1,Absolute Zero (K),6,7
GW190720_000836-v1,L1,Reduced Planck Constant (J·s),6,8
GW190720_000836-v1,L1,Planck Length (m),6,9
GW190720_000836-v1,L1,Planck Mass (kg),6,10
GW190720_000836-v1,L1,Neutron Mass (kg),6,11
GW190720_000836-v1,L1,Muon Mass (kg),6,12
GW190720_000836-v1,L1,Planck Time (s),6,13
GW190720_000836-v1,L1,Gravitational Constant (m^3 kg^-1 s^-2),6,14
GW190720_000836-v1,L1,Proton Mass (kg),6,15
GW190720_000836-v1,L1,Planck Charge (C),6,16
GW190720_000836-v1,L1,Planck Constant (J·s),6,17
GW190720_000836-v1,L1,Elementary Charge (C),6,18
GW190720_000836-v1,L1,Electron Mass (kg),6,19
GW190720_000836-v1,L1,Critical Density (kg/m^3),6,20
GW190720_000836-v1,L1,Boltzmann Constant (J/K),6,21
GW190720_000836-v1,L1,Baryon-to-Photon Ratio,6,22
GW190720_000836-v1,L1,Tau Mass (kg),6,23
GW190720_000836-v1,L1,Fine-Structure Constant,5,24
GW190720_000836-v1,L1,Square Root of 3,2,25
GW190720_000836-v1,L1,Square Root of 2,1,26
GW190720_000836-v1,L1,Solar Radius (m),0,27
GW190720_000836-v1,L1,Speed of Light (m/s),0,28
GW190720_000836-v1,L1,Planck Temperature (K),0,29
GW190720_000836-v1,L1,Square Root of 5,0,30
GW190720_000836-v1,L1,Solar Mass (kg),0,31
GW190720_000836-v1,L1,Hubble Constant (km/s/Mpc),0,32
GW190720_000836-v1,L1,Pi,0,33
GW190720_000836-v1,L1,Phi Squared,0,34
GW190720_000836-v1,L1,Parsec (m),0,35
GW190720_000836-v1,L1,Khinchin’s Constant,0,36
GW190720_000836-v1,L1,Gas Constant R (J/(mol·K)),0,37
GW190720_000836-v1,L1,Feigenbaum Delta,0,38
GW190720_000836-v1,L1,Feigenbaum Alpha,0,39
GW190720_000836-v1,L1,Euler’s Number,0,40
GW190720_000836-v1,L1,Earth Radius (m),0,41
GW190720_000836-v1,L1,Earth Mass (kg),0,42
GW190720_000836-v1,L1,Coulomb Constant (N m^2 C^-2),0,43
GW190720_000836-v1,L1,Cosmic Microwave Background Temp (K),0,44
GW190720_000836-v1,L1,Avogadro Constant (1/mol),0,45
GW190720_000836-v1,L1,Astronomical Unit (m),0,46
GW190720_000836-v1,L1,Two Pi,0,47
GW190720_000836-v2,H1,Golden Ratio Conjugate,63,1
GW190720_000836-v2,H1,Catalan’s Constant,58,2
GW190720_000836-v2,H1,Golden Ratio,49,3
GW190720_000836-v2,H1,Euler–Mascheroni Constant,47,4
GW190720_000836-v2,H1,Apéry’s Constant (zeta(3)),18,5
GW190720_000836-v2,H1,Plastic Constant,12,6
GW190720_000836-v2,H1,Absolute Zero (K),4,7
GW190720_000836-v2,H1,Planck Time (s),4,8
GW190720_000836-v2,H1,Planck Length (m),4,9
GW190720_000836-v2,H1,Planck Constant (J·s),4,10
GW190720_000836-v2,H1,Planck Charge (C),4,11
GW190720_000836-v2,H1,Neutron Mass (kg),4,12
GW190720_000836-v2,H1,Muon Mass (kg),4,13
GW190720_000836-v2,H1,Gravitational Constant (m^3 kg^-1 s^-2),4,14
GW190720_000836-v2,H1,Proton Mass (kg),4,15
GW190720_000836-v2,H1,Fine-Structure Constant,4,16
GW190720_000836-v2,H1,Reduced Planck Constant (J·s),4,17
GW190720_000836-v2,H1,Planck Mass (kg),4,18
GW190720_000836-v2,H1,Boltzmann Constant (J/K),4,19
GW190720_000836-v2,H1,Elementary Charge (C),4,20
GW190720_000836-v2,H1,Electron Mass (kg),4,21
GW190720_000836-v2,H1,Tau Mass (kg),4,22
GW190720_000836-v2,H1,Baryon-to-Photon Ratio,4,23
GW190720_000836-v2,H1,Critical Density (kg/m^3),4,24
GW190720_000836-v2,H1,Square Root of 2,3,25
GW190720_000836-v2,H1,Khinchin’s Constant,2,26
GW190720_000836-v2,H1,Phi Squared,2,27
GW190720_000836-v2,H1,Feigenbaum Alpha,2,28
GW190720_000836-v2,H1,Pi,1,29
GW190720_000836-v2,H1,Square Root of 5,1,30
GW190720_000836-v2,H1,Solar Mass (kg),0,31
GW190720_000836-v2,H1,Square Root of 3,0,32
GW190720_000836-v2,H1,Speed of Light (m/s),0,33
GW190720_000836-v2,H1,Solar Radius (m),0,34
GW190720_000836-v2,H1,Hubble Constant (km/s/Mpc),0,35
GW190720_000836-v2,H1,Planck Temperature (K),0,36
GW190720_000836-v2,H1,Parsec (m),0,37
GW190720_000836-v2,H1,Gas Constant R (J/(mol·K)),0,38
GW190720_000836-v2,H1,Feigenbaum Delta,0,39
GW190720_000836-v2,H1,Euler’s Number,0,40
GW190720_000836-v2,H1,Earth Radius (m),0,41
GW190720_000836-v2,H1,Earth Mass (kg),0,42
GW190720_000836-v2,H1,Coulomb Constant (N m^2 C^-2),0,43
GW190720_000836-v2,H1,Cosmic Microwave Background Temp (K),0,44
GW190720_000836-v2,H1,Avogadro Constant (1/mol),0,45
GW190720_000836-v2,H1,Astronomical Unit (m),0,46
GW190720_000836-v2,H1,Two Pi,0,47
GW190720_000836-v2,L1,Catalan’s Constant,61,1
GW190720_000836-v2,L1,Golden Ratio Conjugate,16,2
GW190720_000836-v2,L1,Golden Ratio,16,3
GW190720_000836-v2,L1,Euler–Mascheroni Constant,16,4
GW190720_000836-v2,L1,Apéry’s Constant (zeta(3)),13,5
GW190720_000836-v2,L1,Plastic Constant,8,6
GW190720_000836-v2,L1,Absolute Zero (K),6,7
GW190720_000836-v2,L1,Reduced Planck Constant (J·s),6,8
GW190720_000836-v2,L1,Planck Length (m),6,9
GW190720_000836-v2,L1,Planck Mass (kg),6,10
GW190720_000836-v2,L1,Neutron Mass (kg),6,11
GW190720_000836-v2,L1,Muon Mass (kg),6,12
GW190720_000836-v2,L1,Planck Time (s),6,13
GW190720_000836-v2,L1,Gravitational Constant (m^3 kg^-1 s^-2),6,14
GW190720_000836-v2,L1,Proton Mass (kg),6,15
GW190720_000836-v2,L1,Planck Charge (C),6,16
GW190720_000836-v2,L1,Planck Constant (J·s),6,17
GW190720_000836-v2,L1,Elementary Charge (C),6,18
GW190720_000836-v2,L1,Electron Mass (kg),6,19
GW190720_000836-v2,L1,Critical Density (kg/m^3),6,20
GW190720_000836-v2,L1,Boltzmann Constant (J/K),6,21
GW190720_000836-v2,L1,Baryon-to-Photon Ratio,6,22
GW190720_000836-v2,L1,Tau Mass (kg),6,23
GW190720_000836-v2,L1,Fine-Structure Constant,5,24
GW190720_000836-v2,L1,Square Root of 3,2,25
GW190720_000836-v2,L1,Square Root of 2,1,26
GW190720_000836-v2,L1,Solar Radius (m),0,27
GW190720_000836-v2,L1,Speed of Light (m/s),0,28
GW190720_000836-v2,L1,Planck Temperature (K),0,29
GW190720_000836-v2,L1,Square Root of 5,0,30
GW190720_000836-v2,L1,Solar Mass (kg),0,31
GW190720_000836-v2,L1,Hubble Constant (km/s/Mpc),0,32
GW190720_000836-v2,L1,Pi,0,33
GW190720_000836-v2,L1,Phi Squared,0,34
GW190720_000836-v2,L1,Parsec (m),0,35
GW190720_000836-v2,L1,Khinchin’s Constant,0,36
GW190720_000836-v2,L1,Gas Constant R (J/(mol·K)),0,37
GW190720_000836-v2,L1,Feigenbaum Delta,0,38
GW190720_000836-v2,L1,Feigenbaum Alpha,0,39
GW190720_000836-v2,L1,Euler’s Number,0,40
GW190720_000836-v2,L1,Earth Radius (m),0,41
GW190720_000836-v2,L1,Earth Mass (kg),0,42
GW190720_000836-v2,L1,Coulomb Constant (N m^2 C^-2),0,43
GW190720_000836-v2,L1,Cosmic Microwave Background Temp (K),0,44
GW190720_000836-v2,L1,Avogadro Constant (1/mol),0,45
GW190720_000836-v2,L1,Astronomical Unit (m),0,46
GW190720_000836-v2,L1,Two Pi,0,47
GW190725_174728-v1,H1,Catalan’s Constant,101,1
GW190725_174728-v1,H1,Apéry’s Constant (zeta(3)),94,2
GW190725_174728-v1,H1,Golden Ratio Conjugate,40,3
GW190725_174728-v1,H1,Euler–Mascheroni Constant,33,4
GW190725_174728-v1,H1,Golden Ratio,30,5
GW190725_174728-v1,H1,Plastic Constant,17,6
GW190725_174728-v1,H1,Absolute Zero (K),16,7
GW190725_174728-v1,H1,Proton Mass (kg),16,8
GW190725_174728-v1,H1,Planck Mass (kg),16,9
GW190725_174728-v1,H1,Planck Length (m),16,10
GW190725_174728-v1,H1,Planck Constant (J·s),16,11
GW190725_174728-v1,H1,Planck Charge (C),16,12
GW190725_174728-v1,H1,Reduced Planck Constant (J·s),16,13
GW190725_174728-v1,H1,Neutron Mass (kg),16,14
GW190725_174728-v1,H1,Muon Mass (kg),16,15
GW190725_174728-v1,H1,Gravitational Constant (m^3 kg^-1 s^-2),16,16
GW190725_174728-v1,H1,Planck Time (s),16,17
GW190725_174728-v1,H1,Critical Density (kg/m^3),16,18
GW190725_174728-v1,H1,Boltzmann Constant (J/K),16,19
GW190725_174728-v1,H1,Tau Mass (kg),16,20
GW190725_174728-v1,H1,Baryon-to-Photon Ratio,16,21
GW190725_174728-v1,H1,Elementary Charge (C),16,22
GW190725_174728-v1,H1,Electron Mass (kg),16,23
GW190725_174728-v1,H1,Fine-Structure Constant,15,24
GW190725_174728-v1,H1,Square Root of 2,11,25
GW190725_174728-v1,H1,Square Root of 3,4,26
GW190725_174728-v1,H1,Khinchin’s Constant,2,27
GW190725_174728-v1,H1,Cosmic Microwave Background Temp (K),2,28
GW190725_174728-v1,H1,Euler’s Number,2,29
GW190725_174728-v1,H1,Phi Squared,1,30
GW190725_174728-v1,H1,Pi,1,31
GW190725_174728-v1,H1,Square Root of 5,1,32
GW190725_174728-v1,H1,Feigenbaum Delta,1,33
GW190725_174728-v1,H1,Solar Radius (m),0,34
GW190725_174728-v1,H1,Speed of Light (m/s),0,35
GW190725_174728-v1,H1,Solar Mass (kg),0,36
GW190725_174728-v1,H1,Hubble Constant (km/s/Mpc),0,37
GW190725_174728-v1,H1,Planck Temperature (K),0,38
GW190725_174728-v1,H1,Parsec (m),0,39
GW190725_174728-v1,H1,Gas Constant R (J/(mol·K)),0,40
GW190725_174728-v1,H1,Feigenbaum Alpha,0,41
GW190725_174728-v1,H1,Earth Radius (m),0,42
GW190725_174728-v1,H1,Earth Mass (kg),0,43
GW190725_174728-v1,H1,Coulomb Constant (N m^2 C^-2),0,44
GW190725_174728-v1,H1,Avogadro Constant (1/mol),0,45
GW190725_174728-v1,H1,Astronomical Unit (m),0,46
GW190725_174728-v1,H1,Two Pi,0,47
GW190725_174728-v1,L1,Catalan’s Constant,59,1
GW190725_174728-v1,L1,Golden Ratio Conjugate,33,2
GW190725_174728-v1,L1,Euler–Mascheroni Constant,32,3
GW190725_174728-v1,L1,Golden Ratio,30,4
GW190725_174728-v1,L1,Apéry’s Constant (zeta(3)),15,5
GW190725_174728-v1,L1,Absolute Zero (K),9,6
GW190725_174728-v1,L1,Reduced Planck Constant (J·s),9,7
GW190725_174728-v1,L1,Planck Length (m),9,8
GW190725_174728-v1,L1,Planck Constant (J·s),9,9
GW190725_174728-v1,L1,Planck Charge (C),9,10
GW190725_174728-v1,L1,Planck Time (s),9,11
GW190725_174728-v1,L1,Plastic Constant,9,12
GW190725_174728-v1,L1,Neutron Mass (kg),9,13
GW190725_174728-v1,L1,Muon Mass (kg),9,14
GW190725_174728-v1,L1,Gravitational Constant (m^3 kg^-1 s^-2),9,15
GW190725_174728-v1,L1,Fine-Structure Constant,9,16
GW190725_174728-v1,L1,Proton Mass (kg),9,17
GW190725_174728-v1,L1,Critical Density (kg/m^3),9,18
GW190725_174728-v1,L1,Boltzmann Constant (J/K),9,19
GW190725_174728-v1,L1,Tau Mass (kg),9,20
GW190725_174728-v1,L1,Baryon-to-Photon Ratio,9,21
GW190725_174728-v1,L1,Planck Mass (kg),9,22
GW190725_174728-v1,L1,Electron Mass (kg),9,23
GW190725_174728-v1,L1,Elementary Charge (C),9,24
GW190725_174728-v1,L1,Square Root of 2,3,25
GW190725_174728-v1,L1,Khinchin’s Constant,1,26
GW190725_174728-v1,L1,Square Root of 3,1,27
GW190725_174728-v1,L1,Phi Squared,1,28
GW190725_174728-v1,L1,Gas Constant R (J/(mol·K)),1,29
GW190725_174728-v1,L1,Solar Radius (m),0,30
GW190725_174728-v1,L1,Speed of Light (m/s),0,31
GW190725_174728-v1,L1,Solar Mass (kg),0,32
GW190725_174728-v1,L1,Square Root of 5,0,33
GW190725_174728-v1,L1,Planck Temperature (K),0,34
GW190725_174728-v1,L1,Hubble Constant (km/s/Mpc),0,35
GW190725_174728-v1,L1,Pi,0,36
GW190725_174728-v1,L1,Parsec (m),0,37
GW190725_174728-v1,L1,Feigenbaum Delta,0,38
GW190725_174728-v1,L1,Feigenbaum Alpha,0,39
GW190725_174728-v1,L1,Euler’s Number,0,40
GW190725_174728-v1,L1,Earth Radius (m),0,41
GW190725_174728-v1,L1,Earth Mass (kg),0,42
GW190725_174728-v1,L1,Coulomb Constant (N m^2 C^-2),0,43
GW190725_174728-v1,L1,Cosmic Microwave Background Temp (K),0,44
GW190725_174728-v1,L1,Avogadro Constant (1/mol),0,45
GW190725_174728-v1,L1,Astronomical Unit (m),0,46
GW190725_174728-v1,L1,Two Pi,0,47
GW190727_060333-v1,H1,Catalan’s Constant,79,1
GW190727_060333-v1,H1,Apéry’s Constant (zeta(3)),74,2
GW190727_060333-v1,H1,Golden Ratio Conjugate,47,3
GW190727_060333-v1,H1,Euler–Mascheroni Constant,36,4
GW190727_060333-v1,H1,Golden Ratio,31,5
GW190727_060333-v1,H1,Plastic Constant,13,6
GW190727_060333-v1,H1,Square Root of 2,9,7
GW190727_060333-v1,H1,Planck Charge (C),6,8
GW190727_060333-v1,H1,Proton Mass (kg),6,9
GW190727_060333-v1,H1,Fine-Structure Constant,6,10
GW190727_060333-v1,H1,Muon Mass (kg),6,11
GW190727_060333-v1,H1,Reduced Planck Constant (J·s),6,12
GW190727_060333-v1,H1,Planck Constant (J·s),6,13
GW190727_060333-v1,H1,Gravitational Constant (m^3 kg^-1 s^-2),6,14
GW190727_060333-v1,H1,Planck Length (m),6,15
GW190727_060333-v1,H1,Planck Mass (kg),6,16
GW190727_060333-v1,H1,Neutron Mass (kg),6,17
GW190727_060333-v1,H1,Absolute Zero (K),6,18
GW190727_060333-v1,H1,Planck Time (s),6,19
GW190727_060333-v1,H1,Tau Mass (kg),6,20
GW190727_060333-v1,H1,Elementary Charge (C),6,21
GW190727_060333-v1,H1,Electron Mass (kg),6,22
GW190727_060333-v1,H1,Baryon-to-Photon Ratio,6,23
GW190727_060333-v1,H1,Critical Density (kg/m^3),6,24
GW190727_060333-v1,H1,Boltzmann Constant (J/K),6,25
GW190727_060333-v1,H1,Feigenbaum Alpha,3,26
GW190727_060333-v1,H1,Phi Squared,2,27
GW190727_060333-v1,H1,Square Root of 3,2,28
GW190727_060333-v1,H1,Cosmic Microwave Background Temp (K),1,29
GW190727_060333-v1,H1,Pi,1,30
GW190727_060333-v1,H1,Square Root of 5,1,31
GW190727_060333-v1,H1,Euler’s Number,1,32
GW190727_060333-v1,H1,Solar Mass (kg),0,33
GW190727_060333-v1,H1,Speed of Light (m/s),0,34
GW190727_060333-v1,H1,Solar Radius (m),0,35
GW190727_060333-v1,H1,Hubble Constant (km/s/Mpc),0,36
GW190727_060333-v1,H1,Planck Temperature (K),0,37
GW190727_060333-v1,H1,Parsec (m),0,38
GW190727_060333-v1,H1,Khinchin’s Constant,0,39
GW190727_060333-v1,H1,Gas Constant R (J/(mol·K)),0,40
GW190727_060333-v1,H1,Feigenbaum Delta,0,41
GW190727_060333-v1,H1,Earth Radius (m),0,42
GW190727_060333-v1,H1,Earth Mass (kg),0,43
GW190727_060333-v1,H1,Coulomb Constant (N m^2 C^-2),0,44
GW190727_060333-v1,H1,Avogadro Constant (1/mol),0,45
GW190727_060333-v1,H1,Astronomical Unit (m),0,46
GW190727_060333-v1,H1,Two Pi,0,47
GW190727_060333-v1,L1,Catalan’s Constant,57,1
GW190727_060333-v1,L1,Golden Ratio Conjugate,53,2
GW190727_060333-v1,L1,Euler–Mascheroni Constant,48,3
GW190727_060333-v1,L1,Golden Ratio,44,4
GW190727_060333-v1,L1,Absolute Zero (K),12,5
GW190727_060333-v1,L1,Planck Constant (J·s),12,6
GW190727_060333-v1,L1,Planck Length (m),12,7
GW190727_060333-v1,L1,Planck Mass (kg),12,8
GW190727_060333-v1,L1,Neutron Mass (kg),12,9
GW190727_060333-v1,L1,Muon Mass (kg),12,10
GW190727_060333-v1,L1,Planck Time (s),12,11
GW190727_060333-v1,L1,Apéry’s Constant (zeta(3)),12,12
GW190727_060333-v1,L1,Gravitational Constant (m^3 kg^-1 s^-2),12,13
GW190727_060333-v1,L1,Proton Mass (kg),12,14
GW190727_060333-v1,L1,Reduced Planck Constant (J·s),12,15
GW190727_060333-v1,L1,Planck Charge (C),12,16
GW190727_060333-v1,L1,Elementary Charge (C),12,17
GW190727_060333-v1,L1,Electron Mass (kg),12,18
GW190727_060333-v1,L1,Critical Density (kg/m^3),12,19
GW190727_060333-v1,L1,Boltzmann Constant (J/K),12,20
GW190727_060333-v1,L1,Baryon-to-Photon Ratio,12,21
GW190727_060333-v1,L1,Tau Mass (kg),12,22
GW190727_060333-v1,L1,Fine-Structure Constant,10,23
GW190727_060333-v1,L1,Plastic Constant,4,24
GW190727_060333-v1,L1,Square Root of 2,4,25
GW190727_060333-v1,L1,Square Root of 3,1,26
GW190727_060333-v1,L1,Solar Radius (m),0,27
GW190727_060333-v1,L1,Speed of Light (m/s),0,28
GW190727_060333-v1,L1,Planck Temperature (K),0,29
GW190727_060333-v1,L1,Square Root of 5,0,30
GW190727_060333-v1,L1,Solar Mass (kg),0,31
GW190727_060333-v1,L1,Hubble Constant (km/s/Mpc),0,32
GW190727_060333-v1,L1,Pi,0,33
GW190727_060333-v1,L1,Phi Squared,0,34
GW190727_060333-v1,L1,Parsec (m),0,35
GW190727_060333-v1,L1,Khinchin’s Constant,0,36
GW190727_060333-v1,L1,Gas Constant R (J/(mol·K)),0,37
GW190727_060333-v1,L1,Feigenbaum Delta,0,38
GW190727_060333-v1,L1,Feigenbaum Alpha,0,39
GW190727_060333-v1,L1,Euler’s Number,0,40
GW190727_060333-v1,L1,Earth Radius (m),0,41
GW190727_060333-v1,L1,Earth Mass (kg),0,42
GW190727_060333-v1,L1,Coulomb Constant (N m^2 C^-2),0,43
GW190727_060333-v1,L1,Cosmic Microwave Background Temp (K),0,44
GW190727_060333-v1,L1,Avogadro Constant (1/mol),0,45
GW190727_060333-v1,L1,Astronomical Unit (m),0,46
GW190727_060333-v1,L1,Two Pi,0,47
GW190727_060333-v2,H1,Apéry’s Constant (zeta(3)),99,1
GW190727_060333-v2,H1,Catalan’s Constant,80,2
GW190727_060333-v2,H1,Golden Ratio Conjugate,39,3
GW190727_060333-v2,H1,Euler–Mascheroni Constant,30,4
GW190727_060333-v2,H1,Golden Ratio,29,5
GW190727_060333-v2,H1,Plastic Constant,21,6
GW190727_060333-v2,H1,Square Root of 2,10,7
GW190727_060333-v2,H1,Absolute Zero (K),3,8
GW190727_060333-v2,H1,Muon Mass (kg),3,9
GW190727_060333-v2,H1,Gravitational Constant (m^3 kg^-1 s^-2),3,10
GW190727_060333-v2,H1,Neutron Mass (kg),3,11
GW190727_060333-v2,H1,Fine-Structure Constant,3,12
GW190727_060333-v2,H1,Planck Time (s),3,13
GW190727_060333-v2,H1,Phi Squared,3,14
GW190727_060333-v2,H1,Planck Charge (C),3,15
GW190727_060333-v2,H1,Planck Constant (J·s),3,16
GW190727_060333-v2,H1,Planck Length (m),3,17
GW190727_060333-v2,H1,Proton Mass (kg),3,18
GW190727_060333-v2,H1,Reduced Planck Constant (J·s),3,19
GW190727_060333-v2,H1,Elementary Charge (C),3,20
GW190727_060333-v2,H1,Electron Mass (kg),3,21
GW190727_060333-v2,H1,Critical Density (kg/m^3),3,22
GW190727_060333-v2,H1,Boltzmann Constant (J/K),3,23
GW190727_060333-v2,H1,Baryon-to-Photon Ratio,3,24
GW190727_060333-v2,H1,Tau Mass (kg),3,25
GW190727_060333-v2,H1,Planck Mass (kg),3,26
GW190727_060333-v2,H1,Square Root of 3,2,27
GW190727_060333-v2,H1,Feigenbaum Alpha,1,28
GW190727_060333-v2,H1,Pi,1,29
GW190727_060333-v2,H1,Square Root of 5,1,30
GW190727_060333-v2,H1,Planck Temperature (K),0,31
GW190727_060333-v2,H1,Solar Mass (kg),0,32
GW190727_060333-v2,H1,Solar Radius (m),0,33
GW190727_060333-v2,H1,Speed of Light (m/s),0,34
GW190727_060333-v2,H1,Hubble Constant (km/s/Mpc),0,35
GW190727_060333-v2,H1,Parsec (m),0,36
GW190727_060333-v2,H1,Khinchin’s Constant,0,37
GW190727_060333-v2,H1,Gas Constant R (J/(mol·K)),0,38
GW190727_060333-v2,H1,Feigenbaum Delta,0,39
GW190727_060333-v2,H1,Euler’s Number,0,40
GW190727_060333-v2,H1,Earth Radius (m),0,41
GW190727_060333-v2,H1,Earth Mass (kg),0,42
GW190727_060333-v2,H1,Coulomb Constant (N m^2 C^-2),0,43
GW190727_060333-v2,H1,Cosmic Microwave Background Temp (K),0,44
GW190727_060333-v2,H1,Avogadro Constant (1/mol),0,45
GW190727_060333-v2,H1,Astronomical Unit (m),0,46
GW190727_060333-v2,H1,Two Pi,0,47
GW190727_060333-v2,L1,Catalan’s Constant,53,1
GW190727_060333-v2,L1,Golden Ratio Conjugate,37,2
GW190727_060333-v2,L1,Euler–Mascheroni Constant,34,3
GW190727_060333-v2,L1,Golden Ratio,28,4
GW190727_060333-v2,L1,Apéry’s Constant (zeta(3)),15,5
GW190727_060333-v2,L1,Plastic Constant,8,6
GW190727_060333-v2,L1,Absolute Zero (K),4,7
GW190727_060333-v2,L1,Reduced Planck Constant (J·s),4,8
GW190727_060333-v2,L1,Planck Length (m),4,9
GW190727_060333-v2,L1,Planck Mass (kg),4,10
GW190727_060333-v2,L1,Neutron Mass (kg),4,11
GW190727_060333-v2,L1,Muon Mass (kg),4,12
GW190727_060333-v2,L1,Planck Time (s),4,13
GW190727_060333-v2,L1,Gravitational Constant (m^3 kg^-1 s^-2),4,14
GW190727_060333-v2,L1,Fine-Structure Constant,4,15
GW190727_060333-v2,L1,Proton Mass (kg),4,16
GW190727_060333-v2,L1,Planck Charge (C),4,17
GW190727_060333-v2,L1,Planck Constant (J·s),4,18
GW190727_060333-v2,L1,Elementary Charge (C),4,19
GW190727_060333-v2,L1,Electron Mass (kg),4,20
GW190727_060333-v2,L1,Critical Density (kg/m^3),4,21
GW190727_060333-v2,L1,Boltzmann Constant (J/K),4,22
GW190727_060333-v2,L1,Baryon-to-Photon Ratio,4,23
GW190727_060333-v2,L1,Tau Mass (kg),4,24
GW190727_060333-v2,L1,Square Root of 2,3,25
GW190727_060333-v2,L1,Square Root of 5,1,26
GW190727_060333-v2,L1,Solar Radius (m),0,27
GW190727_060333-v2,L1,Speed of Light (m/s),0,28
GW190727_060333-v2,L1,Square Root of 3,0,29
GW190727_060333-v2,L1,Planck Temperature (K),0,30
GW190727_060333-v2,L1,Solar Mass (kg),0,31
GW190727_060333-v2,L1,Hubble Constant (km/s/Mpc),0,32
GW190727_060333-v2,L1,Pi,0,33
GW190727_060333-v2,L1,Phi Squared,0,34
GW190727_060333-v2,L1,Parsec (m),0,35
GW190727_060333-v2,L1,Khinchin’s Constant,0,36
GW190727_060333-v2,L1,Gas Constant R (J/(mol·K)),0,37
GW190727_060333-v2,L1,Feigenbaum Delta,0,38
GW190727_060333-v2,L1,Feigenbaum Alpha,0,39
GW190727_060333-v2,L1,Euler’s Number,0,40
GW190727_060333-v2,L1,Earth Radius (m),0,41
GW190727_060333-v2,L1,Earth Mass (kg),0,42
GW190727_060333-v2,L1,Coulomb Constant (N m^2 C^-2),0,43
GW190727_060333-v2,L1,Cosmic Microwave Background Temp (K),0,44
GW190727_060333-v2,L1,Avogadro Constant (1/mol),0,45
GW190727_060333-v2,L1,Astronomical Unit (m),0,46
GW190727_060333-v2,L1,Two Pi,0,47
GW190728_064510-v1,H1,Catalan’s Constant,123,1
GW190728_064510-v1,H1,Apéry’s Constant (zeta(3)),91,2
GW190728_064510-v1,H1,Golden Ratio Conjugate,28,3
GW190728_064510-v1,H1,Plastic Constant,19,4
GW190728_064510-v1,H1,Euler–Mascheroni Constant,17,5
GW190728_064510-v1,H1,Golden Ratio,16,6
GW190728_064510-v1,H1,Fine-Structure Constant,10,7
GW190728_064510-v1,H1,Proton Mass (kg),9,8
GW190728_064510-v1,H1,Planck Mass (kg),9,9
GW190728_064510-v1,H1,Planck Length (m),9,10
GW190728_064510-v1,H1,Planck Constant (J·s),9,11
GW190728_064510-v1,H1,Planck Charge (C),9,12
GW190728_064510-v1,H1,Reduced Planck Constant (J·s),9,13
GW190728_064510-v1,H1,Neutron Mass (kg),9,14
GW190728_064510-v1,H1,Muon Mass (kg),9,15
GW190728_064510-v1,H1,Gravitational Constant (m^3 kg^-1 s^-2),9,16
GW190728_064510-v1,H1,Absolute Zero (K),9,17
GW190728_064510-v1,H1,Critical Density (kg/m^3),9,18
GW190728_064510-v1,H1,Square Root of 2,9,19
GW190728_064510-v1,H1,Tau Mass (kg),9,20
GW190728_064510-v1,H1,Baryon-to-Photon Ratio,9,21
GW190728_064510-v1,H1,Boltzmann Constant (J/K),9,22
GW190728_064510-v1,H1,Planck Time (s),9,23
GW190728_064510-v1,H1,Electron Mass (kg),9,24
GW190728_064510-v1,H1,Elementary Charge (C),9,25
GW190728_064510-v1,H1,Square Root of 3,3,26
GW190728_064510-v1,H1,Pi,3,27
GW190728_064510-v1,H1,Square Root of 5,3,28
GW190728_064510-v1,H1,Feigenbaum Alpha,2,29
GW190728_064510-v1,H1,Phi Squared,1,30
GW190728_064510-v1,H1,Cosmic Microwave Background Temp (K),1,31
GW190728_064510-v1,H1,Euler’s Number,1,32
GW190728_064510-v1,H1,Feigenbaum Delta,1,33
GW190728_064510-v1,H1,Speed of Light (m/s),0,34
GW190728_064510-v1,H1,Solar Mass (kg),0,35
GW190728_064510-v1,H1,Solar Radius (m),0,36
GW190728_064510-v1,H1,Hubble Constant (km/s/Mpc),0,37
GW190728_064510-v1,H1,Planck Temperature (K),0,38
GW190728_064510-v1,H1,Parsec (m),0,39
GW190728_064510-v1,H1,Khinchin’s Constant,0,40
GW190728_064510-v1,H1,Gas Constant R (J/(mol·K)),0,41
GW190728_064510-v1,H1,Earth Radius (m),0,42
GW190728_064510-v1,H1,Earth Mass (kg),0,43
GW190728_064510-v1,H1,Coulomb Constant (N m^2 C^-2),0,44
GW190728_064510-v1,H1,Avogadro Constant (1/mol),0,45
GW190728_064510-v1,H1,Astronomical Unit (m),0,46
GW190728_064510-v1,H1,Two Pi,0,47
GW190728_064510-v1,L1,Golden Ratio Conjugate,77,1
GW190728_064510-v1,L1,Euler–Mascheroni Constant,74,2
GW190728_064510-v1,L1,Golden Ratio,73,3
GW190728_064510-v1,L1,Catalan’s Constant,53,4
GW190728_064510-v1,L1,Apéry’s Constant (zeta(3)),31,5
GW190728_064510-v1,L1,Plastic Constant,14,6
GW190728_064510-v1,L1,Absolute Zero (K),8,7
GW190728_064510-v1,L1,Fine-Structure Constant,8,8
GW190728_064510-v1,L1,Planck Length (m),8,9
GW190728_064510-v1,L1,Planck Constant (J·s),8,10
GW190728_064510-v1,L1,Planck Charge (C),8,11
GW190728_064510-v1,L1,Planck Time (s),8,12
GW190728_064510-v1,L1,Neutron Mass (kg),8,13
GW190728_064510-v1,L1,Muon Mass (kg),8,14
GW190728_064510-v1,L1,Gravitational Constant (m^3 kg^-1 s^-2),8,15
GW190728_064510-v1,L1,Proton Mass (kg),8,16
GW190728_064510-v1,L1,Reduced Planck Constant (J·s),8,17
GW190728_064510-v1,L1,Critical Density (kg/m^3),8,18
GW190728_064510-v1,L1,Square Root of 2,8,19
GW190728_064510-v1,L1,Tau Mass (kg),8,20
GW190728_064510-v1,L1,Baryon-to-Photon Ratio,8,21
GW190728_064510-v1,L1,Boltzmann Constant (J/K),8,22
GW190728_064510-v1,L1,Planck Mass (kg),8,23
GW190728_064510-v1,L1,Electron Mass (kg),8,24
GW190728_064510-v1,L1,Elementary Charge (C),8,25
GW190728_064510-v1,L1,Square Root of 3,2,26
GW190728_064510-v1,L1,Square Root of 5,2,27
GW190728_064510-v1,L1,Khinchin’s Constant,1,28
GW190728_064510-v1,L1,Feigenbaum Alpha,1,29
GW190728_064510-v1,L1,Phi Squared,1,30
GW190728_064510-v1,L1,Speed of Light (m/s),0,31
GW190728_064510-v1,L1,Solar Radius (m),0,32
GW190728_064510-v1,L1,Solar Mass (kg),0,33
GW190728_064510-v1,L1,Planck Temperature (K),0,34
GW190728_064510-v1,L1,Hubble Constant (km/s/Mpc),0,35
GW190728_064510-v1,L1,Pi,0,36
GW190728_064510-v1,L1,Parsec (m),0,37
GW190728_064510-v1,L1,Gas Constant R (J/(mol·K)),0,38
GW190728_064510-v1,L1,Feigenbaum Delta,0,39
GW190728_064510-v1,L1,Euler’s Number,0,40
GW190728_064510-v1,L1,Earth Radius (m),0,41
GW190728_064510-v1,L1,Earth Mass (kg),0,42
GW190728_064510-v1,L1,Coulomb Constant (N m^2 C^-2),0,43
GW190728_064510-v1,L1,Cosmic Microwave Background Temp (K),0,44
GW190728_064510-v1,L1,Avogadro Constant (1/mol),0,45
GW190728_064510-v1,L1,Astronomical Unit (m),0,46
GW190728_064510-v1,L1,Two Pi,0,47
GW190728_064510-v2,H1,Catalan’s Constant,123,1
GW190728_064510-v2,H1,Apéry’s Constant (zeta(3)),91,2
GW190728_064510-v2,H1,Golden Ratio Conjugate,28,3
GW190728_064510-v2,H1,Plastic Constant,19,4
GW190728_064510-v2,H1,Euler–Mascheroni Constant,17,5
GW190728_064510-v2,H1,Golden Ratio,16,6
GW190728_064510-v2,H1,Fine-Structure Constant,10,7
GW190728_064510-v2,H1,Proton Mass (kg),9,8
GW190728_064510-v2,H1,Planck Mass (kg),9,9
GW190728_064510-v2,H1,Planck Length (m),9,10
GW190728_064510-v2,H1,Planck Constant (J·s),9,11
GW190728_064510-v2,H1,Planck Charge (C),9,12
GW190728_064510-v2,H1,Reduced Planck Constant (J·s),9,13
GW190728_064510-v2,H1,Neutron Mass (kg),9,14
GW190728_064510-v2,H1,Muon Mass (kg),9,15
GW190728_064510-v2,H1,Gravitational Constant (m^3 kg^-1 s^-2),9,16
GW190728_064510-v2,H1,Absolute Zero (K),9,17
GW190728_064510-v2,H1,Critical Density (kg/m^3),9,18
GW190728_064510-v2,H1,Square Root of 2,9,19
GW190728_064510-v2,H1,Tau Mass (kg),9,20
GW190728_064510-v2,H1,Baryon-to-Photon Ratio,9,21
GW190728_064510-v2,H1,Boltzmann Constant (J/K),9,22
GW190728_064510-v2,H1,Planck Time (s),9,23
GW190728_064510-v2,H1,Electron Mass (kg),9,24
GW190728_064510-v2,H1,Elementary Charge (C),9,25
GW190728_064510-v2,H1,Square Root of 3,3,26
GW190728_064510-v2,H1,Pi,3,27
GW190728_064510-v2,H1,Square Root of 5,3,28
GW190728_064510-v2,H1,Feigenbaum Alpha,2,29
GW190728_064510-v2,H1,Phi Squared,1,30
GW190728_064510-v2,H1,Cosmic Microwave Background Temp (K),1,31
GW190728_064510-v2,H1,Euler’s Number,1,32
GW190728_064510-v2,H1,Feigenbaum Delta,1,33
GW190728_064510-v2,H1,Speed of Light (m/s),0,34
GW190728_064510-v2,H1,Solar Mass (kg),0,35
GW190728_064510-v2,H1,Solar Radius (m),0,36
GW190728_064510-v2,H1,Hubble Constant (km/s/Mpc),0,37
GW190728_064510-v2,H1,Planck Temperature (K),0,38
GW190728_064510-v2,H1,Parsec (m),0,39
GW190728_064510-v2,H1,Khinchin’s Constant,0,40
GW190728_064510-v2,H1,Gas Constant R (J/(mol·K)),0,41
GW190728_064510-v2,H1,Earth Radius (m),0,42
GW190728_064510-v2,H1,Earth Mass (kg),0,43
GW190728_064510-v2,H1,Coulomb Constant (N m^2 C^-2),0,44
GW190728_064510-v2,H1,Avogadro Constant (1/mol),0,45
GW190728_064510-v2,H1,Astronomical Unit (m),0,46
GW190728_064510-v2,H1,Two Pi,0,47
GW190728_064510-v2,L1,Golden Ratio Conjugate,77,1
GW190728_064510-v2,L1,Euler–Mascheroni Constant,74,2
GW190728_064510-v2,L1,Golden Ratio,73,3
GW190728_064510-v2,L1,Catalan’s Constant,53,4
GW190728_064510-v2,L1,Apéry’s Constant (zeta(3)),31,5
GW190728_064510-v2,L1,Plastic Constant,14,6
GW190728_064510-v2,L1,Absolute Zero (K),8,7
GW190728_064510-v2,L1,Fine-Structure Constant,8,8
GW190728_064510-v2,L1,Planck Length (m),8,9
GW190728_064510-v2,L1,Planck Constant (J·s),8,10
GW190728_064510-v2,L1,Planck Charge (C),8,11
GW190728_064510-v2,L1,Planck Time (s),8,12
GW190728_064510-v2,L1,Neutron Mass (kg),8,13
GW190728_064510-v2,L1,Muon Mass (kg),8,14
GW190728_064510-v2,L1,Gravitational Constant (m^3 kg^-1 s^-2),8,15
GW190728_064510-v2,L1,Proton Mass (kg),8,16
GW190728_064510-v2,L1,Reduced Planck Constant (J·s),8,17
GW190728_064510-v2,L1,Critical Density (kg/m^3),8,18
GW190728_064510-v2,L1,Square Root of 2,8,19
GW190728_064510-v2,L1,Tau Mass (kg),8,20
GW190728_064510-v2,L1,Baryon-to-Photon Ratio,8,21
GW190728_064510-v2,L1,Boltzmann Constant (J/K),8,22
GW190728_064510-v2,L1,Planck Mass (kg),8,23
GW190728_064510-v2,L1,Electron Mass (kg),8,24
GW190728_064510-v2,L1,Elementary Charge (C),8,25
GW190728_064510-v2,L1,Square Root of 3,2,26
GW190728_064510-v2,L1,Square Root of 5,2,27
GW190728_064510-v2,L1,Khinchin’s Constant,1,28
GW190728_064510-v2,L1,Feigenbaum Alpha,1,29
GW190728_064510-v2,L1,Phi Squared,1,30
GW190728_064510-v2,L1,Speed of Light (m/s),0,31
GW190728_064510-v2,L1,Solar Radius (m),0,32
GW190728_064510-v2,L1,Solar Mass (kg),0,33
GW190728_064510-v2,L1,Planck Temperature (K),0,34
GW190728_064510-v2,L1,Hubble Constant (km/s/Mpc),0,35
GW190728_064510-v2,L1,Pi,0,36
GW190728_064510-v2,L1,Parsec (m),0,37
GW190728_064510-v2,L1,Gas Constant R (J/(mol·K)),0,38
GW190728_064510-v2,L1,Feigenbaum Delta,0,39
GW190728_064510-v2,L1,Euler’s Number,0,40
GW190728_064510-v2,L1,Earth Radius (m),0,41
GW190728_064510-v2,L1,Earth Mass (kg),0,42
GW190728_064510-v2,L1,Coulomb Constant (N m^2 C^-2),0,43
GW190728_064510-v2,L1,Cosmic Microwave Background Temp (K),0,44
GW190728_064510-v2,L1,Avogadro Constant (1/mol),0,45
GW190728_064510-v2,L1,Astronomical Unit (m),0,46
GW190728_064510-v2,L1,Two Pi,0,47
GW190731_140936-v1,H1,Catalan’s Constant,93,1
GW190731_140936-v1,H1,Apéry’s Constant (zeta(3)),62,2
GW190731_140936-v1,H1,Golden Ratio Conjugate,59,3
GW190731_140936-v1,H1,Golden Ratio,51,4
GW190731_140936-v1,H1,Euler–Mascheroni Constant,49,5
GW190731_140936-v1,H1,Absolute Zero (K),15,6
GW190731_140936-v1,H1,Planck Constant (J·s),15,7
GW190731_140936-v1,H1,Planck Length (m),15,8
GW190731_140936-v1,H1,Planck Mass (kg),15,9
GW190731_140936-v1,H1,Neutron Mass (kg),15,10
GW190731_140936-v1,H1,Muon Mass (kg),15,11
GW190731_140936-v1,H1,Planck Time (s),15,12
GW190731_140936-v1,H1,Gravitational Constant (m^3 kg^-1 s^-2),15,13
GW190731_140936-v1,H1,Proton Mass (kg),15,14
GW190731_140936-v1,H1,Reduced Planck Constant (J·s),15,15
GW190731_140936-v1,H1,Planck Charge (C),15,16
GW190731_140936-v1,H1,Elementary Charge (C),15,17
GW190731_140936-v1,H1,Electron Mass (kg),15,18
GW190731_140936-v1,H1,Critical Density (kg/m^3),15,19
GW190731_140936-v1,H1,Boltzmann Constant (J/K),15,20
GW190731_140936-v1,H1,Baryon-to-Photon Ratio,15,21
GW190731_140936-v1,H1,Tau Mass (kg),15,22
GW190731_140936-v1,H1,Fine-Structure Constant,12,23
GW190731_140936-v1,H1,Plastic Constant,10,24
GW190731_140936-v1,H1,Square Root of 2,9,25
GW190731_140936-v1,H1,Square Root of 3,4,26
GW190731_140936-v1,H1,Square Root of 5,2,27
GW190731_140936-v1,H1,Solar Radius (m),0,28
GW190731_140936-v1,H1,Speed of Light (m/s),0,29
GW190731_140936-v1,H1,Planck Temperature (K),0,30
GW190731_140936-v1,H1,Solar Mass (kg),0,31
GW190731_140936-v1,H1,Hubble Constant (km/s/Mpc),0,32
GW190731_140936-v1,H1,Pi,0,33
GW190731_140936-v1,H1,Phi Squared,0,34
GW190731_140936-v1,H1,Parsec (m),0,35
GW190731_140936-v1,H1,Khinchin’s Constant,0,36
GW190731_140936-v1,H1,Gas Constant R (J/(mol·K)),0,37
GW190731_140936-v1,H1,Feigenbaum Delta,0,38
GW190731_140936-v1,H1,Feigenbaum Alpha,0,39
GW190731_140936-v1,H1,Euler’s Number,0,40
GW190731_140936-v1,H1,Earth Radius (m),0,41
GW190731_140936-v1,H1,Earth Mass (kg),0,42
GW190731_140936-v1,H1,Coulomb Constant (N m^2 C^-2),0,43
GW190731_140936-v1,H1,Cosmic Microwave Background Temp (K),0,44
GW190731_140936-v1,H1,Avogadro Constant (1/mol),0,45
GW190731_140936-v1,H1,Astronomical Unit (m),0,46
GW190731_140936-v1,H1,Two Pi,0,47
GW190731_140936-v1,L1,Golden Ratio,58,1
GW190731_140936-v1,L1,Golden Ratio Conjugate,54,2
GW190731_140936-v1,L1,Euler–Mascheroni Constant,53,3
GW190731_140936-v1,L1,Catalan’s Constant,33,4
GW190731_140936-v1,L1,Apéry’s Constant (zeta(3)),29,5
GW190731_140936-v1,L1,Plastic Constant,13,6
GW190731_140936-v1,L1,Absolute Zero (K),12,7
GW190731_140936-v1,L1,Reduced Planck Constant (J·s),12,8
GW190731_140936-v1,L1,Gravitational Constant (m^3 kg^-1 s^-2),12,9
GW190731_140936-v1,L1,Neutron Mass (kg),12,10
GW190731_140936-v1,L1,Muon Mass (kg),12,11
GW190731_140936-v1,L1,Planck Time (s),12,12
GW190731_140936-v1,L1,Proton Mass (kg),12,13
GW190731_140936-v1,L1,Planck Charge (C),12,14
GW190731_140936-v1,L1,Planck Constant (J·s),12,15
GW190731_140936-v1,L1,Planck Length (m),12,16
GW190731_140936-v1,L1,Fine-Structure Constant,12,17
GW190731_140936-v1,L1,Planck Mass (kg),12,18
GW190731_140936-v1,L1,Elementary Charge (C),12,19
GW190731_140936-v1,L1,Electron Mass (kg),12,20
GW190731_140936-v1,L1,Critical Density (kg/m^3),12,21
GW190731_140936-v1,L1,Boltzmann Constant (J/K),12,22
GW190731_140936-v1,L1,Baryon-to-Photon Ratio,12,23
GW190731_140936-v1,L1,Tau Mass (kg),12,24
GW190731_140936-v1,L1,Square Root of 2,8,25
GW190731_140936-v1,L1,Khinchin’s Constant,4,26
GW190731_140936-v1,L1,Phi Squared,3,27
GW190731_140936-v1,L1,Square Root of 3,2,28
GW190731_140936-v1,L1,Euler’s Number,1,29
GW190731_140936-v1,L1,Cosmic Microwave Background Temp (K),1,30
GW190731_140936-v1,L1,Solar Radius (m),0,31
GW190731_140936-v1,L1,Speed of Light (m/s),0,32
GW190731_140936-v1,L1,Square Root of 5,0,33
GW190731_140936-v1,L1,Solar Mass (kg),0,34
GW190731_140936-v1,L1,Hubble Constant (km/s/Mpc),0,35
GW190731_140936-v1,L1,Planck Temperature (K),0,36
GW190731_140936-v1,L1,Pi,0,37
GW190731_140936-v1,L1,Parsec (m),0,38
GW190731_140936-v1,L1,Gas Constant R (J/(mol·K)),0,39
GW190731_140936-v1,L1,Feigenbaum Delta,0,40
GW190731_140936-v1,L1,Feigenbaum Alpha,0,41
GW190731_140936-v1,L1,Earth Radius (m),0,42
GW190731_140936-v1,L1,Earth Mass (kg),0,43
GW190731_140936-v1,L1,Coulomb Constant (N m^2 C^-2),0,44
GW190731_140936-v1,L1,Avogadro Constant (1/mol),0,45
GW190731_140936-v1,L1,Astronomical Unit (m),0,46
GW190731_140936-v1,L1,Two Pi,0,47
GW190731_140936-v2,H1,Catalan’s Constant,93,1
GW190731_140936-v2,H1,Apéry’s Constant (zeta(3)),62,2
GW190731_140936-v2,H1,Golden Ratio Conjugate,59,3
GW190731_140936-v2,H1,Golden Ratio,51,4
GW190731_140936-v2,H1,Euler–Mascheroni Constant,49,5
GW190731_140936-v2,H1,Absolute Zero (K),15,6
GW190731_140936-v2,H1,Planck Constant (J·s),15,7
GW190731_140936-v2,H1,Planck Length (m),15,8
GW190731_140936-v2,H1,Planck Mass (kg),15,9
GW190731_140936-v2,H1,Neutron Mass (kg),15,10
GW190731_140936-v2,H1,Muon Mass (kg),15,11
GW190731_140936-v2,H1,Planck Time (s),15,12
GW190731_140936-v2,H1,Gravitational Constant (m^3 kg^-1 s^-2),15,13
GW190731_140936-v2,H1,Proton Mass (kg),15,14
GW190731_140936-v2,H1,Reduced Planck Constant (J·s),15,15
GW190731_140936-v2,H1,Planck Charge (C),15,16
GW190731_140936-v2,H1,Elementary Charge (C),15,17
GW190731_140936-v2,H1,Electron Mass (kg),15,18
GW190731_140936-v2,H1,Critical Density (kg/m^3),15,19
GW190731_140936-v2,H1,Boltzmann Constant (J/K),15,20
GW190731_140936-v2,H1,Baryon-to-Photon Ratio,15,21
GW190731_140936-v2,H1,Tau Mass (kg),15,22
GW190731_140936-v2,H1,Fine-Structure Constant,12,23
GW190731_140936-v2,H1,Plastic Constant,10,24
GW190731_140936-v2,H1,Square Root of 2,9,25
GW190731_140936-v2,H1,Square Root of 3,4,26
GW190731_140936-v2,H1,Square Root of 5,2,27
GW190731_140936-v2,H1,Solar Radius (m),0,28
GW190731_140936-v2,H1,Speed of Light (m/s),0,29
GW190731_140936-v2,H1,Planck Temperature (K),0,30
GW190731_140936-v2,H1,Solar Mass (kg),0,31
GW190731_140936-v2,H1,Hubble Constant (km/s/Mpc),0,32
GW190731_140936-v2,H1,Pi,0,33
GW190731_140936-v2,H1,Phi Squared,0,34
GW190731_140936-v2,H1,Parsec (m),0,35
GW190731_140936-v2,H1,Khinchin’s Constant,0,36
GW190731_140936-v2,H1,Gas Constant R (J/(mol·K)),0,37
GW190731_140936-v2,H1,Feigenbaum Delta,0,38
GW190731_140936-v2,H1,Feigenbaum Alpha,0,39
GW190731_140936-v2,H1,Euler’s Number,0,40
GW190731_140936-v2,H1,Earth Radius (m),0,41
GW190731_140936-v2,H1,Earth Mass (kg),0,42
GW190731_140936-v2,H1,Coulomb Constant (N m^2 C^-2),0,43
GW190731_140936-v2,H1,Cosmic Microwave Background Temp (K),0,44
GW190731_140936-v2,H1,Avogadro Constant (1/mol),0,45
GW190731_140936-v2,H1,Astronomical Unit (m),0,46
GW190731_140936-v2,H1,Two Pi,0,47
GW190731_140936-v2,L1,Golden Ratio,58,1
GW190731_140936-v2,L1,Golden Ratio Conjugate,54,2
GW190731_140936-v2,L1,Euler–Mascheroni Constant,53,3
GW190731_140936-v2,L1,Catalan’s Constant,33,4
GW190731_140936-v2,L1,Apéry’s Constant (zeta(3)),29,5
GW190731_140936-v2,L1,Plastic Constant,13,6
GW190731_140936-v2,L1,Absolute Zero (K),12,7
GW190731_140936-v2,L1,Reduced Planck Constant (J·s),12,8
GW190731_140936-v2,L1,Gravitational Constant (m^3 kg^-1 s^-2),12,9
GW190731_140936-v2,L1,Neutron Mass (kg),12,10
GW190731_140936-v2,L1,Muon Mass (kg),12,11
GW190731_140936-v2,L1,Planck Time (s),12,12
GW190731_140936-v2,L1,Proton Mass (kg),12,13
GW190731_140936-v2,L1,Planck Charge (C),12,14
GW190731_140936-v2,L1,Planck Constant (J·s),12,15
GW190731_140936-v2,L1,Planck Length (m),12,16
GW190731_140936-v2,L1,Fine-Structure Constant,12,17
GW190731_140936-v2,L1,Planck Mass (kg),12,18
GW190731_140936-v2,L1,Elementary Charge (C),12,19
GW190731_140936-v2,L1,Electron Mass (kg),12,20
GW190731_140936-v2,L1,Critical Density (kg/m^3),12,21
GW190731_140936-v2,L1,Boltzmann Constant (J/K),12,22
GW190731_140936-v2,L1,Baryon-to-Photon Ratio,12,23
GW190731_140936-v2,L1,Tau Mass (kg),12,24
GW190731_140936-v2,L1,Square Root of 2,8,25
GW190731_140936-v2,L1,Khinchin’s Constant,4,26
GW190731_140936-v2,L1,Phi Squared,3,27
GW190731_140936-v2,L1,Square Root of 3,2,28
GW190731_140936-v2,L1,Euler’s Number,1,29
GW190731_140936-v2,L1,Cosmic Microwave Background Temp (K),1,30
GW190731_140936-v2,L1,Solar Radius (m),0,31
GW190731_140936-v2,L1,Speed of Light (m/s),0,32
GW190731_140936-v2,L1,Square Root of 5,0,33
GW190731_140936-v2,L1,Solar Mass (kg),0,34
GW190731_140936-v2,L1,Hubble Constant (km/s/Mpc),0,35
GW190731_140936-v2,L1,Planck Temperature (K),0,36
GW190731_140936-v2,L1,Pi,0,37
GW190731_140936-v2,L1,Parsec (m),0,38
GW190731_140936-v2,L1,Gas Constant R (J/(mol·K)),0,39
GW190731_140936-v2,L1,Feigenbaum Delta,0,40
GW190731_140936-v2,L1,Feigenbaum Alpha,0,41
GW190731_140936-v2,L1,Earth Radius (m),0,42
GW190731_140936-v2,L1,Earth Mass (kg),0,43
GW190731_140936-v2,L1,Coulomb Constant (N m^2 C^-2),0,44
GW190731_140936-v2,L1,Avogadro Constant (1/mol),0,45
GW190731_140936-v2,L1,Astronomical Unit (m),0,46
GW190731_140936-v2,L1,Two Pi,0,47
GW190803_022701-v1,H1,Apéry’s Constant (zeta(3)),67,1
GW190803_022701-v1,H1,Catalan’s Constant,62,2
GW190803_022701-v1,H1,Golden Ratio Conjugate,52,3
GW190803_022701-v1,H1,Euler–Mascheroni Constant,50,4
GW190803_022701-v1,H1,Golden Ratio,38,5
GW190803_022701-v1,H1,Plastic Constant,10,6
GW190803_022701-v1,H1,Square Root of 2,8,7
GW190803_022701-v1,H1,Muon Mass (kg),7,8
GW190803_022701-v1,H1,Gravitational Constant (m^3 kg^-1 s^-2),7,9
GW190803_022701-v1,H1,Neutron Mass (kg),7,10
GW190803_022701-v1,H1,Planck Time (s),7,11
GW190803_022701-v1,H1,Proton Mass (kg),7,12
GW190803_022701-v1,H1,Planck Charge (C),7,13
GW190803_022701-v1,H1,Planck Constant (J·s),7,14
GW190803_022701-v1,H1,Planck Length (m),7,15
GW190803_022701-v1,H1,Planck Mass (kg),7,16
GW190803_022701-v1,H1,Reduced Planck Constant (J·s),7,17
GW190803_022701-v1,H1,Absolute Zero (K),7,18
GW190803_022701-v1,H1,Critical Density (kg/m^3),7,19
GW190803_022701-v1,H1,Tau Mass (kg),7,20
GW190803_022701-v1,H1,Elementary Charge (C),7,21
GW190803_022701-v1,H1,Electron Mass (kg),7,22
GW190803_022701-v1,H1,Baryon-to-Photon Ratio,7,23
GW190803_022701-v1,H1,Boltzmann Constant (J/K),7,24
GW190803_022701-v1,H1,Fine-Structure Constant,6,25
GW190803_022701-v1,H1,Square Root of 3,5,26
GW190803_022701-v1,H1,Phi Squared,2,27
GW190803_022701-v1,H1,Khinchin’s Constant,2,28
GW190803_022701-v1,H1,Cosmic Microwave Background Temp (K),1,29
GW190803_022701-v1,H1,Pi,1,30
GW190803_022701-v1,H1,Square Root of 5,1,31
GW190803_022701-v1,H1,Euler’s Number,1,32
GW190803_022701-v1,H1,Solar Radius (m),0,33
GW190803_022701-v1,H1,Speed of Light (m/s),0,34
GW190803_022701-v1,H1,Solar Mass (kg),0,35
GW190803_022701-v1,H1,Hubble Constant (km/s/Mpc),0,36
GW190803_022701-v1,H1,Planck Temperature (K),0,37
GW190803_022701-v1,H1,Parsec (m),0,38
GW190803_022701-v1,H1,Gas Constant R (J/(mol·K)),0,39
GW190803_022701-v1,H1,Feigenbaum Delta,0,40
GW190803_022701-v1,H1,Feigenbaum Alpha,0,41
GW190803_022701-v1,H1,Earth Radius (m),0,42
GW190803_022701-v1,H1,Earth Mass (kg),0,43
GW190803_022701-v1,H1,Coulomb Constant (N m^2 C^-2),0,44
GW190803_022701-v1,H1,Avogadro Constant (1/mol),0,45
GW190803_022701-v1,H1,Astronomical Unit (m),0,46
GW190803_022701-v1,H1,Two Pi,0,47
GW190803_022701-v1,L1,Catalan’s Constant,40,1
GW190803_022701-v1,L1,Apéry’s Constant (zeta(3)),8,2
GW190803_022701-v1,L1,Absolute Zero (K),4,3
GW190803_022701-v1,L1,Planck Length (m),4,4
GW190803_022701-v1,L1,Planck Charge (C),4,5
GW190803_022701-v1,L1,Planck Mass (kg),4,6
GW190803_022701-v1,L1,Planck Time (s),4,7
GW190803_022701-v1,L1,Neutron Mass (kg),4,8
GW190803_022701-v1,L1,Muon Mass (kg),4,9
GW190803_022701-v1,L1,Plastic Constant,4,10
GW190803_022701-v1,L1,Gravitational Constant (m^3 kg^-1 s^-2),4,11
GW190803_022701-v1,L1,Golden Ratio,4,12
GW190803_022701-v1,L1,Proton Mass (kg),4,13
GW190803_022701-v1,L1,Fine-Structure Constant,4,14
GW190803_022701-v1,L1,Reduced Planck Constant (J·s),4,15
GW190803_022701-v1,L1,Planck Constant (J·s),4,16
GW190803_022701-v1,L1,Euler–Mascheroni Constant,4,17
GW190803_022701-v1,L1,Elementary Charge (C),4,18
GW190803_022701-v1,L1,Electron Mass (kg),4,19
GW190803_022701-v1,L1,Critical Density (kg/m^3),4,20
GW190803_022701-v1,L1,Boltzmann Constant (J/K),4,21
GW190803_022701-v1,L1,Baryon-to-Photon Ratio,4,22
GW190803_022701-v1,L1,Tau Mass (kg),4,23
GW190803_022701-v1,L1,Golden Ratio Conjugate,3,24
GW190803_022701-v1,L1,Square Root of 2,3,25
GW190803_022701-v1,L1,Square Root of 3,1,26
GW190803_022701-v1,L1,Square Root of 5,1,27
GW190803_022701-v1,L1,Feigenbaum Alpha,1,28
GW190803_022701-v1,L1,Solar Mass (kg),0,29
GW190803_022701-v1,L1,Solar Radius (m),0,30
GW190803_022701-v1,L1,Speed of Light (m/s),0,31
GW190803_022701-v1,L1,Planck Temperature (K),0,32
GW190803_022701-v1,L1,Hubble Constant (km/s/Mpc),0,33
GW190803_022701-v1,L1,Pi,0,34
GW190803_022701-v1,L1,Phi Squared,0,35
GW190803_022701-v1,L1,Parsec (m),0,36
GW190803_022701-v1,L1,Khinchin’s Constant,0,37
GW190803_022701-v1,L1,Gas Constant R (J/(mol·K)),0,38
GW190803_022701-v1,L1,Feigenbaum Delta,0,39
GW190803_022701-v1,L1,Euler’s Number,0,40
GW190803_022701-v1,L1,Earth Radius (m),0,41
GW190803_022701-v1,L1,Earth Mass (kg),0,42
GW190803_022701-v1,L1,Coulomb Constant (N m^2 C^-2),0,43
GW190803_022701-v1,L1,Cosmic Microwave Background Temp (K),0,44
GW190803_022701-v1,L1,Avogadro Constant (1/mol),0,45
GW190803_022701-v1,L1,Astronomical Unit (m),0,46
GW190803_022701-v1,L1,Two Pi,0,47
GW190803_022701-v2,H1,Catalan’s Constant,86,1
GW190803_022701-v2,H1,Apéry’s Constant (zeta(3)),59,2
GW190803_022701-v2,H1,Euler–Mascheroni Constant,42,3
GW190803_022701-v2,H1,Golden Ratio Conjugate,39,4
GW190803_022701-v2,H1,Golden Ratio,39,5
GW190803_022701-v2,H1,Plastic Constant,12,6
GW190803_022701-v2,H1,Square Root of 2,7,7
GW190803_022701-v2,H1,Fine-Structure Constant,7,8
GW190803_022701-v2,H1,Absolute Zero (K),6,9
GW190803_022701-v2,H1,Proton Mass (kg),6,10
GW190803_022701-v2,H1,Planck Charge (C),6,11
GW190803_022701-v2,H1,Planck Mass (kg),6,12
GW190803_022701-v2,H1,Neutron Mass (kg),6,13
GW190803_022701-v2,H1,Muon Mass (kg),6,14
GW190803_022701-v2,H1,Planck Time (s),6,15
GW190803_022701-v2,H1,Gravitational Constant (m^3 kg^-1 s^-2),6,16
GW190803_022701-v2,H1,Reduced Planck Constant (J·s),6,17
GW190803_022701-v2,H1,Planck Length (m),6,18
GW190803_022701-v2,H1,Elementary Charge (C),6,19
GW190803_022701-v2,H1,Electron Mass (kg),6,20
GW190803_022701-v2,H1,Critical Density (kg/m^3),6,21
GW190803_022701-v2,H1,Boltzmann Constant (J/K),6,22
GW190803_022701-v2,H1,Baryon-to-Photon Ratio,6,23
GW190803_022701-v2,H1,Tau Mass (kg),6,24
GW190803_022701-v2,H1,Planck Constant (J·s),6,25
GW190803_022701-v2,H1,Square Root of 3,3,26
GW190803_022701-v2,H1,Pi,1,27
GW190803_022701-v2,H1,Solar Mass (kg),0,28
GW190803_022701-v2,H1,Solar Radius (m),0,29
GW190803_022701-v2,H1,Speed of Light (m/s),0,30
GW190803_022701-v2,H1,Planck Temperature (K),0,31
GW190803_022701-v2,H1,Square Root of 5,0,32
GW190803_022701-v2,H1,Hubble Constant (km/s/Mpc),0,33
GW190803_022701-v2,H1,Phi Squared,0,34
GW190803_022701-v2,H1,Parsec (m),0,35
GW190803_022701-v2,H1,Khinchin’s Constant,0,36
GW190803_022701-v2,H1,Gas Constant R (J/(mol·K)),0,37
GW190803_022701-v2,H1,Feigenbaum Delta,0,38
GW190803_022701-v2,H1,Feigenbaum Alpha,0,39
GW190803_022701-v2,H1,Euler’s Number,0,40
GW190803_022701-v2,H1,Earth Radius (m),0,41
GW190803_022701-v2,H1,Earth Mass (kg),0,42
GW190803_022701-v2,H1,Coulomb Constant (N m^2 C^-2),0,43
GW190803_022701-v2,H1,Cosmic Microwave Background Temp (K),0,44
GW190803_022701-v2,H1,Avogadro Constant (1/mol),0,45
GW190803_022701-v2,H1,Astronomical Unit (m),0,46
GW190803_022701-v2,H1,Two Pi,0,47
GW190803_022701-v2,L1,Catalan’s Constant,37,1
GW190803_022701-v2,L1,Apéry’s Constant (zeta(3)),10,2
GW190803_022701-v2,L1,Absolute Zero (K),6,3
GW190803_022701-v2,L1,Planck Length (m),6,4
GW190803_022701-v2,L1,Planck Charge (C),6,5
GW190803_022701-v2,L1,Planck Mass (kg),6,6
GW190803_022701-v2,L1,Planck Time (s),6,7
GW190803_022701-v2,L1,Neutron Mass (kg),6,8
GW190803_022701-v2,L1,Muon Mass (kg),6,9
GW190803_022701-v2,L1,Gravitational Constant (m^3 kg^-1 s^-2),6,10
GW190803_022701-v2,L1,Proton Mass (kg),6,11
GW190803_022701-v2,L1,Fine-Structure Constant,6,12
GW190803_022701-v2,L1,Reduced Planck Constant (J·s),6,13
GW190803_022701-v2,L1,Planck Constant (J·s),6,14
GW190803_022701-v2,L1,Elementary Charge (C),6,15
GW190803_022701-v2,L1,Electron Mass (kg),6,16
GW190803_022701-v2,L1,Tau Mass (kg),6,17
GW190803_022701-v2,L1,Baryon-to-Photon Ratio,6,18
GW190803_022701-v2,L1,Boltzmann Constant (J/K),6,19
GW190803_022701-v2,L1,Critical Density (kg/m^3),6,20
GW190803_022701-v2,L1,Plastic Constant,5,21
GW190803_022701-v2,L1,Euler–Mascheroni Constant,4,22
GW190803_022701-v2,L1,Golden Ratio Conjugate,4,23
GW190803_022701-v2,L1,Square Root of 2,3,24
GW190803_022701-v2,L1,Golden Ratio,3,25
GW190803_022701-v2,L1,Square Root of 3,1,26
GW190803_022701-v2,L1,Square Root of 5,1,27
GW190803_022701-v2,L1,Feigenbaum Alpha,1,28
GW190803_022701-v2,L1,Solar Mass (kg),0,29
GW190803_022701-v2,L1,Speed of Light (m/s),0,30
GW190803_022701-v2,L1,Planck Temperature (K),0,31
GW190803_022701-v2,L1,Solar Radius (m),0,32
GW190803_022701-v2,L1,Hubble Constant (km/s/Mpc),0,33
GW190803_022701-v2,L1,Pi,0,34
GW190803_022701-v2,L1,Phi Squared,0,35
GW190803_022701-v2,L1,Parsec (m),0,36
GW190803_022701-v2,L1,Khinchin’s Constant,0,37
GW190803_022701-v2,L1,Gas Constant R (J/(mol·K)),0,38
GW190803_022701-v2,L1,Feigenbaum Delta,0,39
GW190803_022701-v2,L1,Euler’s Number,0,40
GW190803_022701-v2,L1,Earth Radius (m),0,41
GW190803_022701-v2,L1,Earth Mass (kg),0,42
GW190803_022701-v2,L1,Coulomb Constant (N m^2 C^-2),0,43
GW190803_022701-v2,L1,Cosmic Microwave Background Temp (K),0,44
GW190803_022701-v2,L1,Avogadro Constant (1/mol),0,45
GW190803_022701-v2,L1,Astronomical Unit (m),0,46
GW190803_022701-v2,L1,Two Pi,0,47
GW190805_211137-v1,H1,Catalan’s Constant,71,1
GW190805_211137-v1,H1,Apéry’s Constant (zeta(3)),52,2
GW190805_211137-v1,H1,Golden Ratio Conjugate,36,3
GW190805_211137-v1,H1,Golden Ratio,33,4
GW190805_211137-v1,H1,Euler–Mascheroni Constant,33,5
GW190805_211137-v1,H1,Absolute Zero (K),9,6
GW190805_211137-v1,H1,Planck Length (m),9,7
GW190805_211137-v1,H1,Planck Charge (C),9,8
GW190805_211137-v1,H1,Planck Mass (kg),9,9
GW190805_211137-v1,H1,Neutron Mass (kg),9,10
GW190805_211137-v1,H1,Muon Mass (kg),9,11
GW190805_211137-v1,H1,Planck Time (s),9,12
GW190805_211137-v1,H1,Gravitational Constant (m^3 kg^-1 s^-2),9,13
GW190805_211137-v1,H1,Fine-Structure Constant,9,14
GW190805_211137-v1,H1,Proton Mass (kg),9,15
GW190805_211137-v1,H1,Reduced Planck Constant (J·s),9,16
GW190805_211137-v1,H1,Elementary Charge (C),9,17
GW190805_211137-v1,H1,Electron Mass (kg),9,18
GW190805_211137-v1,H1,Critical Density (kg/m^3),9,19
GW190805_211137-v1,H1,Boltzmann Constant (J/K),9,20
GW190805_211137-v1,H1,Baryon-to-Photon Ratio,9,21
GW190805_211137-v1,H1,Tau Mass (kg),9,22
GW190805_211137-v1,H1,Planck Constant (J·s),9,23
GW190805_211137-v1,H1,Plastic Constant,8,24
GW190805_211137-v1,H1,Square Root of 2,2,25
GW190805_211137-v1,H1,Pi,1,26
GW190805_211137-v1,H1,Solar Mass (kg),0,27
GW190805_211137-v1,H1,Solar Radius (m),0,28
GW190805_211137-v1,H1,Speed of Light (m/s),0,29
GW190805_211137-v1,H1,Square Root of 3,0,30
GW190805_211137-v1,H1,Planck Temperature (K),0,31
GW190805_211137-v1,H1,Square Root of 5,0,32
GW190805_211137-v1,H1,Hubble Constant (km/s/Mpc),0,33
GW190805_211137-v1,H1,Phi Squared,0,34
GW190805_211137-v1,H1,Parsec (m),0,35
GW190805_211137-v1,H1,Khinchin’s Constant,0,36
GW190805_211137-v1,H1,Gas Constant R (J/(mol·K)),0,37
GW190805_211137-v1,H1,Feigenbaum Delta,0,38
GW190805_211137-v1,H1,Feigenbaum Alpha,0,39
GW190805_211137-v1,H1,Euler’s Number,0,40
GW190805_211137-v1,H1,Earth Radius (m),0,41
GW190805_211137-v1,H1,Earth Mass (kg),0,42
GW190805_211137-v1,H1,Coulomb Constant (N m^2 C^-2),0,43
GW190805_211137-v1,H1,Cosmic Microwave Background Temp (K),0,44
GW190805_211137-v1,H1,Avogadro Constant (1/mol),0,45
GW190805_211137-v1,H1,Astronomical Unit (m),0,46
GW190805_211137-v1,H1,Two Pi,0,47
GW190805_211137-v1,L1,Catalan’s Constant,35,1
GW190805_211137-v1,L1,Apéry’s Constant (zeta(3)),10,2
GW190805_211137-v1,L1,Absolute Zero (K),8,3
GW190805_211137-v1,L1,Elementary Charge (C),8,4
GW190805_211137-v1,L1,Planck Charge (C),8,5
GW190805_211137-v1,L1,Planck Mass (kg),8,6
GW190805_211137-v1,L1,Neutron Mass (kg),8,7
GW190805_211137-v1,L1,Muon Mass (kg),8,8
GW190805_211137-v1,L1,Planck Time (s),8,9
GW190805_211137-v1,L1,Gravitational Constant (m^3 kg^-1 s^-2),8,10
GW190805_211137-v1,L1,Proton Mass (kg),8,11
GW190805_211137-v1,L1,Planck Length (m),8,12
GW190805_211137-v1,L1,Reduced Planck Constant (J·s),8,13
GW190805_211137-v1,L1,Electron Mass (kg),8,14
GW190805_211137-v1,L1,Boltzmann Constant (J/K),8,15
GW190805_211137-v1,L1,Tau Mass (kg),8,16
GW190805_211137-v1,L1,Baryon-to-Photon Ratio,8,17
GW190805_211137-v1,L1,Critical Density (kg/m^3),8,18
GW190805_211137-v1,L1,Planck Constant (J·s),8,19
GW190805_211137-v1,L1,Fine-Structure Constant,7,20
GW190805_211137-v1,L1,Golden Ratio Conjugate,6,21
GW190805_211137-v1,L1,Plastic Constant,5,22
GW190805_211137-v1,L1,Euler–Mascheroni Constant,5,23
GW190805_211137-v1,L1,Square Root of 2,4,24
GW190805_211137-v1,L1,Golden Ratio,1,25
GW190805_211137-v1,L1,Square Root of 3,1,26
GW190805_211137-v1,L1,Phi Squared,1,27
GW190805_211137-v1,L1,Square Root of 5,1,28
GW190805_211137-v1,L1,Speed of Light (m/s),0,29
GW190805_211137-v1,L1,Solar Radius (m),0,30
GW190805_211137-v1,L1,Planck Temperature (K),0,31
GW190805_211137-v1,L1,Solar Mass (kg),0,32
GW190805_211137-v1,L1,Hubble Constant (km/s/Mpc),0,33
GW190805_211137-v1,L1,Pi,0,34
GW190805_211137-v1,L1,Parsec (m),0,35
GW190805_211137-v1,L1,Khinchin’s Constant,0,36
GW190805_211137-v1,L1,Gas Constant R (J/(mol·K)),0,37
GW190805_211137-v1,L1,Feigenbaum Delta,0,38
GW190805_211137-v1,L1,Feigenbaum Alpha,0,39
GW190805_211137-v1,L1,Euler’s Number,0,40
GW190805_211137-v1,L1,Earth Radius (m),0,41
GW190805_211137-v1,L1,Earth Mass (kg),0,42
GW190805_211137-v1,L1,Coulomb Constant (N m^2 C^-2),0,43
GW190805_211137-v1,L1,Cosmic Microwave Background Temp (K),0,44
GW190805_211137-v1,L1,Avogadro Constant (1/mol),0,45
GW190805_211137-v1,L1,Astronomical Unit (m),0,46
GW190805_211137-v1,L1,Two Pi,0,47
GW190814-v1,H1,Catalan’s Constant,90,1
GW190814-v1,H1,Apéry’s Constant (zeta(3)),44,2
GW190814-v1,H1,Golden Ratio Conjugate,43,3
GW190814-v1,H1,Euler–Mascheroni Constant,27,4
GW190814-v1,H1,Golden Ratio,26,5
GW190814-v1,H1,Plastic Constant,13,6
GW190814-v1,H1,Absolute Zero (K),9,7
GW190814-v1,H1,Reduced Planck Constant (J·s),9,8
GW190814-v1,H1,Planck Length (m),9,9
GW190814-v1,H1,Planck Mass (kg),9,10
GW190814-v1,H1,Neutron Mass (kg),9,11
GW190814-v1,H1,Muon Mass (kg),9,12
GW190814-v1,H1,Planck Time (s),9,13
GW190814-v1,H1,Gravitational Constant (m^3 kg^-1 s^-2),9,14
GW190814-v1,H1,Proton Mass (kg),9,15
GW190814-v1,H1,Planck Charge (C),9,16
GW190814-v1,H1,Planck Constant (J·s),9,17
GW190814-v1,H1,Elementary Charge (C),9,18
GW190814-v1,H1,Electron Mass (kg),9,19
GW190814-v1,H1,Critical Density (kg/m^3),9,20
GW190814-v1,H1,Boltzmann Constant (J/K),9,21
GW190814-v1,H1,Baryon-to-Photon Ratio,9,22
GW190814-v1,H1,Tau Mass (kg),9,23
GW190814-v1,H1,Fine-Structure Constant,8,24
GW190814-v1,H1,Square Root of 3,3,25
GW190814-v1,H1,Square Root of 2,1,26
GW190814-v1,H1,Solar Radius (m),0,27
GW190814-v1,H1,Speed of Light (m/s),0,28
GW190814-v1,H1,Planck Temperature (K),0,29
GW190814-v1,H1,Square Root of 5,0,30
GW190814-v1,H1,Solar Mass (kg),0,31
GW190814-v1,H1,Hubble Constant (km/s/Mpc),0,32
GW190814-v1,H1,Pi,0,33
GW190814-v1,H1,Phi Squared,0,34
GW190814-v1,H1,Parsec (m),0,35
GW190814-v1,H1,Khinchin’s Constant,0,36
GW190814-v1,H1,Gas Constant R (J/(mol·K)),0,37
GW190814-v1,H1,Feigenbaum Delta,0,38
GW190814-v1,H1,Feigenbaum Alpha,0,39
GW190814-v1,H1,Euler’s Number,0,40
GW190814-v1,H1,Earth Radius (m),0,41
GW190814-v1,H1,Earth Mass (kg),0,42
GW190814-v1,H1,Coulomb Constant (N m^2 C^-2),0,43
GW190814-v1,H1,Cosmic Microwave Background Temp (K),0,44
GW190814-v1,H1,Avogadro Constant (1/mol),0,45
GW190814-v1,H1,Astronomical Unit (m),0,46
GW190814-v1,H1,Two Pi,0,47
GW190814-v2,H1,Catalan’s Constant,90,1
GW190814-v2,H1,Apéry’s Constant (zeta(3)),44,2
GW190814-v2,H1,Golden Ratio Conjugate,43,3
GW190814-v2,H1,Euler–Mascheroni Constant,27,4
GW190814-v2,H1,Golden Ratio,26,5
GW190814-v2,H1,Plastic Constant,13,6
GW190814-v2,H1,Absolute Zero (K),9,7
GW190814-v2,H1,Reduced Planck Constant (J·s),9,8
GW190814-v2,H1,Planck Length (m),9,9
GW190814-v2,H1,Planck Mass (kg),9,10
GW190814-v2,H1,Neutron Mass (kg),9,11
GW190814-v2,H1,Muon Mass (kg),9,12
GW190814-v2,H1,Planck Time (s),9,13
GW190814-v2,H1,Gravitational Constant (m^3 kg^-1 s^-2),9,14
GW190814-v2,H1,Proton Mass (kg),9,15
GW190814-v2,H1,Planck Charge (C),9,16
GW190814-v2,H1,Planck Constant (J·s),9,17
GW190814-v2,H1,Elementary Charge (C),9,18
GW190814-v2,H1,Electron Mass (kg),9,19
GW190814-v2,H1,Critical Density (kg/m^3),9,20
GW190814-v2,H1,Boltzmann Constant (J/K),9,21
GW190814-v2,H1,Baryon-to-Photon Ratio,9,22
GW190814-v2,H1,Tau Mass (kg),9,23
GW190814-v2,H1,Fine-Structure Constant,8,24
GW190814-v2,H1,Square Root of 3,3,25
GW190814-v2,H1,Square Root of 2,1,26
GW190814-v2,H1,Solar Radius (m),0,27
GW190814-v2,H1,Speed of Light (m/s),0,28
GW190814-v2,H1,Planck Temperature (K),0,29
GW190814-v2,H1,Square Root of 5,0,30
GW190814-v2,H1,Solar Mass (kg),0,31
GW190814-v2,H1,Hubble Constant (km/s/Mpc),0,32
GW190814-v2,H1,Pi,0,33
GW190814-v2,H1,Phi Squared,0,34
GW190814-v2,H1,Parsec (m),0,35
GW190814-v2,H1,Khinchin’s Constant,0,36
GW190814-v2,H1,Gas Constant R (J/(mol·K)),0,37
GW190814-v2,H1,Feigenbaum Delta,0,38
GW190814-v2,H1,Feigenbaum Alpha,0,39
GW190814-v2,H1,Euler’s Number,0,40
GW190814-v2,H1,Earth Radius (m),0,41
GW190814-v2,H1,Earth Mass (kg),0,42
GW190814-v2,H1,Coulomb Constant (N m^2 C^-2),0,43
GW190814-v2,H1,Cosmic Microwave Background Temp (K),0,44
GW190814-v2,H1,Avogadro Constant (1/mol),0,45
GW190814-v2,H1,Astronomical Unit (m),0,46
GW190814-v2,H1,Two Pi,0,47
GW190814_211039-v3,H1,Catalan’s Constant,90,1
GW190814_211039-v3,H1,Apéry’s Constant (zeta(3)),44,2
GW190814_211039-v3,H1,Golden Ratio Conjugate,43,3
GW190814_211039-v3,H1,Euler–Mascheroni Constant,27,4
GW190814_211039-v3,H1,Golden Ratio,26,5
GW190814_211039-v3,H1,Plastic Constant,13,6
GW190814_211039-v3,H1,Absolute Zero (K),9,7
GW190814_211039-v3,H1,Reduced Planck Constant (J·s),9,8
GW190814_211039-v3,H1,Planck Length (m),9,9
GW190814_211039-v3,H1,Planck Mass (kg),9,10
GW190814_211039-v3,H1,Neutron Mass (kg),9,11
GW190814_211039-v3,H1,Muon Mass (kg),9,12
GW190814_211039-v3,H1,Planck Time (s),9,13
GW190814_211039-v3,H1,Gravitational Constant (m^3 kg^-1 s^-2),9,14
GW190814_211039-v3,H1,Proton Mass (kg),9,15
GW190814_211039-v3,H1,Planck Charge (C),9,16
GW190814_211039-v3,H1,Planck Constant (J·s),9,17
GW190814_211039-v3,H1,Elementary Charge (C),9,18
GW190814_211039-v3,H1,Electron Mass (kg),9,19
GW190814_211039-v3,H1,Critical Density (kg/m^3),9,20
GW190814_211039-v3,H1,Boltzmann Constant (J/K),9,21
GW190814_211039-v3,H1,Baryon-to-Photon Ratio,9,22
GW190814_211039-v3,H1,Tau Mass (kg),9,23
GW190814_211039-v3,H1,Fine-Structure Constant,8,24
GW190814_211039-v3,H1,Square Root of 3,3,25
GW190814_211039-v3,H1,Square Root of 2,1,26
GW190814_211039-v3,H1,Solar Radius (m),0,27
GW190814_211039-v3,H1,Speed of Light (m/s),0,28
GW190814_211039-v3,H1,Planck Temperature (K),0,29
GW190814_211039-v3,H1,Square Root of 5,0,30
GW190814_211039-v3,H1,Solar Mass (kg),0,31
GW190814_211039-v3,H1,Hubble Constant (km/s/Mpc),0,32
GW190814_211039-v3,H1,Pi,0,33
GW190814_211039-v3,H1,Phi Squared,0,34
GW190814_211039-v3,H1,Parsec (m),0,35
GW190814_211039-v3,H1,Khinchin’s Constant,0,36
GW190814_211039-v3,H1,Gas Constant R (J/(mol·K)),0,37
GW190814_211039-v3,H1,Feigenbaum Delta,0,38
GW190814_211039-v3,H1,Feigenbaum Alpha,0,39
GW190814_211039-v3,H1,Euler’s Number,0,40
GW190814_211039-v3,H1,Earth Radius (m),0,41
GW190814_211039-v3,H1,Earth Mass (kg),0,42
GW190814_211039-v3,H1,Coulomb Constant (N m^2 C^-2),0,43
GW190814_211039-v3,H1,Cosmic Microwave Background Temp (K),0,44
GW190814_211039-v3,H1,Avogadro Constant (1/mol),0,45
GW190814_211039-v3,H1,Astronomical Unit (m),0,46
GW190814_211039-v3,H1,Two Pi,0,47
